device_folder,source_file,capture_index,date,timeEpoch,dt_seconds,sample_rate_hz,gateSignalVoltage_mean,gateSignalVoltage_standard_deviation,gateSignalVoltage_rms,gateSignalVoltage_minimum,gateSignalVoltage_maximum,gateSignalVoltage_absolute_peak,gateSignalVoltage_peak_to_peak,gateSignalVoltage_skewness,gateSignalVoltage_excess_kurtosis,gateSignalVoltage_crest_factor,gateEmitterVoltage_mean,gateEmitterVoltage_standard_deviation,gateEmitterVoltage_rms,gateEmitterVoltage_minimum,gateEmitterVoltage_maximum,gateEmitterVoltage_absolute_peak,gateEmitterVoltage_peak_to_peak,gateEmitterVoltage_skewness,gateEmitterVoltage_excess_kurtosis,gateEmitterVoltage_crest_factor,collectorEmitterVoltage_mean,collectorEmitterVoltage_standard_deviation,collectorEmitterVoltage_rms,collectorEmitterVoltage_minimum,collectorEmitterVoltage_maximum,collectorEmitterVoltage_absolute_peak,collectorEmitterVoltage_peak_to_peak,collectorEmitterVoltage_skewness,collectorEmitterVoltage_excess_kurtosis,collectorEmitterVoltage_crest_factor,collectorEmitterCurrentSignal_mean,collectorEmitterCurrentSignal_standard_deviation,collectorEmitterCurrentSignal_rms,collectorEmitterCurrentSignal_minimum,collectorEmitterCurrentSignal_maximum,collectorEmitterCurrentSignal_absolute_peak,collectorEmitterCurrentSignal_peak_to_peak,collectorEmitterCurrentSignal_skewness,collectorEmitterCurrentSignal_excess_kurtosis,collectorEmitterCurrentSignal_crest_factor,sample_count,duration_seconds,nyquist_hz
Device 2,Device 2/Device2  1.mat,0,12/24/2008 9:59:47 AM.786743640,3312986387.0,8e-09,124999999.99999999,4.714119989374105,5.897950876540076,7.55041401621768,-3.9374991871999994,11.9374991872,11.9374991872,15.8749983744,0.4080703350068795,-1.8332671013537576,1.5810390213780616,4.7948004811124205,5.843036629546728,7.558517626353776,-0.21874956799999978,11.9374991872,11.9374991872,12.1562487552,0.36884961362667446,-1.8326123575889393,1.5793439636335997,1.8882679311651842,0.6904798297915237,2.010551709162382,0.9985350640000001,2.5952148496,2.5952148496,1.5966797856,-0.3623225293313462,-1.8586505928839727,1.290797365605282,2.8605300959925195,3.1507654049963425,4.255579286936238,-2.263305861984,9.360308574464,9.360308574464,11.623614436448,0.362812270913102,-1.856682906404034,2.199538051893015,125000,0.0009999920000000001,62499999.99999999
Device 2,Device 2/Device2  1.mat,1,12/24/2008 10:00:10 AM.760743618,3312986410.0,1.6e-08,62499999.99999999,4.625021447200764,8.007073293146867,9.246839790376647,-14.43749222400001,24.62501017599999,24.62501017599999,39.0625024,0.3979856468529861,-1.7925931090366136,2.663073085966914,6.234439145529345,7.843320349990711,10.019276699038064,-0.8600001279999998,16.63999808,16.63999808,17.499998208,0.40644076762160747,-1.7929380550270217,1.6607983370294168,1.9879730876571649,0.5757219553646081,2.0696600607679536,1.2190001663999999,2.5940000255999998,2.5940000255999998,1.3749998592,-0.3606719953494378,-1.8581027671993033,1.2533459357753118,2.4817600393708417,2.587896080517161,3.5855737360391915,-2.5297578810368,8.0249302674432,8.0249302674432,10.55468814848,0.3597986256458728,-1.8503459938333349,2.2381160891444805,125000,0.0019999840000000002,31249999.999999996
Device 2,Device 2/Device2  1.mat,2,12/24/2008 10:00:33 AM.631743907,3312986433.0,1.6e-08,62499999.99999999,4.569633943797755,7.992332021764714,9.206461075051273,-12.874992128000002,24.62501017599999,24.62501017599999,37.50000230399999,0.39704664678700835,-1.7919327316279305,2.674753086474419,6.204956648548354,7.8455533551463,10.002709355910115,-0.8600001279999998,16.63999808,16.63999808,17.499998208,0.4062725896229322,-1.7931913355498212,1.6635490933432187,2.02374383399424,0.5317009496655618,2.0924256272338493,1.3440001536,2.6252500224,2.6252500224,1.2812498688,-0.35964209861985746,-1.8578378270317173,1.2546443650045214,2.296232264222016,2.3885309707745503,3.3132707117896936,-1.8964765921279998,8.0249302674432,8.0249302674432,9.9214068595712,0.3600722646308632,-1.8464984544808578,2.42205692365791,125000,0.0019999840000000002,31249999.999999996
Device 2,Device 2/Device2  1.mat,3,12/24/2008 10:00:49 AM.531743526,3312986449.0,1.6e-08,62499999.99999999,4.68667145098854,7.985704421250631,9.259393305886347,-11.312492031999994,24.62501017599999,24.62501017599999,35.937502207999984,0.39777854996622647,-1.7921973656476886,2.659462597872959,6.231101645871106,7.847842482325322,10.020741457026404,-0.8600001279999998,16.63999808,16.63999808,17.499998208,0.4063014686617022,-1.7929846600628305,1.6605555737926228,2.040927832234598,0.513042084834738,2.104423578370427,1.3440001536,2.6252500224,2.6252500224,1.2812498688,-0.3591635314454925,-1.8572139676226826,1.2474912604965576,2.217166673114226,2.3072643526144136,3.199890130803496,-2.951945406975999,7.391648978534399,7.391648978534399,10.343594385510398,0.3580578269382969,-1.8480621415935499,2.309969616575038,125000,0.0019999840000000002,31249999.999999996
Device 2,Device 2/Device2  1.mat,4,12/24/2008 10:01:16 AM.608743667,3312986476.0,1.6e-08,62499999.99999999,4.611658946379771,7.987564158107801,9.223262948523857,-14.43749222400001,23.06251007999998,23.06251007999998,37.50000230399999,0.39772086159578,-1.792185679810147,2.5004719272034888,6.223981646600193,7.837212643327748,10.007989286262868,-0.8600001279999998,16.63999808,16.63999808,17.499998208,0.40645285868427844,-1.7922678895532222,1.662671452180743,2.0402078323083264,0.5130056386183617,2.103716422017586,1.3752501503999999,2.5940000255999998,2.5940000255999998,1.2187498751999999,-0.358334442810436,-1.857599289184736,1.2330559377923205,2.229096003847164,2.3096346763951274,3.209872479207581,-1.8964765921279998,7.6027427415040005,7.6027427415040005,9.499219333632,0.357074283321836,-1.849065399534036,2.3685497759652074,125000,0.0019999840000000002,31249999.999999996
Device 2,Device 2/Device2  1.mat,5,12/24/2008 10:01:41 AM.590743541,3312986501.0,1.6e-08,62499999.99999999,4.632958947688444,7.989906676832184,9.235957845045306,-11.312492031999994,24.62501017599999,24.62501017599999,35.937502207999984,0.39822076946307317,-1.7924074834042858,2.6662107589858963,6.23077914590413,7.837761150234913,10.012647432780478,-0.8600001279999998,16.63999808,16.63999808,17.499998208,0.4064771646004907,-1.7922613702838521,1.6618979337594764,2.037708332564275,0.5135680232968133,2.101429837790183,1.3440001536,2.6252500224,2.6252500224,1.2812498688,-0.35857091320313544,-1.8574979561193636,1.2492684624487176,2.2392386369703274,2.31096193905321,3.217877368243436,-2.5297578810368,7.6027427415040005,7.6027427415040005,10.1325006225408,0.3572841466648042,-1.8487070832639938,2.362657699927875,125000,0.0019999840000000002,31249999.999999996
Device 2,Device 2/Device2  1.mat,6,12/24/2008 10:02:04 AM.199743747,3312986524.0,1.6e-08,62499999.99999999,4.5159839405015,8.015876114464279,9.200455468796443,-12.874992128000002,24.62501017599999,24.62501017599999,37.50000230399999,0.3976553459370918,-1.7930046354784797,2.67649903415285,6.234726645499904,7.841142906341302,10.01775116589412,-0.8600001279999998,16.63999808,16.63999808,17.499998208,0.4062817091293534,-1.7922137854584272,1.6610512483731494,2.0338843329558527,0.5183281290765839,2.0988924529940323,1.3440001536,2.5940000255999998,2.5940000255999998,1.2499998719999998,-0.3585656692117688,-1.8575825511369322,1.2358899198954694,2.2388029394435582,2.329028589816442,3.230574681669421,-2.7408516440064012,7.813836504473598,7.813836504473598,10.55468814848,0.3572940603563871,-1.8488049752876783,2.4187140909665477,125000,0.0019999840000000002,31249999.999999996
Device 2,Device 2/Device2  1.mat,7,12/24/2008 10:02:26 AM.891743659,3312986546.0,1.6e-08,62499999.99999999,4.856758961438717,8.003876685515774,9.362165860870991,-14.43749222400001,24.62501017599999,24.62501017599999,39.0625024,0.39866632141934766,-1.793022802283024,2.630268523538959,6.213156647708673,7.834864485252637,9.999420834790358,-0.8600001279999998,16.63999808,16.63999808,17.499998208,0.4059000170000864,-1.7920184477895964,1.6640961866616812,2.457385539589325,0.5922991882631152,2.5277582990863388,1.6877501183999999,3.1252499711999997,3.1252499711999997,1.4374998527999998,-0.35735428540399,-1.8580352453945388,1.2363721532749492,2.539668969178766,2.700105640804755,3.7068165512357356,-1.6853828291584017,8.447117793382398,8.447117793382398,10.1325006225408,0.3583668124988265,-1.8490009310644453,2.2788065383398584,125000,0.0019999840000000002,31249999.999999996
Device 2,Device 2/Device2  1.mat,8,12/24/2008 10:02:49 AM.560743808,3312986569.0,1.6e-08,62499999.99999999,4.710583952457724,7.998883052901724,9.282873007164895,-14.43749222400001,24.62501017599999,24.62501017599999,39.0625024,0.3981423396418036,-1.7917859825879423,2.652735867117154,6.231834145796098,7.900492238595782,10.06248152459533,-0.8600001279999998,16.63999808,16.63999808,17.499998208,0.40677831470719733,-1.803193699771927,1.6536674417068498,2.5047867847354364,0.537842339439296,2.5618804068650083,1.7815001088,3.1252499711999997,3.1252499711999997,1.3437498623999997,-0.36969032693247944,-1.8514591451264961,1.2199047085981625,2.319035456873044,2.4662268836626406,3.3852917883004863,-2.107570355097601,7.6027427415040005,7.6027427415040005,9.710313096601602,0.37111196441884725,-1.8410912232468561,2.2458160823179134,125000,0.0019999840000000002,31249999.999999996
Device 2,Device 2/Device2  1.mat,9,12/24/2008 10:03:12 AM.350743770,3312986592.0,1.6e-08,62499999.99999999,4.620708946935804,8.00812704477806,9.245596245651134,-14.43749222400001,24.62501017599999,24.62501017599999,39.0625024,0.3977911491087617,-1.79179877908752,2.663431272762197,6.194359149633538,7.904136575739393,10.042184039470197,-0.8600001279999998,16.63999808,16.63999808,17.499998208,0.40653942929636655,-1.8036326675780228,1.6570098710198395,2.528010532357325,0.5103686211153958,2.57901403275143,1.8440001024,3.1252499711999997,3.1252499711999997,1.2812498687999998,-0.36995967831528337,-1.8495802797393632,1.2118002971336361,2.2379940281438584,2.348387114105552,3.244000509818791,-1.8964765921279998,8.0249302674432,8.0249302674432,9.9214068595712,0.3692489688273133,-1.842611267423846,2.4737758958895695,125000,0.0019999840000000002,31249999.999999996
Device 2,Device 2/Device2  1.mat,10,12/24/2008 10:03:35 AM.372743606,3312986615.0,1.6e-08,62499999.99999999,4.492846439079931,8.009396699355609,9.183469094672326,-14.43749222400001,24.62501017599999,24.62501017599999,39.0625024,0.39676310017247096,-1.7929949375613643,2.681449670287003,6.23423664555008,7.903530822951605,10.066355150801385,-0.8600001279999998,16.63999808,16.63999808,17.499998208,0.4064273932575099,-1.8033004277627813,1.6530310952396,2.9715564869382143,0.5661858202310833,3.025014766591285,2.219000064,3.5939999231999997,3.5939999231999997,1.3749998592,-0.36838307115403857,-1.8510623693889787,1.188093348466484,2.4246059808592966,2.5786653691294914,3.5395238731171745,-1.6853828291584017,8.447117793382398,8.447117793382398,10.1325006225408,0.36809688841274474,-1.845820004982918,2.386512450880356,125000,0.0019999840000000002,31249999.999999996
Device 2,Device 2/Device2  1.mat,11,12/24/2008 10:03:57 AM.896743774,3312986637.0,1.6e-08,62499999.99999999,4.511596440231931,8.039302932492067,9.218725187350415,-14.43749222400001,24.62501017599999,24.62501017599999,39.0625024,0.3971336913883126,-1.7929306796286926,2.671194734147135,6.213469147676673,7.905104165095389,10.054743691916682,-0.8600001279999998,16.63999808,16.63999808,17.499998208,0.40638869369762926,-1.803241768336844,1.65494005514804,2.9770734863732735,0.5627959254734711,3.02980293038941,2.219000064,3.5939999231999997,3.5939999231999997,1.3749998592,-0.3680904999549788,-1.851039409972489,1.186215739364301,2.4225440169826085,2.5577617234829226,3.522905696769723,-2.107570355097601,8.0249302674432,8.0249302674432,10.1325006225408,0.36784221331700967,-1.8459437581586273,2.277929345313314,125000,0.0019999840000000002,31249999.999999996
Device 2,Device 2/Device2  1.mat,12,12/24/2008 10:04:20 AM.383743762,3312986660.0,1.6e-08,62499999.99999999,4.576946444247035,8.011570163015945,9.22679225031283,-11.312492031999994,23.06251007999998,23.06251007999998,34.375002111999976,0.39751529316791767,-1.7923698627467106,2.4995154821241434,6.229009146085377,7.905155618907312,10.064394681308812,-0.8600001279999998,16.63999808,16.63999808,17.499998208,0.40649631384035617,-1.8034528615897858,1.653353093445663,2.974986236587008,0.5629334287671385,3.0277775930714688,2.219000064,3.5627499264,3.5627499264,1.3437498624000002,-0.368774135054629,-1.8508357833970344,1.176688120868825,2.4141728827182867,2.5728001724556857,3.5281059274120903,-2.5297578810368,7.6027427415040005,7.6027427415040005,10.1325006225408,0.36832671784188326,-1.8459532502040916,2.154907731775703,125000,0.0019999840000000002,31249999.999999996
Device 2,Device 2/Device2  1.mat,13,12/24/2008 10:04:43 AM.015743732,3312986683.0,1.6e-08,62499999.99999999,4.650371448758268,8.006934090387025,9.259424827667644,-12.874992128000002,24.62501017599999,24.62501017599999,37.50000230399999,0.3980969978557335,-1.7923300138536729,2.659453544287025,6.238866645075969,7.898188544564172,10.065030516621706,-0.8600001279999998,16.63999808,16.63999808,17.499998208,0.4064002538764806,-1.8033955769841084,1.6532486466404834,2.973761986712371,0.5687101971718652,3.0276544786323902,2.219000064,3.5939999231999997,3.5939999231999997,1.3749998592,-0.36828347230507663,-1.850908790900359,1.187057489077628,2.4391089667503594,2.5779816488297813,3.548977589867978,-2.7408516440064012,8.447117793382398,8.447117793382398,11.1879694373888,0.368059074524801,-1.8456698825343734,2.380155292470199,125000,0.0019999840000000002,31249999.999999996
Device 2,Device 2/Device2  1.mat,14,12/24/2008 10:05:05 AM.615743637,3312986705.0,1.6e-08,62499999.99999999,4.554933942894587,8.009912542637103,9.214451810326452,-12.874992128000002,26.187510271999997,26.187510271999997,39.0625024,0.3966803031052966,-1.7920313185413983,2.842004148597552,6.225254146469889,7.903114815901641,10.06046783114307,-0.8600001279999998,16.63999808,16.63999808,17.499998208,0.4062475695820472,-1.8034244004053923,1.6539984381729658,3.4360189393772544,0.6255063961577834,3.4924897141428333,2.6252500224,4.0627498752,4.0627498752,1.4374998527999998,-0.36831050405200527,-1.8527738893728676,1.1632818441090602,2.6503141872268072,2.832309951203515,3.8789360591149418,-2.5297578810368,8.658211556351999,8.658211556351999,11.187969437388798,0.3698271073163455,-1.843215147205417,2.2321098941567876,125000,0.0019999840000000002,31249999.999999996
Device 2,Device 2/Device2  1.mat,15,12/24/2008 10:05:28 AM.324743747,3312986728.0,1.6e-08,62499999.99999999,4.653883948974077,8.01419604134623,9.267468586385828,-12.874992128000002,24.62501017599999,24.62501017599999,37.50000230399999,0.397826494051006,-1.7919215355719045,2.6571452545493193,6.214979147522049,7.897642839047378,10.049812347367,-0.8600001279999998,16.63999808,16.63999808,17.499998208,0.40644088416909996,-1.8029200989265213,1.6557521180342831,3.4867469341827073,0.5611567111780045,3.531614508625286,2.7502500095999998,4.0939998719999995,4.0939998719999995,1.3437498623999997,-0.3663309013370374,-1.8529188518617261,1.1592431342665503,2.3647397896811175,2.513334245770695,3.450919196948089,-2.5297578810368,8.0249302674432,8.0249302674432,10.55468814848,0.3667521267534694,-1.844418865328861,2.32544716623335,125000,0.0019999840000000002,31249999.999999996
Device 2,Device 2/Device2  1.mat,16,12/24/2008 10:05:50 AM.953743934,3312986750.0,1.6e-08,62499999.99999999,4.647321448570875,7.9895413957788595,9.242854989731848,-12.874992128000002,24.62501017599999,24.62501017599999,37.50000230399999,0.39810774334782273,-1.7921269533788338,2.664221196086774,6.240371644921858,7.900201831932568,10.067543258015602,-0.8600001279999998,16.63999808,16.63999808,17.499998208,0.40649441898010374,-1.8026885759288558,1.6528360150577477,3.4803316848396286,0.5712977698071027,3.526909380503732,2.7190000128,4.0939998719999995,4.0939998719999995,1.3749998591999995,-0.36647082935946756,-1.8529523148637488,1.1607896405365745,2.4277774535541514,2.555590046331577,3.5249317509556,-1.6853828291584017,8.2360240304128,8.2360240304128,9.921406859571201,0.3653397167223822,-1.8468866768991001,2.336505955946533,125000,0.0019999840000000002,31249999.999999996
Device 2,Device 2/Device2  1.mat,17,12/24/2008 10:06:13 AM.491743564,3312986773.0,1.6e-08,62499999.99999999,4.661958949470203,7.976124157599823,9.23863722764309,-12.874992128000002,24.62501017599999,24.62501017599999,37.50000230399999,0.39742574003811143,-1.7917286315225383,2.6654375065533538,6.207884148248578,7.900058728105444,10.047325689236462,-0.8600001279999998,16.63999808,16.63999808,17.499998208,0.4061941301443196,-1.8030711851467591,1.6561619076234546,3.469595685938995,0.5821562067963452,3.518096086379392,2.7190000128,4.0627498752,4.0627498752,1.3437498623999997,-0.366724588619097,-1.8530264859953587,1.1548149270081853,2.4655463496246726,2.6001972494233043,3.5832868344658184,-2.5297578810368,8.447117793382398,8.447117793382398,10.976875674419198,0.3662952588290344,-1.845860421377191,2.357365788340988,125000,0.0019999840000000002,31249999.999999996
Device 2,Device 2/Device2  1.mat,18,12/24/2008 10:06:36 AM.112743854,3312986796.0,1.6e-08,62499999.99999999,4.732658953814012,7.982243806220649,9.279777850523354,-12.874992128000002,24.62501017599999,24.62501017599999,37.50000230399999,0.3980438910011736,-1.7918289722587906,2.653620654788757,6.227696646219777,7.906463392519486,10.064609723908214,-0.8600001279999998,16.63999808,16.63999808,17.499998208,0.40616553519962706,-1.8030666760128684,1.6533177675506012,3.456883937240678,0.5961430106407654,3.50791006793054,2.6565000191999997,4.0627498752,4.0627498752,1.406249856,-0.36719944654328307,-1.8526670001093806,1.1581681960269814,2.519684300450909,2.669772280008685,3.6710343230541387,-2.7408516440064012,8.2360240304128,8.2360240304128,10.976875674419201,0.36719560526342193,-1.8449350017375596,2.2435159428203852,125000,0.0019999840000000002,31249999.999999996
Device 2,Device 2/Device2  1.mat,19,12/24/2008 10:06:49 AM.758743762,3312986809.0,1.6e-08,62499999.99999999,4.6613214494310355,8.018131177749634,9.274607551725659,-11.312492031999994,24.62501017599999,24.62501017599999,35.937502207999984,0.39791297000614956,-1.7926138132842933,2.655099963924424,6.198984149159937,7.904386391365712,10.045234128956059,-0.8600001279999998,16.63999808,16.63999808,17.499998208,0.4063137265167931,-1.803002481988067,1.656506744032386,3.492941933548339,0.5562630743542226,3.5369580092263493,2.7502500095999998,4.0314998784,4.0314998784,1.2812498688000002,-0.3663305650449091,-1.852819920757158,1.1398212440983497,2.3618655370045234,2.494825627448191,3.435485951981456,-2.7408516440064012,8.0249302674432,8.0249302674432,10.7657819114496,0.36687842046165575,-1.8433880989575062,2.335893780271385,125000,0.0019999840000000002,31249999.999999996
Device 2,Device 2/Device2  1.mat,20,12/24/2008 10:07:21 AM.574743747,3312986841.0,1.6e-08,62499999.99999999,4.634271447769084,7.981287451120632,9.22916145860627,-12.874992128000002,24.62501017599999,24.62501017599999,37.50000230399999,0.39793887638166814,-1.7922888485277604,2.6681741658162195,6.237514145214465,7.904955974871921,10.069504043219498,-0.8600001279999998,16.63999808,16.63999808,17.499998208,0.4063801094882941,-1.802970583206382,1.6525141663957996,3.49674768315863,0.5494212513961759,3.5396480151507985,2.7815000064,4.0627498752,4.0627498752,1.2812498687999998,-0.366152928586935,-1.8524810541189132,1.147783581251628,2.333021685232357,2.4609405399479853,3.3910497673912,-2.3186641180671987,8.447117793382398,8.447117793382398,10.765781911449597,0.36736974200696826,-1.8418085268660578,2.491003781369133,125000,0.0019999840000000002,31249999.999999996
Device 2,Device 2/Device2  1.mat,21,12/24/2008 10:07:44 AM.546743869,3312986864.0,1.6e-08,62499999.99999999,4.460033937063931,8.045728813560505,9.19922033985053,-12.874992128000002,24.62501017599999,24.62501017599999,37.50000230399999,0.3968188966443028,-1.7927178198765357,2.6768583930233483,6.198299149230081,7.899466213305633,10.040940135191702,-0.8600001279999998,16.63999808,16.63999808,17.499998208,0.4063794078303942,-1.8031717374820413,1.6572151467848892,3.5173571810482174,0.5264231864008954,3.556532427836408,2.8127500031999997,4.0939998719999995,4.0939998719999995,1.2812498687999998,-0.3657804999931792,-1.852531492068521,1.151121198827521,2.2384955869246745,2.3490716497699977,3.2448420775801066,-1.6853828291584017,7.813836504473598,7.813836504473598,9.499219333632,0.36564497963673415,-1.8436332309911483,2.408079135333727,125000,0.0019999840000000002,31249999.999999996
Device 2,Device 2/Device2  1.mat,22,12/24/2008 10:08:07 AM.237743854,3312986887.0,1.6e-08,62499999.99999999,4.645308948447227,8.004815084297011,9.255050500149247,-12.874992128000002,24.62501017599999,24.62501017599999,37.50000230399999,0.3979996423012429,-1.7919902305188045,2.6607105142865386,6.215656647452673,7.899066076625494,10.05134978208988,-0.8600001279999998,16.63999808,16.63999808,17.499998208,0.4063340330207256,-1.8032926215990688,1.6554988574420308,3.5251916802459644,0.5181947957094278,3.5630748278384083,2.8127500031999997,4.0939998719999995,4.0939998719999995,1.2812498687999998,-0.3653986113335955,-1.852709753617575,1.1490075482034388,2.2238693222760366,2.312641434491272,3.2084116268157254,-1.8964765921279998,7.813836504473598,7.813836504473598,9.710313096601599,0.3649581957126988,-1.8439532966735723,2.435422075885148,125000,0.0019999840000000002,31249999.999999996
Device 2,Device 2/Device2  1.mat,23,12/24/2008 10:08:29 AM.885743618,3312986909.0,1.6e-08,62499999.99999999,4.562996443389948,8.020913718934072,9.228000510889348,-11.312492031999994,24.62501017599999,24.62501017599999,35.937502207999984,0.3974066900653373,-1.7927136539017055,2.668509840993361,6.208434148192256,7.904724246702953,10.051334239236763,-0.8600001279999998,16.63999808,16.63999808,17.499998208,0.4065209402410961,-1.8032456389351097,1.655501417418146,3.5294741798074365,0.5136100996856902,3.5666487520397236,2.844,4.0627498752,4.0627498752,1.2187498751999999,-0.36547254353774744,-1.8528519209672853,1.1390944714913578,2.196253191829302,2.2872051840609458,3.1709360820766572,-2.5297578810368,7.6027427415040005,7.6027427415040005,10.1325006225408,0.36473420317014377,-1.8435620354344864,2.3976335519588705,125000,0.0019999840000000002,31249999.999999996
Device 2,Device 2/Device2  1.mat,24,12/24/2008 10:08:52 AM.872743606,3312986932.0,1.6e-08,62499999.99999999,4.748871454810108,7.9873169667133475,9.292416931081881,-11.312492031999994,24.62501017599999,24.62501017599999,35.937502207999984,0.3978973588084274,-1.7920651786515418,2.650011332749465,6.239471645014017,7.905112472626516,10.070839568467429,-0.8600001279999998,16.63999808,16.63999808,17.499998208,0.40635940707026064,-1.803338669972833,1.6522950213705232,3.9807901335926785,0.5376630576983361,4.016935604577492,3.2814999551999997,4.562749824,4.562749824,1.2812498688000002,-0.3644313769734933,-1.8515048728558883,1.1358782597362342,2.3390251918512126,2.452277116987904,3.388908660117164,-2.7408516440064012,7.391648978534399,7.391648978534399,10.1325006225408,0.36595903727452767,-1.8425652198093476,2.181129596534729,125000,0.0019999840000000002,31249999.999999996
Device 2,Device 2/Device2  1.mat,25,12/24/2008 10:09:15 AM.546743869,3312986955.0,1.6e-08,62499999.99999999,4.800571457986556,7.986068564337307,9.317874083584286,-12.874992128000002,24.62501017599999,24.62501017599999,37.50000230399999,0.39834787455089005,-1.7919908668175637,2.642771296875858,6.262314142674946,7.908834003385306,10.08792514418353,-0.8600001279999998,16.63999808,16.63999808,17.499998208,0.4061938689393449,-1.803635131011739,1.6494965854890635,3.973542384334848,0.5492203771413161,4.011319247177008,3.2502499584,4.5939998208,4.5939998208,1.3437498623999997,-0.364556284428862,-1.8519217820267817,1.1452590875266426,2.35713028171359,2.5017202323031262,3.437247050429456,-2.7408516440064012,8.0249302674432,8.0249302674432,10.7657819114496,0.3661495292418727,-1.8439087584219152,2.3346969681566967,125000,0.0019999840000000002,31249999.999999996
Device 2,Device 2/Device2  1.mat,26,12/24/2008 10:09:38 AM.194743633,3312986978.0,1.6e-08,62499999.99999999,4.808358958465021,7.998442232007235,9.33249130790957,-12.874992128000002,24.62501017599999,24.62501017599999,37.50000230399999,0.39797048395717194,-1.7924144338337908,2.6386319969170016,6.217826647230465,7.902096770676635,10.05507342529866,-0.8600001279999998,16.63999808,16.63999808,17.499998208,0.40621572001511264,-1.8035007741884315,1.654885785133464,3.9578276359440387,0.5718672647924858,3.998928827121535,3.1877499648,4.562749824,4.562749824,1.3749998592,-0.365552790149312,-1.8512622809435373,1.1409930061906874,2.4402269193190467,2.5871709703568784,3.5564253187191595,-2.3186641180671987,8.658211556351999,8.658211556351999,10.976875674419198,0.365526738701495,-1.846351793099318,2.4345264641941755,125000,0.0019999840000000002,31249999.999999996
Device 2,Device 2/Device2  1.mat,27,12/24/2008 10:09:56 AM.375743865,3312986996.0,1.6e-08,62499999.99999999,4.775146456424445,7.983705192118428,9.302772289751141,-12.874992128000002,23.06251007999998,23.06251007999998,35.937502207999984,0.3977242727935975,-1.7921082133839705,2.4791007843337125,6.2218066468229125,7.900692111637064,10.056431464159338,-0.8600001279999998,16.63999808,16.63999808,17.499998208,0.40623521476475066,-1.8036143551441297,1.654662306336417,3.9910891325380606,0.5277415029470932,4.025829549024184,3.312749952,4.562749824,4.562749824,1.249999872,-0.36425066524517,-1.8512133566430118,1.1333688544031775,2.2741484791151882,2.392413148561904,3.300816865334066,-1.8964765921279998,7.813836504473598,7.813836504473598,9.710313096601599,0.3654349874030789,-1.8429525916852076,2.3672432683364826,125000,0.0019999840000000002,31249999.999999996
Device 2,Device 2/Device2  1.mat,28,12/24/2008 10:10:23 AM.548743724,3312987023.0,1.6e-08,62499999.99999999,4.82717145962086,7.985283918105645,9.330934763105722,-14.43749222400001,26.187510271999997,26.187510271999997,40.62500249600001,0.3982533950025739,-1.7918648405682316,2.806525920162334,6.237314145234945,7.908151695106377,10.071889146488944,-0.8600001279999998,16.63999808,16.63999808,17.499998208,0.40633901881617035,-1.8035110050355143,1.652122837928642,3.990214882627584,0.529532096617573,4.025198013873463,3.2814999551999997,4.531499827199999,4.531499827199999,1.2499998719999996,-0.36433844718064223,-1.8512657399504824,1.1257830823679953,2.2874288099311313,2.3958046436188134,3.312432708884578,-2.5297578810368,7.813836504473598,7.813836504473598,10.343594385510398,0.3655844572794084,-1.842477288928072,2.358941959338644,125000,0.0019999840000000002,31249999.999999996
Device 2,Device 2/Device2  1.mat,29,12/24/2008 10:10:46 AM.487743854,3312987046.0,1.6e-08,62499999.99999999,4.843208960606204,7.983557694851688,9.337765605492667,-14.43749222400001,24.62501017599999,24.62501017599999,39.0625024,0.3985038692500054,-1.792301355583571,2.6371416050018484,6.205216648521729,7.908814344535853,10.05256474694032,-0.8600001279999998,16.63999808,16.63999808,17.499998208,0.40626969448848743,-1.803465261570752,1.6552987718944747,4.001921381428839,0.5132033700425095,4.034693599538915,3.312749952,4.5939998208,4.5939998208,1.2812498687999998,-0.36393145402787164,-1.8509801035967661,1.1386242120901082,2.2078903687942892,2.311892003259071,3.1968147452343603,-2.5297578810368,7.391648978534399,7.391648978534399,9.9214068595712,0.363691333039099,-1.8442495498914973,2.3121918433195017,125000,0.0019999840000000002,31249999.999999996
Device 2,Device 2/Device2  1.mat,30,12/24/2008 10:11:09 AM.273743629,3312987069.0,1.6e-08,62499999.99999999,4.957633967636477,8.017319713144978,9.426322185234604,-12.874992128000002,24.62501017599999,24.62501017599999,37.50000230399999,0.3979821851950983,-1.7937783179172053,2.6123666995567603,6.226784146313218,7.907416806909458,10.064794154028775,-0.8600001279999998,16.63999808,16.63999808,17.499998208,0.40624292268671425,-1.8038648689193597,1.6532874716905441,3.973819634306458,0.5487871973892494,4.011534603367875,3.2502499584,4.562749824,4.562749824,1.3124998656,-0.3649762030802163,-1.8518319059177988,1.1374075697039616,2.35198803764765,2.509307761295097,3.439254740511882,-2.3186641180671987,7.813836504473598,7.813836504473598,10.132500622540796,0.3664778989227812,-1.844008776356818,2.2719563085666126,125000,0.0019999840000000002,31249999.999999996
Device 2,Device 2/Device2  1.mat,31,12/24/2008 10:11:32 AM.025743961,3312987092.0,1.6e-08,62499999.99999999,4.7942839576002525,7.99014592759934,9.318132356348855,-11.312492031999994,24.62501017599999,24.62501017599999,35.937502207999984,0.39726352288937666,-1.7918227125382489,2.6426980465910512,6.216474147368961,7.906120929254183,10.057400209442681,-0.8600001279999998,16.63999808,16.63999808,17.499998208,0.4064539861082482,-1.8038685688131664,1.6545029265492546,4.001329631489433,0.5123817614194002,4.034002217311068,3.312749952,4.531499827199999,4.531499827199999,1.2187498751999994,-0.3647516126485651,-1.850701260624267,1.1233260625772652,2.2015913309072768,2.3115547506168204,3.19222332449114,-2.3186641180671987,8.0249302674432,8.0249302674432,10.343594385510398,0.36490371029834967,-1.8434804799276965,2.5139000162911294,125000,0.0019999840000000002,31249999.999999996
Device 2,Device 2/Device2  1.mat,32,12/24/2008 10:11:54 AM.855743885,3312987114.0,1.6e-08,62499999.99999999,4.817008958996476,7.983793354821251,9.32440516298709,-14.43749222400001,24.62501017599999,24.62501017599999,39.0625024,0.3987091061389924,-1.7925710720740025,2.6409202244608734,6.224666646530049,7.908964119756828,10.064700110188307,-1.1725000959999998,16.63999808,16.63999808,17.812498176000002,0.4062723496743112,-1.8040394888642437,1.6533029198908415,3.9834781333174267,0.5410915616862532,4.0200594668171465,3.2814999551999997,4.562749824,4.562749824,1.2812498688000002,-0.3656014980021023,-1.851106256393147,1.1349956043343121,2.3030835233929565,2.4524090350358434,3.364298409899091,-1.6853828291584017,7.813836504473598,7.813836504473598,9.499219333632,0.36732113308506825,-1.8417800857861495,2.3225753344240254,125000,0.0019999840000000002,31249999.999999996
Device 2,Device 2/Device2  1.mat,33,12/24/2008 10:12:17 AM.555743694,3312987137.0,1.6e-08,62499999.99999999,4.618221446782972,8.02973264710466,9.263075931649517,-14.43749222400001,23.06251007999998,23.06251007999998,37.50000230399999,0.39680302728767664,-1.7916952894808125,2.4897248225291335,6.239021645060097,7.910407227853412,10.074717544328669,-0.8600001279999998,16.63999808,16.63999808,17.499998208,0.4064383344392166,-1.804157667499095,1.6516590174150447,4.003674381249332,0.5114868954530531,4.036214488266501,3.3439999487999996,4.562749824,4.562749824,1.2187498752000003,-0.3651169731406142,-1.85010782235269,1.1304527639113744,2.209793590161224,2.3087419108578517,3.1958530820532403,-1.6853828291584017,7.6027427415040005,7.6027427415040005,9.288125570662402,0.3649638286353603,-1.8437556148362673,2.3789400032805843,125000,0.0019999840000000002,31249999.999999996
Device 2,Device 2/Device2  1.mat,34,12/24/2008 10:12:40 AM.367743968,3312987160.0,1.6e-08,62499999.99999999,4.5571589430312915,8.040804022126633,9.242414562996938,-14.43749222400001,23.06251007999998,23.06251007999998,37.50000230399999,0.39721230255610923,-1.7919398058972331,2.495290589142514,6.226619146330113,7.905651328368633,10.063305069368685,-0.8600001279999998,16.63999808,16.63999808,17.499998208,0.4062879671777238,-1.8043034988300704,1.6535321114978283,3.989038382748058,0.5344105777891691,4.024676618647788,3.2814999551999997,4.5939998208,4.5939998208,1.3124998656,-0.3653536244118614,-1.8509707485614866,1.1414581234960173,2.332808902719284,2.42178584984596,3.3625948431413013,-2.3186641180671987,7.813836504473598,7.813836504473598,10.132500622540796,0.36728912134395336,-1.8412491989644655,2.3237520037275714,125000,0.0019999840000000002,31249999.999999996
Device 2,Device 2/Device2  1.mat,35,12/24/2008 10:13:03 AM.162743568,3312987183.0,1.6e-08,62499999.99999999,4.814621458849788,8.00511922962307,9.341440663650223,-14.43749222400001,23.06251007999998,23.06251007999998,37.50000230399999,0.3990585319579835,-1.7924714317578492,2.468838684566259,6.228129146175489,7.897298510742147,10.057679475366609,-0.8600001279999998,16.63999808,16.63999808,17.499998208,0.406294784297356,-1.8041483047443194,1.654456986897911,4.004516131163136,0.510434561000852,4.036916259449768,3.312749952,4.5939998208,4.5939998208,1.2812498687999998,-0.3648079709281346,-1.8501784302855415,1.1379973042656482,2.23228098654285,2.3016439323458364,3.2063442101847275,-2.107570355097601,7.6027427415040005,7.6027427415040005,9.710313096601602,0.36430240840669265,-1.8438137424256185,2.3711561339404614,125000,0.0019999840000000002,31249999.999999996
Device 2,Device 2/Device2  1.mat,36,12/24/2008 10:13:26 AM.106743812,3312987206.0,1.6e-08,62499999.99999999,4.822758959349757,7.999577898301222,9.340891313519164,-12.874992128000002,26.187510271999997,26.187510271999997,39.0625024,0.3982566347276906,-1.792512055835882,2.8035344158323046,6.2056766484746255,7.903767124984205,10.048878416589801,-0.8600001279999998,16.63999808,16.63999808,17.499998208,0.40621594111265524,-1.8040811367630056,1.6559060016617229,3.9956101320751105,0.5266773816561221,4.030172377441122,3.312749952,4.562749824,4.562749824,1.249999872,-0.365105687207224,-1.8506330824684596,1.1321475601242217,2.2852047260444834,2.3794211121960416,3.2990613012037673,-1.6853828291584017,7.813836504473598,7.813836504473598,9.499219333632,0.3658036646019531,-1.8427231020175208,2.368502974352878,125000,0.0019999840000000002,31249999.999999996
Device 2,Device 2/Device2  1.mat,37,12/24/2008 10:13:48 AM.839743614,3312987228.0,1.6e-08,62499999.99999999,4.768396456009724,7.97778449833011,9.294226716810941,-14.43749222400001,24.62501017599999,24.62501017599999,39.0625024,0.39858998500947024,-1.792226125538913,2.6494953185787344,6.219354147074049,7.904769307163093,10.058118303449946,-0.8600001279999998,16.63999808,16.63999808,17.499998208,0.40632816152806156,-1.8039599640117534,1.654384804192695,4.0077053808365575,0.5083249177205513,4.039813936502757,3.3439999487999996,4.562749824,4.562749824,1.2187498752000003,-0.36485505199456547,-1.8497327835656374,1.1294455377689858,2.197149918134397,2.2976092387235236,3.1790684133289226,-1.6853828291584017,7.6027427415040005,7.6027427415040005,9.288125570662402,0.3645116369710191,-1.8434874420534897,2.3915001984945903,125000,0.0019999840000000002,31249999.999999996
Device 2,Device 2/Device2  1.mat,38,12/24/2008 10:14:11 AM.739743709,3312987251.0,1.6e-08,62499999.99999999,4.678096450461692,7.996207971154788,9.264120482689203,-11.312492031999994,24.62501017599999,24.62501017599999,35.937502207999984,0.3975710947204292,-1.792112085638623,2.6581055613443194,6.23822914514125,7.9086523580201105,10.072848901244711,-0.8600001279999998,16.63999808,16.63999808,17.499998208,0.40622298481095975,-1.8039989265922804,1.6519654214155621,4.469126333587047,0.5695795972086216,4.505275918644442,3.7189999104,5.031499776,5.031499776,1.3124998656000004,-0.3659375305906516,-1.8513856433506997,1.1168016935828182,2.4364069665843484,2.5493159751489864,3.52634241785601,-2.3186641180671987,8.447117793382398,8.447117793382398,10.765781911449597,0.36423529777670693,-1.847135415510673,2.395433225828983,125000,0.0019999840000000002,31249999.999999996
Device 2,Device 2/Device2  1.mat,39,12/24/2008 10:14:34 AM.374743938,3312987274.0,1.6e-08,62499999.99999999,4.6397714481070045,7.983385876714982,9.233738633251496,-12.874992128000002,24.62501017599999,24.62501017599999,37.50000230399999,0.3978198540608032,-1.7922784450059301,2.6668515488756834,6.240434144915458,7.904697318778295,10.071110068831908,-0.8600001279999998,16.63999808,16.63999808,17.499998208,0.40618027052125194,-1.8039849650643218,1.652250642309779,4.462334334282546,0.5794788222737555,4.49980259749032,3.6877499136,5.031499776,5.031499776,1.3437498624000006,-0.36616025120809853,-1.8514160828630883,1.118160111913848,2.4836615719876716,2.5845418633123884,3.584470874115529,-2.5297578810368,8.447117793382398,8.447117793382398,10.976875674419198,0.36485876386120536,-1.8457972840225845,2.356587091941912,125000,0.0019999840000000002,31249999.999999996
Device 2,Device 2/Device2  1.mat,40,12/24/2008 10:14:57 AM.021743774,3312987297.0,1.6e-08,62499999.99999999,4.898571464007677,7.981154285543819,9.36455157055824,-12.874992128000002,24.62501017599999,24.62501017599999,37.50000230399999,0.3983893368228431,-1.7929097335077342,2.6295984373047823,6.216231647393793,7.906563908195216,10.05759855673487,-0.8600001279999998,16.63999808,16.63999808,17.499998208,0.4059417225014614,-1.8041814339075999,1.6544702978682082,4.441434586422681,0.6070584135460495,4.482729202498033,3.6564999167999996,5.0627497728,5.0627497728,1.4062498560000005,-0.36708725523441893,-1.8512823526623252,1.1293900532690544,2.5502169023268313,2.7067067965783758,3.7188530397902295,-2.3186641180671987,8.869305319321601,8.869305319321601,11.1879694373888,0.3677100045108776,-1.8426504125788614,2.384957196324675,125000,0.0019999840000000002,31249999.999999996
Device 2,Device 2/Device2  1.mat,41,12/24/2008 10:15:19 AM.835743904,3312987319.0,1.6e-08,62499999.99999999,4.766833955913725,7.989042969884855,9.303091611820165,-12.874992128000002,24.62501017599999,24.62501017599999,37.50000230399999,0.39845020040751744,-1.792316595828097,2.6469706204668952,6.216326647384065,7.907872692730727,10.058686172230127,-0.8600001279999998,16.63999808,16.63999808,17.499998208,0.40620851531512,-1.8039564925481022,1.6542914049689177,4.454865585047346,0.5849912163476056,4.493110515449524,3.6877499136,5.031499776,5.031499776,1.3437498624000006,-0.36646312782030593,-1.8512816166268389,1.119825510345056,2.4630132244690373,2.6100151426792015,3.5886784738847943,-1.6853828291584017,8.2360240304128,8.2360240304128,9.921406859571201,0.365299805377663,-1.8460537555802938,2.2950019318663535,125000,0.0019999840000000002,31249999.999999996
Device 2,Device 2/Device2  1.mat,42,12/24/2008 10:15:42 AM.492743968,3312987342.0,1.6e-08,62499999.99999999,4.8301214598021085,7.9768828083110535,9.325273864823986,-12.874992128000002,24.62501017599999,24.62501017599999,37.50000230399999,0.3989220287795171,-1.792731332887955,2.6406742078523164,6.179356651169794,7.904248436639808,10.033025065775487,-1.1725000959999998,16.63999808,16.63999808,17.812498176000002,0.40609544823896315,-1.8039110013135957,1.658522526447395,4.505597079852441,0.522710871943668,4.535816541883386,3.8127499008,5.031499776,5.031499776,1.2187498752000003,-0.3627887857256951,-1.8541056077329787,1.109282028834172,2.2706916076527977,2.353077203392746,3.2700172327055825,-2.5297578810368,7.813836504473598,7.813836504473598,10.343594385510398,0.36354240144621985,-1.8437769045194479,2.3895398551182865,125000,0.0019999840000000002,31249999.999999996
Device 2,Device 2/Device2  1.mat,43,12/24/2008 10:16:05 AM.413743972,3312987365.0,1.6e-08,62499999.99999999,4.619446446858236,8.008459662026409,9.245253465086577,-14.43749222400001,24.62501017599999,24.62501017599999,39.0625024,0.39791122735107665,-1.792458907383358,2.6635300231619325,6.207969148239873,7.898578182314234,10.046214125113424,-0.8600001279999998,16.63999808,16.63999808,17.499998208,0.4062117240224586,-1.8038619021098077,1.656345153783205,4.508460329559244,0.5168844030326614,4.537993392382572,3.8127499008,5.0627497728,5.0627497728,1.249999872,-0.36317894681211577,-1.853402700806217,1.1156362151823047,2.226898939962177,2.317147202692552,3.2137594881618914,-1.6853828291584017,7.6027427415040005,7.6027427415040005,9.288125570662402,0.36289168503803393,-1.8446244413442374,2.3656850394403306,125000,0.0019999840000000002,31249999.999999996
Device 2,Device 2/Device2  1.mat,44,12/24/2008 10:16:28 AM.032743930,3312987388.0,1.6e-08,62499999.99999999,4.675871450324987,7.984442082644513,9.252842222315744,-11.312492031999994,24.62501017599999,24.62501017599999,35.937502207999984,0.39828210194385727,-1.7922908484912428,2.661345517878829,6.17210415191245,7.8938954227080345,10.020401918421523,-0.8600001279999998,16.63999808,16.63999808,17.499998208,0.4062609335929518,-1.8037509745464446,1.6606118412684627,4.51376632901591,0.5071582146394215,4.5421686370756875,3.8439998976,5.031499776,5.031499776,1.1874998784000006,-0.3637834840975445,-1.8507473670014336,1.1077307290905323,2.2100823664289666,2.282312204758396,3.177013230439778,-2.5297578810368,7.6027427415040005,7.6027427415040005,10.1325006225408,0.3626367934018702,-1.8435658545354816,2.39304723967158,125000,0.0019999840000000002,31249999.999999996
Device 2,Device 2/Device2  1.mat,45,12/24/2008 10:16:48 AM.533743858,3312987408.0,1.6e-08,62499999.99999999,4.729246453604348,7.994433476846411,9.288527258648266,-12.874992128000002,24.62501017599999,24.62501017599999,37.50000230399999,0.398506248555887,-1.7926570080898465,2.651121053994043,6.176746651437057,7.883913755897089,10.015402902852298,-0.8600001279999998,16.63999808,16.63999808,17.499998208,0.4064237881908798,-1.8033814517591293,1.6614407070194928,4.539123076419378,0.47500520145880326,4.563909315958835,3.9064998911999997,5.031499776,5.031499776,1.1249998848000007,-0.36038551923460976,-1.854969830686593,1.1024539331678043,2.1079974226568687,2.146182753187075,3.0082808286470946,-1.6853828291584017,7.391648978534399,7.391648978534399,9.077031807692801,0.35971361616805914,-1.8449513768755894,2.4571007161783576,125000,0.0019999840000000002,31249999.999999996
Device 2,Device 2/Device2  1.mat,46,12/24/2008 10:17:13 AM.767743587,3312987433.0,1.6e-08,62499999.99999999,4.851583961120766,7.984364097439625,9.342801345008205,-12.874992128000002,24.62501017599999,24.62501017599999,37.50000230399999,0.3989331463386485,-1.7926835342251373,2.635720194260254,6.190396650039297,7.8471113602229545,9.994907072332282,-0.8600001279999998,16.327498112,16.327498112,17.18749824,0.4064469983885479,-1.8031397865918832,1.6335817825858012,4.552136575086796,0.4349380521921348,4.572867645962175,3.9689998847999997,5.0002497792,5.0002497792,1.0312498944000001,-0.35766735450381054,-1.8523089057552617,1.0934604205339733,2.0489232552773515,1.968353123474267,2.84121462137362,-2.5297578810368,7.180555215564798,7.180555215564798,9.710313096601599,0.35828525186679305,-1.8411436176132174,2.5272836348044945,125000,0.0019999840000000002,31249999.999999996
Device 2,Device 2/Device2  1.mat,47,12/24/2008 10:17:36 AM.576743602,3312987456.0,1.6e-08,62499999.99999999,4.829521459765244,7.987142429877804,9.333741035913057,-12.874992128000002,24.62501017599999,24.62501017599999,37.50000230399999,0.398269605363862,-1.792433931954045,2.6382787010322373,6.1828191508152335,7.842938729360595,9.986938498067964,-0.8600001279999998,16.63999808,16.63999808,17.499998208,0.40660791454521317,-1.8026036401958487,1.6661760842143079,4.559656074316799,0.4382632167847805,4.580670056142511,3.9689998847999997,5.031499776,5.031499776,1.0624998912000008,-0.3580451437080757,-1.853573716086739,1.098420037752543,2.0418693460939594,1.9879594853251474,2.8497742615534305,-2.5297578810368,6.758367689625599,6.758367689625599,9.288125570662398,0.35750785331957885,-1.8422467465792274,2.3715449257870582,125000,0.0019999840000000002,31249999.999999996
Device 2,Device 2/Device2  1.mat,48,12/24/2008 10:17:59 AM.507743835,3312987479.0,1.6e-08,62499999.99999999,4.8643339619041255,7.98465257171838,9.349674945364828,-12.874992128000002,24.62501017599999,24.62501017599999,37.50000230399999,0.39884245246025457,-1.7929143021947411,2.633782491893798,6.182286650869762,7.8471317371396685,9.989902138336847,-0.8600001279999998,16.327498112,16.327498112,17.18749824,0.4064547575421806,-1.803055068048053,1.634400205918159,4.542383076085555,0.4693454571981389,4.566566452828755,3.9064998911999997,5.0627497728,5.0627497728,1.1562498816000004,-0.3598337196529247,-1.855050604090978,1.1086556661545754,2.0892556740053756,2.1184514264846457,2.9753698455382795,-1.8964765921279998,7.180555215564798,7.180555215564798,9.077031807692798,0.3590075439149141,-1.8456496856469435,2.4133319850412582,125000,0.0019999840000000002,31249999.999999996
Device 2,Device 2/Device2  1.mat,49,12/24/2008 10:18:17 AM.710743904,3312987497.0,1.6e-08,62499999.99999999,4.678533950488571,8.014450961677392,9.280091817595657,-12.874992128000002,24.62501017599999,24.62501017599999,37.50000230399999,0.39779863836510604,-1.792282426108317,2.6535308766352257,6.196674149396482,7.838082437680485,9.991711906058633,-0.8600001279999998,16.63999808,16.63999808,17.499998208,0.4063425274593884,-1.8031645334943942,1.6653800906639507,4.5466273256509435,0.461319530162214,4.569971088230749,3.937749888,5.031499776,5.031499776,1.0937498880000005,-0.35942939221996445,-1.8543602184777799,1.1009915990404944,2.060692154750433,2.085865488092832,2.932113059052589,-1.6853828291584017,7.391648978534399,7.391648978534399,9.077031807692801,0.35862125694716585,-1.8444656169785503,2.5209290466182623,125000,0.0019999840000000002,31249999.999999996
Device 2,Device 2/Device2  1.mat,50,12/24/2008 10:18:45 AM.092743873,3312987525.0,1.6e-08,62499999.99999999,4.729883953643515,7.982690336108429,9.278747071514198,-14.43749222400001,24.62501017599999,24.62501017599999,39.0625024,0.3987618623606467,-1.792388025886264,2.653915446364402,6.212784147746818,7.841662056782373,10.004516514018778,-0.8600001279999998,16.63999808,16.63999808,17.499998208,0.40651174410775026,-1.8032030521238036,1.6632485994383925,4.547142575598182,0.46386481327321943,4.57074131490841,3.937749888,5.031499776,5.031499776,1.0937498880000005,-0.36005146870239085,-1.8539773439580087,1.1008060682823444,2.0726451279848237,2.1001426011340993,2.9506705630513084,-1.6853828291584017,7.180555215564798,7.180555215564798,8.8659380447232,0.359020208474224,-1.845251390299573,2.4335333484804003,125000,0.0019999840000000002,31249999.999999996
Device 2,Device 2/Device2  1.mat,51,12/24/2008 10:19:08 AM.025743961,3312987548.0,1.6e-08,62499999.99999999,4.64060894815846,8.002812912335926,9.250960270132987,-12.874992128000002,24.62501017599999,24.62501017599999,37.50000230399999,0.39825637656503493,-1.7926668101009247,2.6618869238367178,6.242231644731393,7.833520052781967,10.016461067853415,-0.8600001279999998,16.63999808,16.63999808,17.499998208,0.40643799909870254,-1.803889114136232,1.6612651881016145,5.012489277946675,0.47744555430929597,5.035176562828765,4.3752498432,5.500249728,5.500249728,1.1249998848000002,-0.3627648824146713,-1.8516719381752795,1.0923648176718468,2.16645350749841,2.151512651088804,3.053281429535662,-2.3186641180671987,6.9694614525952,6.9694614525952,9.288125570662398,0.359499493941501,-1.8436328665218795,2.2826135138335757,125000,0.0019999840000000002,31249999.999999996
Device 2,Device 2/Device2  1.mat,52,12/24/2008 10:19:30 AM.912743568,3312987570.0,1.6e-08,62499999.99999999,4.805721458302973,7.990664185133095,9.32446635761867,-12.874992128000002,24.62501017599999,24.62501017599999,37.50000230399999,0.39918109754844483,-1.7929795649220732,2.640902892622892,6.222846646716418,7.805941361006416,9.98281227510667,-0.8600001279999998,16.327498112,16.327498112,17.18749824,0.4064414676467679,-1.8039548813857675,1.6355609683971077,5.002068279013787,0.49811781838485514,5.02680897079931,4.3439998464,5.5314997248,5.5314997248,1.1874998783999997,-0.3619745218825551,-1.8541750786945381,1.1003998275909097,2.220630299577031,2.2514972437031737,3.162347034372187,-1.6853828291584017,7.6027427415040005,7.6027427415040005,9.288125570662402,0.3611768574687665,-1.8439865032261973,2.404145610481158,125000,0.0019999840000000002,31249999.999999996
Device 2,Device 2/Device2  1.mat,53,12/24/2008 10:19:51 AM.346743583,3312987591.0,1.6e-08,62499999.99999999,4.823633959403517,7.991649041016767,9.3345540316126,-12.874992128000002,24.62501017599999,24.62501017599999,37.50000230399999,0.3981919699187547,-1.7923474360787603,2.638048919381087,6.202271648823298,7.750857633253835,9.926931432057266,-0.8600001279999998,16.327498112,16.327498112,17.18749824,0.4065953187792283,-1.802987865103412,1.6447678946661441,5.021592527014502,0.4639405917017824,5.042978522658658,4.4064998399999995,5.500249728,5.500249728,1.0937498880000005,-0.36039733294311677,-1.8548275824373641,1.0906748270465108,2.140963513432305,2.098466389557337,2.9978802434303815,-1.6853828291584017,7.180555215564798,7.180555215564798,8.8659380447232,0.35806222441778407,-1.8452895626126762,2.395210826483286,125000,0.0019999840000000002,31249999.999999996
Device 2,Device 2/Device2  1.mat,54,12/24/2008 10:20:16 AM.348743915,3312987616.0,1.6e-08,62499999.99999999,4.792871457513469,7.966331857298442,9.296991990362008,-11.312492031999994,24.62501017599999,24.62501017599999,35.937502207999984,0.3987592068974428,-1.792523734205028,2.6487072594585657,6.176269151485954,7.744013414747847,9.905354329825443,-0.8600001279999998,16.327498112,16.327498112,17.18749824,0.40660799536374903,-1.803301420907066,1.648350737220698,5.017942277388289,0.46982416150860923,5.039888832299581,4.3752498432,5.500249728,5.500249728,1.1249998848000002,-0.36168161399948723,-1.8528397926117457,1.0913434623299751,2.145648106220126,2.124761580875216,3.019671765488653,-2.3186641180671987,7.6027427415040005,7.6027427415040005,9.9214068595712,0.35861687010284604,-1.8447086459930937,2.51773812915514,125000,0.0019999840000000002,31249999.999999996
Device 2,Device 2/Device2  1.mat,55,12/24/2008 10:20:39 AM.115743637,3312987639.0,1.6e-08,62499999.99999999,4.790183957348349,7.991958755861574,9.317578392513258,-12.874992128000002,24.62501017599999,24.62501017599999,37.50000230399999,0.39801723784596793,-1.792172011483092,2.6428551645764915,6.148139154366465,7.749117220200006,9.891836672421066,-0.8600001279999998,16.327498112,16.327498112,17.18749824,0.40642406128655256,-1.8034408164963431,1.650603285588194,5.009473778255463,0.48117050814410983,5.032529442828598,4.3752498432,5.500249728,5.500249728,1.1249998848000002,-0.3625021129646247,-1.8522311521839554,1.0929394036308933,2.130447666536211,2.161581662367899,3.035002890103197,-2.7408516440064012,6.9694614525952,6.9694614525952,9.710313096601602,0.35930424919565845,-1.8444335449543996,2.296360730107319,125000,0.0019999840000000002,31249999.999999996
Device 2,Device 2/Device2  1.mat,56,12/24/2008 10:21:02 AM.018743515,3312987662.0,1.6e-08,62499999.99999999,4.538771441901564,8.00631127230739,9.203339958455167,-12.874992128000002,24.62501017599999,24.62501017599999,37.50000230399999,0.39773905739460175,-1.7928934355152606,2.6756601719766784,6.177894151319554,7.764011108869954,9.922008095318427,-0.8600001279999998,16.327498112,16.327498112,17.18749824,0.4063101614724026,-1.8037395113990071,1.6455840345165533,5.00359977885696,0.49311037007577463,5.02783935543427,4.3752498432,5.500249728,5.500249728,1.1249998848000002,-0.3617270568049673,-1.8543021671211963,1.0939589233405265,2.185842047439641,2.2190803985269776,3.1148392047554836,-2.5297578810368,7.6027427415040005,7.6027427415040005,10.1325006225408,0.36061026862573947,-1.8435073164554328,2.44081387247751,125000,0.0019999840000000002,31249999.999999996
Device 2,Device 2/Device2  1.mat,57,12/24/2008 10:21:24 AM.816743850,3312987684.0,1.6e-08,62499999.99999999,4.889321463439357,7.969079051229034,9.349421655780972,-12.874992128000002,24.62501017599999,24.62501017599999,37.50000230399999,0.39846702237457277,-1.7925349418786565,2.6338538449352913,6.196536649410561,7.785803768084825,9.950668659070711,-0.8600001279999998,16.327498112,16.327498112,17.18749824,0.40633377857932484,-1.8039019714016162,1.6408443162376205,4.992554279988019,0.5076053538530888,5.018292681170261,4.312749849599999,5.500249728,5.500249728,1.1874998784000006,-0.3617442170371666,-1.855413285067113,1.0960400433872954,2.2468734761894122,2.3107006162272206,3.2230075637262083,-2.3186641180671987,7.813836504473598,7.813836504473598,10.132500622540796,0.36163530512694286,-1.8450585876163348,2.424392853561847,125000,0.0019999840000000002,31249999.999999996
Device 2,Device 2/Device2  1.mat,58,12/24/2008 10:21:45 AM.343743801,3312987705.0,1.6e-08,62499999.99999999,4.894683963768829,7.972907371562659,9.355489461310611,-12.874992128000002,26.187510271999997,26.187510271999997,39.0625024,0.39878325719655855,-1.7926184567526888,2.799159828066482,6.17952915115213,7.738783241012688,9.903299782462298,-0.8600001279999998,16.327498112,16.327498112,17.18749824,0.4064976928996987,-1.8032109619246537,1.6486927055277354,5.017865527396147,0.46905898947263025,5.039741142820303,4.4064998399999995,5.500249728,5.500249728,1.0937498880000005,-0.3613505232636847,-1.8532127604901265,1.0913754441209236,2.1073540088673375,2.1223358503983496,2.990861143646646,-1.8964765921279998,7.6027427415040005,7.6027427415040005,9.499219333632,0.3585171946586254,-1.8452736559651706,2.5419912113453247,125000,0.0019999840000000002,31249999.999999996
Device 2,Device 2/Device2  1.mat,59,12/24/2008 10:22:10 AM.435743808,3312987730.0,1.6e-08,62499999.99999999,4.726721453449212,7.980810621436296,9.27551798411967,-12.874992128000002,23.06251007999998,23.06251007999998,35.937502207999984,0.3980661354220992,-1.7921002891035585,2.4863851398363517,6.038679165575169,6.137505879263339,8.610146600537279,-0.5475001599999998,15.702498176000002,15.702498176000002,16.249998336,0.37949011851467185,-1.6197611487170824,1.8237201878792815,4.968258032475956,0.44212960708418547,4.987891986272585,4.4064998399999995,5.500249728,5.500249728,1.0937498880000005,-0.08612747698859023,-1.9094467805682092,1.1027202960965272,2.370854753806822,2.0063020041231296,3.105833220795491,-2.7408516440064012,6.9694614525952,6.9694614525952,9.710313096601602,0.08136018217889816,-1.898424173525914,2.243990889765203,125000,0.0019999840000000002,31249999.999999996
Device 2,Device 2/Device2  1.mat,60,12/24/2008 10:22:33 AM.315743923,3312987753.0,1.6e-08,62499999.99999999,4.7486214547947485,7.9914962900387385,9.2958818126437,-11.312492031999994,24.62501017599999,24.62501017599999,35.937502207999984,0.3984166891848886,-1.7921861218719597,2.64902358617625,6.063896662992898,6.99590347398278,9.258159004723387,-0.8600001279999998,16.014998144000003,16.014998144000003,16.874998272000003,0.39803906914636317,-1.7320242722482821,1.729825350356304,4.995565029679718,0.4670461373156593,5.0173501034052235,4.3752498432,5.500249728,5.500249728,1.1249998848000002,-0.25333539141344397,-1.8916957962759955,1.0962459494837797,2.226728376201698,2.1102798730891235,3.0678331773658907,-2.5297578810368,7.180555215564798,7.180555215564798,9.710313096601599,0.24823065642227177,-1.8837897542588193,2.340595071642775,125000,0.0019999840000000002,31249999.999999996
Device 2,Device 2/Device2  1.mat,61,12/24/2008 10:22:56 AM.062743663,3312987776.0,1.6e-08,62499999.99999999,5.099233976336381,7.960604739052853,9.453751369528083,-11.312492031999994,27.750010368000005,27.750010368000005,39.0625024,0.3986435499749882,-1.7942678279493358,2.935343789286183,3.0854519679856645,3.960226155415211,5.020299298725262,-0.8600001279999998,11.327498624,11.327498624,12.187498752,0.5292640553473087,-1.448301082321437,2.2563393036897703,5.048597274249216,0.4476352031302697,5.068403270521999,4.3752498432,5.500249728,5.500249728,1.1249998848000002,-0.3984897123948601,-1.7978120431287745,1.0852036498337918,1.9886264328227148,2.0342466309562286,2.8447837255014594,-2.5297578810368,7.391648978534399,7.391648978534399,9.9214068595712,0.3973384269405637,-1.7885767754147768,2.598316670709809,125000,0.0019999840000000002,31249999.999999996
Device 2,Device 2/Device2  1.mat,62,12/24/2008 10:23:12 AM.067743778,3312987792.0,1.6e-08,62499999.99999999,4.980157217980412,7.845601640644842,9.29276229220846,-14.062493951999997,25.00000844799999,25.00000844799999,39.062502399999985,0.38412336360794386,-1.7888067393473985,2.690266646437444,6.275731641300993,5.430375579124333,8.299023229511796,0.07749977600000024,15.702498176000002,15.702498176000002,15.624998400000003,0.3891475393708892,-1.5071932241342798,1.892089917300271,4.948136034536448,0.40249185606157933,4.964478815593232,4.4377498368,5.4689997312,5.4689997312,1.0312498944000001,0.06856881422811582,-1.854579155550165,1.101626159431296,2.4851780695808454,1.840783852509189,3.0926679791377785,-1.8964765921279998,7.6027427415040005,7.6027427415040005,9.499219333632,-0.07003875394228598,-1.8391444608888845,2.4583119794267763,125000,0.0019999840000000002,31249999.999999996
Device 2,Device 2/Device2  1.mat,63,12/24/2008 10:23:42 AM.184743881,3312987822.0,1.6e-08,62499999.99999999,6.396363046592513,7.996959623549848,10.240352701176889,-10.31250048,27.187501823999998,27.187501823999998,37.500002304,0.3979873228437392,-1.801865208423404,2.6549380297101908,5.037226984187905,6.3836486910851935,8.131705005804408,-0.937499904,13.749998592,13.749998592,14.687498496,0.3993951484964367,-1.7959035737834927,1.6909121250937236,5.0257562925625345,0.45113753629110487,5.045963871143225,4.406249856,5.5312497408,5.5312497408,1.1249998848000002,-0.3541049259993605,-1.8531930922907094,1.0961730765517408,2.1330800179010945,2.0970979173754754,2.991295712200566,-1.9775370071551999,7.521682326476799,7.521682326476799,9.499219333631999,0.35554066058151323,-1.8354443574784993,2.514523153226942,125000,0.0019999840000000002,31249999.999999996
Device 2,Device 2/Device2  1.mat,64,12/24/2008 10:24:05 AM.006743907,3312987845.0,1.6e-08,62499999.99999999,4.628484500373494,7.840248232852421,9.104524211783016,-12.499991552000012,25.00001075199998,25.00001075199998,37.50000230399999,0.4181276146229768,-1.7694522342124197,2.745888765900049,5.731253389119489,7.381035473091419,9.344888980898997,-0.9375009279999986,15.312497408000002,15.312497408000002,16.249998336,0.4047124321700264,-1.8123191812242283,1.6385959682665925,5.011219044051148,0.48230226956472017,5.034375014506586,4.3749998592,5.5312497408,5.5312497408,1.1562498816,-0.37595830357430876,-1.8465694592333728,1.0986964071730188,2.1249096373855183,2.286612497689606,3.1215120825721874,-2.3997247406080002,7.310588355993598,7.310588355993598,9.710313096601599,0.37388582827466216,-1.8392964324029009,2.3420022612789406,125000,0.0019999840000000002,31249999.999999996
Device 2,Device 2/Device2  1.mat,65,12/24/2008 10:24:27 AM.779743671,3312987867.0,1.6e-08,62499999.99999999,4.526071994081271,7.802449792088319,9.020174635430616,-14.062491647999991,25.00001075199998,25.00001075199998,39.06250239999997,0.41690173789799295,-1.7672382239449917,2.771566157245081,4.277816037951488,5.599771612167645,7.046783107418137,-0.9375009279999986,11.87499776,11.87499776,12.812498687999998,0.4028953111747448,-1.8177828493841883,1.6851657811774012,5.042774790819839,0.441242184918358,5.062042300957155,4.4374998528,5.5312497408,5.5312497408,1.0937498879999996,-0.3922855375771372,-1.8360990085218658,1.0926913312743602,1.9943996518669858,2.151554392953208,2.9337375951511753,-1.7664434516992,7.310588355993598,7.310588355993598,9.077031807692798,0.39078289126839844,-1.8272015756266289,2.491902605085198,125000,0.0019999840000000002,31249999.999999996
Device 2,Device 2/Device2  1.mat,66,12/24/2008 10:24:50 AM.611743927,3312987890.0,1.6e-08,62499999.99999999,4.555859495911414,7.775581514863263,9.011965581423926,-12.499991552000012,21.875010559999993,21.875010559999993,34.375002112000004,0.41832692200548915,-1.7679440543169893,2.427329572262265,4.338213531766783,5.6967058380269835,7.160485601704339,-0.9375009279999986,11.87499776,11.87499776,12.812498687999998,0.4047365274275201,-1.8158333662764334,1.6584067646436593,5.036267541486182,0.44971670716422274,5.056306543924123,4.406249856,5.499999744,5.499999744,1.0937498880000005,-0.39301493397075793,-1.8345572829156496,1.087750455044906,2.0086560802429005,2.182498980997954,2.9661424528761056,-2.3997247406080002,6.6773070670848,6.6773070670848,9.0770318076928,0.39108951211483495,-1.8278781049992145,2.2511754486404323,125000,0.0019999840000000002,31249999.999999996
Device 2,Device 2/Device2  1.mat,67,12/24/2008 10:25:13 AM.468743801,3312987913.0,1.6e-08,62499999.99999999,4.5615219962593185,7.76206808521906,9.003176321828528,-14.062491647999991,21.875010559999993,21.875010559999993,35.937502207999984,0.4183603507151238,-1.7673694896481826,2.4296992281449863,4.890038475259906,6.37430612710203,8.033943918869031,-0.9375009279999986,13.4374976,13.4374976,14.374998527999999,0.40428791682310705,-1.8168987615428844,1.6725904158280018,5.014782293686271,0.48271051946110327,5.037960986219301,4.3749998592,5.5624997376,5.5624997376,1.1874998783999997,-0.38806189120038015,-1.8389191802206555,1.104117271415064,2.0731697117066177,2.28753984070985,3.08721090571612,-2.6108185035775997,7.310588355993598,7.310588355993598,9.921406859571198,0.38747600306264113,-1.8325807679190917,2.368023623671998,125000,0.0019999840000000002,31249999.999999996
Device 2,Device 2/Device2  1.mat,68,12/24/2008 10:25:36 AM.288743972,3312987936.0,1.6e-08,62499999.99999999,4.663297002512374,7.844578356916955,9.125993016184637,-12.499991552000012,25.00001075199998,25.00001075199998,37.50000230399999,0.41793584267258205,-1.7700594491977943,2.739429090912443,3.096171158951937,4.183544092282903,5.204643793536783,-0.9375009279999986,8.749998080000001,8.749998080000001,9.687499008,0.4043007225442609,-1.82056649907427,1.6811905727085301,5.0596142890954745,0.4286769930610745,5.077741694769339,4.4999998464,5.7187497216,5.7187497216,1.2187498752000003,-0.40327073337533276,-1.8299370472018417,1.1262388016883518,1.9061776576966272,2.081290722693732,2.822283532013181,-1.9775372146688004,6.888400830054399,6.888400830054399,8.8659380447232,0.4049369046013544,-1.817948224129715,2.440718925621477,125000,0.0019999840000000002,31249999.999999996
Device 2,Device 2/Device2  1.mat,69,12/24/2008 10:25:59 AM.223743915,3312987959.0,1.6e-08,62499999.99999999,4.600309498642423,7.840675530634708,9.09060175455913,-12.499991552000012,23.437510656,23.437510656,35.93750220800001,0.41780925812961567,-1.7693199673382651,2.5782133338142983,3.5439786130964497,4.741648042087748,5.919713723240305,-0.9375009279999986,9.999997952000001,9.999997952000001,10.93749888,0.4040621914877919,-1.8243659798576644,1.6892705322456454,5.0306772920586225,0.4679770319065142,5.052397106248312,4.3749998592,5.7499997184,5.7499997184,1.3749998592,-0.4039324791315466,-1.8278046315807333,1.1380735911056874,2.0225257848450546,2.2351716675101176,3.01439926579129,-2.6108185035775997,6.888400830054399,6.888400830054399,9.499219333631999,0.40244858382666626,-1.8247210520225357,2.28516537547861,125000,0.0019999840000000002,31249999.999999996
Device 2,Device 2/Device2  1.mat,70,12/24/2008 10:26:21 AM.970743656,3312987981.0,1.6e-08,62499999.99999999,4.4895719918387105,7.7568208401264505,8.962395116023538,-12.499991552000012,26.562510847999988,26.562510847999988,39.0625024,0.4175590439384813,-1.7664318911269519,2.963773690417849,4.492788515938304,5.885487552814901,7.404330650591332,-0.9375009279999986,12.187497728,12.187497728,13.124998655999999,0.4055999401076086,-1.8237909493413091,1.6459958776998527,5.042600290837709,0.446419803503407,5.062322424946535,4.406249856,5.656249728,5.656249728,1.249999872,-0.40002869010966596,-1.832040010380867,1.1173230887322902,1.9854374550663485,2.173062133943843,2.9434946791120424,-2.3997247406080002,7.732775881932801,7.732775881932801,10.132500622540801,0.3988332753310358,-1.8245773786524593,2.6270731647001075,125000,0.0019999840000000002,31249999.999999996
Device 2,Device 2/Device2  1.mat,71,12/24/2008 10:26:44 AM.821743965,3312988004.0,1.6e-08,62499999.99999999,4.430521988210678,7.790779809457345,8.962464790863422,-14.062491647999991,25.00001075199998,25.00001075199998,39.06250239999997,0.41591169657764737,-1.7657448775509097,2.7894124367981523,1.9014687812894722,2.585827871727623,3.2096867928852313,-0.9375009279999986,5.937498368,5.937498368,6.874999295999999,0.41378096252271895,-1.7828263971052534,1.849868461047784,5.128172532075109,0.3558019022831086,5.140500803656967,4.56249984,5.7499997184,5.7499997184,1.1874998783999997,-0.475692693603991,-1.7054927964961117,1.1185680030065228,1.5685728694541896,1.706365618699828,2.317780074008015,-2.3997247406080002,6.255119541145599,6.255119541145599,8.654844281753599,0.4821832226634704,-1.6850689735614972,2.6987545588520616,125000,0.0019999840000000002,31249999.999999996
Device 2,Device 2/Device2  1.mat,72,12/24/2008 10:27:07 AM.677743911,3312988027.0,1.6e-08,62499999.99999999,4.605459498958838,7.842885532822276,9.095114659942618,-14.062491647999991,25.00001075199998,25.00001075199998,39.06250239999997,0.4176487661010272,-1.7693526010735128,2.748729585796965,4.117846054332415,5.241927477849985,6.665917777037139,-0.9375009279999986,11.562497792000002,11.562497792000002,12.49999872,0.41231336624304715,-1.7923829251847336,1.7345695189686678,5.042585290839245,0.44169845934049856,5.061893316178452,4.4374998528,5.499999744,5.499999744,1.0624998911999999,-0.38847337329183457,-1.835695804150439,1.086549913334069,2.0069386213873797,2.157770323967267,2.946824630175688,-2.6108185035775997,6.888400830054399,6.888400830054399,9.499219333631999,0.3873859612205076,-1.8256589898996474,2.337567278187069,125000,0.0019999840000000002,31249999.999999996
Device 2,Device 2/Device2  1.mat,73,12/24/2008 10:27:30 AM.508743762,3312988050.0,1.6e-08,62499999.99999999,4.637034500898807,7.812824918843257,9.085280522637921,-12.499991552000012,25.00001075199998,25.00001075199998,37.50000230399999,0.4185808003142702,-1.7696745038572876,2.751704880185824,3.7415935928606725,4.8096039591094435,6.093587847698371,-0.9375009279999986,10.937497856,10.937497856,11.874998783999999,0.41820064815725183,-1.779556771891639,1.7949192051331857,5.053117539760742,0.43350651187127365,5.071678693142188,4.4374998528,5.499999744,5.499999744,1.0624998911999999,-0.3940667315635147,-1.8330929643148657,1.0844535067722207,1.9639548649964587,2.1156655901876165,2.886721254511279,-2.3997247406080002,6.466213304115199,6.466213304115199,8.8659380447232,0.39357216746417684,-1.8221517777015328,2.2399853446223807,125000,0.0019999840000000002,31249999.999999996
Device 2,Device 2/Device2  1.mat,74,12/24/2008 10:27:53 AM.426743984,3312988073.0,1.6e-08,62499999.99999999,4.587771997872118,7.814972194741988,9.062088187004688,-14.062491647999991,25.00001075199998,25.00001075199998,39.06250239999997,0.4182931432675949,-1.7680923670815376,2.758747237513177,3.9307285734932482,5.1327433901503365,6.464957991171191,-0.9375009279999986,11.249997824000001,11.249997824000001,12.187498752,0.40975683869015034,-1.8017926563141853,1.740150181851677,5.042312040867224,0.4450676565080623,5.06191623166012,4.4374998528,5.5312497408,5.5312497408,1.0937498879999996,-0.39406040909617496,-1.8338894754394592,1.0927185452426889,1.9849781150381267,2.1674902006101533,2.9390733041081765,-2.1886309776384,7.5216821189631995,7.5216821189631995,9.710313096601599,0.39406207279559313,-1.824368806893811,2.559201945881903,125000,0.0019999840000000002,31249999.999999996
Device 2,Device 2/Device2  1.mat,75,12/24/2008 10:28:16 AM.211743831,3312988096.0,1.6e-08,62499999.99999999,4.61163449933823,7.824675045666023,9.082549880168846,-12.499991552000012,21.875010559999993,21.875010559999993,34.375002112000004,0.41829657447471885,-1.76900984425004,2.4084657776295453,3.069801161652225,4.11128237209292,5.130918233139497,-0.9375009279999986,9.062498048000002,9.062498048000002,9.999998976,0.4114523762893048,-1.8011099130972665,1.766252673735332,5.059711039085567,0.42592528662041507,5.077606537417707,4.4687498496,5.5312497408,5.5312497408,1.0624998911999999,-0.40332647745756867,-1.8279997663695302,1.0893419370010895,1.9196825922763703,2.0676015709087814,2.8213751099620525,-2.6108185035775997,6.466213304115199,6.466213304115199,9.077031807692798,0.40410317477732804,-1.8141630218947478,2.2918658640191127,125000,0.0019999840000000002,31249999.999999996
Device 2,Device 2/Device2  1.mat,76,12/24/2008 10:28:39 AM.060743808,3312988119.0,1.6e-08,62499999.99999999,4.667272002756597,7.811895494928387,9.099952701602245,-12.499991552000012,21.875010559999993,21.875010559999993,34.375002112000004,0.41904736040805773,-1.769361937510561,2.4038598086502603,3.7996635869143045,4.916163106329238,6.213380968663937,-0.9375009279999986,10.937497856,10.937497856,11.874998783999999,0.41247663952858327,-1.7989589276124827,1.7603134124820756,5.043412290754559,0.44588411302928777,5.06308405784321,4.4374998528,5.5312497408,5.5312497408,1.0937498879999996,-0.397276479057477,-1.8312009842991541,1.0924665041323096,1.988787935272202,2.1677614703507757,2.9418475901755388,-2.1886309776384,6.888400830054399,6.888400830054399,9.0770318076928,0.39711953202161426,-1.8217180335952226,2.341521992185656,125000,0.0019999840000000002,31249999.999999996
Device 2,Device 2/Device2  1.mat,77,12/24/2008 10:28:59 AM.783743858,3312988139.0,1.6e-08,62499999.99999999,4.645184501399542,7.8317221848917935,9.10569115626973,-12.499991552000012,26.562510847999988,26.562510847999988,39.0625024,0.4184100183250206,-1.769672031184844,2.917132855940359,4.0120735651635195,5.281161098174003,6.6322995135284994,-0.9375009279999986,11.562497792000002,11.562497792000002,12.49999872,0.4076568593309099,-1.8124533025637042,1.7433618262285853,5.045636040526848,0.43714344912431147,5.064537239331521,4.4374998528,5.5312497408,5.5312497408,1.0937498879999996,-0.3969888550718248,-1.832880489700911,1.0921530397375616,1.9841844024893611,2.132725517673907,2.9129891652423794,-2.1886309776384,7.5216821189631995,7.5216821189631995,9.710313096601599,0.39523193597931716,-1.8235276641326696,2.5821181241288094,125000,0.0019999840000000002,31249999.999999996
Device 2,Device 2/Device2  1.mat,78,12/24/2008 10:29:24 AM.924743652,3312988164.0,1.6e-08,62499999.99999999,4.5951344983244695,7.781164010726791,9.036690457215048,-14.062491647999991,21.875010559999993,21.875010559999993,35.937502207999984,0.4183025712187526,-1.7680561942417319,2.42068826674644,4.372663528239104,5.65577875355514,7.148987315722291,-0.9375009279999986,11.87499776,11.87499776,12.812498687999998,0.4069676219157684,-1.8149622393377474,1.6610741123968857,5.036456791466803,0.4522976601524793,5.056725243247006,4.406249856,5.5312497408,5.5312497408,1.1249998848000002,-0.396382641153184,-1.8327595000765775,1.0938402770027296,2.0432062186156608,2.196062593279135,2.9995637291762254,-2.3997247406080002,6.6773070670848,6.6773070670848,9.0770318076928,0.3929879891523035,-1.8270046060962741,2.226092748800706,125000,0.0019999840000000002,31249999.999999996
Device 2,Device 2/Device2  1.mat,79,12/24/2008 10:29:47 AM.878743648,3312988187.0,1.6e-08,62499999.99999999,4.553759495782391,7.805379834533024,9.036629897631256,-14.062491647999991,25.00001075199998,25.00001075199998,39.06250239999997,0.4179134053363056,-1.7674962185088612,2.766519270480819,4.1773585482383355,5.528265379742472,6.929072271913396,-0.9375009279999986,11.87499776,11.87499776,12.812498687999998,0.40559001913727777,-1.81747926013178,1.7137933180657723,5.017957543361126,0.48244621913674307,5.041096335256267,4.3749998592,5.5624997376,5.5624997376,1.1874998783999997,-0.3968085435068445,-1.8339253292948061,1.1034305570986924,2.098818448282476,2.294542700143735,3.1096567465933855,-1.7664434516992,7.732775881932801,7.732775881932801,9.499219333632,0.3959593320922262,-1.8258902232899106,2.486697572136867,125000,0.0019999840000000002,31249999.999999996
Device 2,Device 2/Device2  1.mat,80,12/24/2008 10:30:10 AM.587743759,3312988210.0,1.6e-08,62499999.99999999,4.542309495078903,7.777949763196566,9.007168149196142,-12.499991552000012,25.00001075199998,25.00001075199998,37.50000230399999,0.4182696433316947,-1.7672009218867624,2.7755683404479514,4.708093493891074,6.134703106174853,7.733092948370065,-0.9375009279999986,12.812497664000002,12.812497664000002,13.749998592,0.40516715851002905,-1.818011384483593,1.656839992683722,5.0377497913344,0.44993168485958457,5.0578020405241615,4.4374998528,5.5312497408,5.5312497408,1.0937498879999996,-0.39269045264198,-1.8357510075183439,1.093607400305998,2.0194032859032083,2.1918474085610944,2.9802994301802395,-2.1886309776384,7.732775881932801,7.732775881932801,9.921406859571201,0.3905626209453022,-1.8289187626523742,2.5946305272638814,125000,0.0019999840000000002,31249999.999999996
Device 2,Device 2/Device2  1.mat,81,12/24/2008 10:30:33 AM.474743843,3312988233.0,1.6e-08,62499999.99999999,4.377659484962808,7.707315434988012,8.863781009292213,-12.499991552000012,25.00001075199998,25.00001075199998,37.50000230399999,0.41591460790917156,-1.7658109276137222,2.82046800634984,4.02508606383104,5.2585247858069755,6.62219002628233,-0.9375009279999986,11.562497792000002,11.562497792000002,12.49999872,0.4083302864292219,-1.8117243178910538,1.7460232560694338,5.028391042292735,0.4636399742383176,5.049720635829425,4.406249856,5.5624997376,5.5624997376,1.1562498816,-0.3992433445440709,-1.8310516516538664,1.10154603368199,2.033614118026322,2.2267368138018693,3.0156165570205506,-2.6108185035775997,7.310588355993598,7.310588355993598,9.921406859571198,0.39673310066194645,-1.8265365401116125,2.4242433405447636,125000,0.0019999840000000002,31249999.999999996
Device 2,Device 2/Device2  1.mat,82,12/24/2008 10:30:56 AM.356743812,3312988256.0,1.6e-08,62499999.99999999,4.58157199749119,7.824209699697632,9.066921163936406,-12.499991552000012,25.00001075199998,25.00001075199998,37.50000230399999,0.41735659711895884,-1.7680424254216154,2.757276731536752,4.592361005742081,6.059132048487108,7.60281926577661,-0.9375009279999986,12.812497664000002,12.812497664000002,13.749998592,0.40678666383898443,-1.8172434950070107,1.6852298096410472,5.039789291125555,0.4496791438368727,5.059811007473074,4.406249856,5.5312497408,5.5312497408,1.1249998848000002,-0.39499397331439645,-1.83452637091036,1.0931731901904311,2.0240777461904074,2.188302354573677,2.9808652967982194,-2.6108185035775997,7.310588355993598,7.310588355993598,9.921406859571198,0.39263595485254427,-1.827317131119332,2.4525054398955843,125000,0.0019999840000000002,31249999.999999996
Device 2,Device 2/Device2  1.mat,83,12/24/2008 10:31:19 AM.286743640,3312988279.0,1.6e-08,62499999.99999999,4.394546986000374,7.720314911251478,8.883428704112895,-12.499991552000012,25.00001075199998,25.00001075199998,37.50000230399999,0.4161823887944026,-1.7656042169277528,2.8142299088217313,4.2254735433113595,5.52878123564914,6.958595304865077,-0.9375009279999986,11.87499776,11.87499776,12.812498687999998,0.4060077716297178,-1.8174598567195792,1.7065222562515796,5.029435792185754,0.46317789154651945,5.050718577285475,4.406249856,5.5624997376,5.5624997376,1.1562498816,-0.3983255313943741,-1.8315816415160622,1.1013283857501288,2.0459082187816713,2.224689926879212,3.022413888010083,-2.1886309776384,7.310588355993598,7.310588355993598,9.499219333631999,0.39521828973120643,-1.827242991385797,2.4187912797101365,125000,0.0019999840000000002,31249999.999999996
Device 2,Device 2/Device2  1.mat,84,12/24/2008 10:31:42 AM.195743560,3312988302.0,1.6e-08,62499999.99999999,4.52644699410431,7.756974171422275,8.981056212191762,-12.499991552000012,26.562510847999988,26.562510847999988,39.0625024,0.41818714661882184,-1.76636633785032,2.9576154764449023,4.191396046800895,5.481849773239337,6.9006143029082825,-0.9375009279999986,11.562497792000002,11.562497792000002,12.49999872,0.4038923024491614,-1.8198246826734015,1.6755751422198681,5.0443590406576115,0.44094730048696457,5.063594834983436,4.4374998528,5.5312497408,5.5312497408,1.0937498879999996,-0.39582912075396137,-1.8341140322426492,1.092356304376018,1.9700360541200863,2.1562091637466536,2.9206643101113285,-2.6108185035775997,7.310588355993598,7.310588355993598,9.921406859571198,0.39510773838153357,-1.8254990990526923,2.5030566952471633,125000,0.0019999840000000002,31249999.999999996
Device 2,Device 2/Device2  1.mat,85,12/24/2008 10:32:05 AM.174743652,3312988325.0,1.6e-08,62499999.99999999,4.472696990801911,7.759043092180048,8.955878967350742,-12.499991552000012,25.00001075199998,25.00001075199998,37.50000230399999,0.4170559018511683,-1.7664403376065105,2.7914636679592477,4.6012960048271365,6.012744798017601,7.571329138937622,-0.9375009279999986,12.812497664000002,12.812497664000002,13.749998592,0.40368032461278386,-1.8197781705078548,1.6922388960886992,5.027646792368946,0.46394371553462044,5.049007431169203,4.406249856,5.499999744,5.499999744,1.0937498880000005,-0.3933729984282105,-1.8346083972158826,1.0893229647567304,2.038195697057814,2.224427927404983,3.017005353612124,-2.1886309776384,7.5216821189631995,7.5216821189631995,9.710313096601599,0.39025040950091244,-1.8311521364306165,2.4930953834595715,125000,0.0019999840000000002,31249999.999999996
Device 2,Device 2/Device2  1.mat,86,12/24/2008 10:32:28 AM.097743988,3312988348.0,1.6e-08,62499999.99999999,4.564959496470518,7.811936775468548,9.047939621169798,-12.499991552000012,25.00001075199998,25.00001075199998,37.50000230399999,0.4180412402142144,-1.7672931087557426,2.7630611828472564,3.5454011129507847,4.664948110637302,5.859318213465727,-0.9375009279999986,10.937497856,10.937497856,11.874998783999999,0.41503101988828406,-1.7871488475926052,1.8666843918570146,5.05359528971182,0.4308188786982989,5.071925695279886,4.4687498496,5.5312497408,5.5312497408,1.0624998911999999,-0.39563321760472103,-1.8331757582645092,1.0905620612596074,1.9676177639715071,2.1047346518907206,2.881219814586486,-2.1886309776384,6.888400830054399,6.888400830054399,9.0770318076928,0.3950543819106755,-1.8208113820662577,2.390793231110354,125000,0.0019999840000000002,31249999.999999996
Device 2,Device 2/Device2  1.mat,87,12/24/2008 10:32:50 AM.927743911,3312988370.0,1.6e-08,62499999.99999999,4.520421993734135,7.792795110601032,9.008988324847726,-10.937491456000004,25.00001075199998,25.00001075199998,35.937502207999984,0.4176114124591733,-1.767170556408946,2.775007564728145,4.4716010181079024,5.889596156297547,7.394765618288283,-0.9375009279999986,12.499997696000001,12.499997696000001,13.437498624,0.40624533151715697,-1.8204012592158525,1.690384569469757,5.029252542204518,0.46665274745435953,5.050855959139729,4.406249856,5.593749734399999,5.593749734399999,1.1874998783999997,-0.39907324751964307,-1.8316986928298726,1.1074854994187435,2.046166597547546,2.2373110497764155,3.0318902484046064,-2.3997247406080002,7.732775881932801,7.732775881932801,10.132500622540801,0.3962229683387981,-1.827839749894015,2.550480145513783,125000,0.0019999840000000002,31249999.999999996
Device 2,Device 2/Device2  1.mat,88,12/24/2008 10:33:13 AM.850743770,3312988393.0,1.6e-08,62499999.99999999,4.57269699694591,7.802336475479108,9.043561925617023,-14.062491647999991,23.437510656,23.437510656,37.50000230399999,0.4182674494085268,-1.7676899726586188,2.591623836799338,4.286236037089281,5.566040449006246,7.025142393262678,-0.9375009279999986,12.812497664000002,12.812497664000002,13.749998592,0.438263384228659,-1.7410886721233545,1.8238061161988077,5.043670540728114,0.4402571222720858,5.062848887446665,4.4374998528,5.5312497408,5.5312497408,1.0937498879999996,-0.3858321525507862,-1.8369648420182307,1.0925172494313893,1.9947205143866995,2.147572699195876,2.9310370910049226,-2.3997247406080002,6.888400830054399,6.888400830054399,9.2881255706624,0.38595584067369765,-1.8255016039226173,2.3501581918544305,125000,0.0019999840000000002,31249999.999999996
Device 2,Device 2/Device2  1.mat,89,12/24/2008 10:33:36 AM.784743785,3312988416.0,1.6e-08,62499999.99999999,4.5350719946342295,7.77735800802703,9.003009251441313,-14.062491647999991,25.00001075199998,25.00001075199998,39.06250239999997,0.4181564036847061,-1.7664644924733486,2.776850501180777,4.156676050356223,5.50600596925804,6.898844651179659,-0.9375009279999986,11.87499776,11.87499776,12.812498687999998,0.40604193286827106,-1.8234999697298697,1.7213023861857,5.047907040294297,0.4352199214678219,5.06663417541618,4.3749998592,5.6874997248,5.6874997248,1.3124998656000004,-0.4014242615217262,-1.830798754099567,1.1225400389861029,1.9794559021988423,2.128302644155539,2.9065302017817203,-1.7664434516992,7.310588355993598,7.310588355993598,9.077031807692798,0.3996442751995786,-1.8225183294268341,2.5152287602283177,125000,0.0019999840000000002,31249999.999999996
Device 2,Device 2/Device2  1.mat,90,12/24/2008 10:33:59 AM.854743957,3312988439.0,1.6e-08,62499999.99999999,4.544921995239414,7.782859301329483,9.012725162075114,-10.937491456000004,25.00001075199998,25.00001075199998,35.937502207999984,0.41772910606447267,-1.7677216330305827,2.7738569969045757,3.639658603298817,4.778843685433813,6.007034353021274,-0.9375009279999986,10.624997888000003,10.624997888000003,11.562498816000002,0.4066968712722829,-1.8030170185505265,1.76875930177694,5.043051040791551,0.44884258465746285,5.062985627653978,4.4374998528,5.499999744,5.499999744,1.0624998911999999,-0.3948165234357728,-1.832391383320077,1.0863154961292119,1.9822541611207667,2.177733831515941,2.944801555319084,-2.6108185035775997,7.732775881932801,7.732775881932801,10.3435943855104,0.39490707099671746,-1.8237933364610477,2.6259072934695307,125000,0.0019999840000000002,31249999.999999996
Device 2,Device 2/Device2  1.mat,91,12/24/2008 10:34:22 AM.568743705,3312988462.0,1.6e-08,62499999.99999999,4.479584491225078,7.776899964875333,8.974789706600493,-14.062491647999991,25.00001075199998,25.00001075199998,39.06250239999997,0.41732636255525446,-1.7659657580668888,2.78558178734971,4.261678539603968,5.5892637589555365,7.0286395086172115,-0.9375009279999986,11.87499776,11.87499776,12.812498687999998,0.4054292099308207,-1.8135621149216787,1.6895158366624272,5.045022790589644,0.44078216947901033,5.064241688397143,4.4374998528,5.5312497408,5.5312497408,1.0937498879999996,-0.39303866473437893,-1.8356852621002526,1.0922167781748717,2.003086582400711,2.149866827839207,2.938415088791434,-1.5553496887295997,6.888400830054399,6.888400830054399,8.443750518783999,0.39120947175230497,-1.8263416786116788,2.344257234565042,125000,0.0019999840000000002,31249999.999999996
Device 2,Device 2/Device2  1.mat,92,12/24/2008 10:34:45 AM.509743690,3312988485.0,1.6e-08,62499999.99999999,4.424821987860471,7.762125515906441,8.93474354130768,-14.062491647999991,21.875010559999993,21.875010559999993,35.937502207999984,0.41664910485830825,-1.765469429186939,2.448308724124653,4.607343504207873,6.14600443906344,7.681209848113382,-0.9375009279999986,12.812497664000002,12.812497664000002,13.749998592,0.4057094224227954,-1.824941152947985,1.66803119786487,5.046025040487014,0.4404359744299272,5.065210020995577,4.3749998592,5.6249997312,5.6249997312,1.249999872,-0.40003563526796393,-1.8321054686480227,1.1105165842845732,2.0028011836331756,2.1516425328429145,2.9395200578157517,-2.6108185035775997,6.888400830054399,6.888400830054399,9.499219333631999,0.39740749405661974,-1.8242798148172266,2.3433760255314993,125000,0.0019999840000000002,31249999.999999996
Device 2,Device 2/Device2  1.mat,93,12/24/2008 10:35:08 AM.481743812,3312988508.0,1.6e-08,62499999.99999999,4.553996995796982,7.799510091580953,9.031680148588139,-12.499991552000012,25.00001075199998,25.00001075199998,37.50000230399999,0.41805942809197827,-1.767535253189212,2.7680354419889484,4.92905347126477,6.52048588868545,8.173879393967919,-0.9375009279999986,13.749997568000001,13.749997568000001,14.687498496,0.40557370681113825,-1.8246606643809637,1.6821874785853939,5.047839040301261,0.4374573548125271,5.0667591134836005,4.406249856,5.593749734399999,5.593749734399999,1.1874998783999997,-0.39782794373767255,-1.8337231689247686,1.10400940899558,1.9789188796658475,2.132665420488424,2.9093610515102792,-2.3997247406080002,6.888400830054399,6.888400830054399,9.2881255706624,0.39539378550989007,-1.8258012200374676,2.3676679202392426,125000,0.0019999840000000002,31249999.999999996
Device 2,Device 2/Device2  1.mat,94,12/24/2008 10:35:31 AM.580743789,3312988531.0,1.6e-08,62499999.99999999,4.513546993311734,7.7597014829059265,8.976918934948996,-14.062491647999991,21.875010559999993,21.875010559999993,35.937502207999984,0.418227150862501,-1.766146306183127,2.4368060710491735,4.950655969052673,6.510250300973882,8.178774572345626,-1.2500008959999995,13.4374976,13.4374976,14.687498496,0.4052921053068574,-1.8231088789212428,1.6429719979610837,5.041203540980736,0.44743422943825595,5.061020700537561,4.4374998528,5.5624997376,5.5624997376,1.1249998847999994,-0.39564922692206383,-1.8351343316145254,1.0990865413787327,2.006090868835294,2.177282161615411,2.9605672066874313,-2.1886309776384,6.888400830054399,6.888400830054399,9.0770318076928,0.39399708931332783,-1.8274566653078146,2.3267165881236007,125000,0.0019999840000000002,31249999.999999996
Device 2,Device 2/Device2  1.mat,95,12/24/2008 10:35:54 AM.522743701,3312988554.0,1.6e-08,62499999.99999999,4.501859492593654,7.761686908640121,8.972765602578226,-12.499991552000012,21.875010559999993,21.875010559999993,34.375002112000004,0.417992107238215,-1.765967224434202,2.4379340249024724,4.561991008851968,6.02446514457047,7.556847374599456,-0.9375009279999986,12.812497664000002,12.812497664000002,13.749998592,0.4052540377167372,-1.8234160591797317,1.6954818628554236,5.047690290316492,0.4346216918468754,5.0663668720276505,4.4374998528,5.5624997376,5.5624997376,1.1249998847999994,-0.3976976593678133,-1.8339137099515197,1.0979267546358695,1.9990268271512794,2.118615889227199,2.912840802679828,-2.1886309776384,6.888400830054399,6.888400830054399,9.0770318076928,0.39484016909597114,-1.824373542919182,2.3648394459858695,125000,0.0019999840000000002,31249999.999999996
Device 2,Device 2/Device2  1.mat,96,12/24/2008 10:36:17 AM.514743804,3312988577.0,1.6e-08,62499999.99999999,4.610421999263734,7.806836857858869,9.066570064612016,-10.937491456000004,25.00001075199998,25.00001075199998,35.937502207999984,0.4185635943507336,-1.7684657422117926,2.757383505982954,3.6480461024399373,4.9127076891167745,6.119063425413589,-0.9375009279999986,10.312497920000002,10.312497920000002,11.249998848,0.4043838514397999,-1.823593859771231,1.6853065907390847,5.0440160406927355,0.44727142103854367,5.063807810614801,4.4374998528,5.656249728,5.656249728,1.2187498751999994,-0.402291851603543,-1.830069744194937,1.116995340175296,2.001473826051623,2.178023470070263,2.9579864287292854,-2.6108185035775997,7.0994945930240005,7.0994945930240005,9.7103130966016,0.40105004328361454,-1.8225280135689372,2.4001106036425788,125000,0.0019999840000000002,31249999.999999996
Device 2,Device 2/Device2  1.mat,97,12/24/2008 10:36:40 AM.500743865,3312988600.0,1.6e-08,62499999.99999999,4.491846991978487,7.767082041725453,8.972416220965243,-12.499991552000012,25.00001075199998,25.00001075199998,37.50000230399999,0.41755924525284155,-1.7662366034822297,2.786318661141035,3.635648603709441,4.90654382148053,6.1067268681154525,-0.9375009279999986,10.312497920000002,10.312497920000002,11.249998848,0.4045385957238741,-1.8186346855767859,1.6887111774793455,5.055862789479629,0.4344250751914355,5.074492456591084,4.4687498496,5.5624997376,5.5624997376,1.0937498879999996,-0.39892857294668216,-1.8325058594978185,1.0961686878409012,1.9720051367410674,2.1184778542197544,2.8942620265194874,-2.6108185035775997,7.310588355993598,7.310588355993598,9.921406859571198,0.3980292152879378,-1.8219545919330007,2.5258902922431634,125000,0.0019999840000000002,31249999.999999996
Device 2,Device 2/Device2  1.mat,98,12/24/2008 10:37:03 AM.559743881,3312988623.0,1.6e-08,62499999.99999999,4.555134495866871,7.815400960759797,9.045979352888303,-12.499991552000012,25.00001075199998,25.00001075199998,37.50000230399999,0.4177171261238775,-1.7677224493483934,2.7636599395971087,2.8010711891701763,3.873940168933332,4.7805242640608405,-0.9375009279999986,8.437498112,8.437498112,9.374999039999999,0.4136715914631555,-1.8005177240813888,1.7649733890970203,5.067223788316262,0.41825925482422716,5.084456482764341,4.4999998464,5.812499711999999,5.812499711999999,1.3124998655999995,-0.40520592476864603,-1.8265276992011428,1.1431899814077733,1.8712948355534267,2.0135494846681814,2.7488408263805355,-2.6108185035775997,6.888400830054399,6.888400830054399,9.499219333631999,0.40741637868435193,-1.8116251086103319,2.505929322624519,125000,0.0019999840000000002,31249999.999999996
Device 2,Device 2/Device2  1.mat,99,12/24/2008 10:37:26 AM.564743518,3312988646.0,1.6e-08,62499999.99999999,4.5364094947164055,7.763706907567357,8.991893907868478,-10.937491456000004,25.00001075199998,25.00001075199998,35.937502207999984,0.41816254257057606,-1.7661188102960317,2.78028310922612,3.472101120456705,4.66668634987574,5.8166526180263896,-0.9375009279999986,9.999997952000001,9.999997952000001,10.93749888,0.4110982513731055,-1.8074640642423039,1.7192015079272578,5.058589539200409,0.4262450248077748,5.07651582754168,4.4687498496,5.5624997376,5.5624997376,1.0937498879999996,-0.4014564895410583,-1.8312905290425785,1.095731782696649,1.9297576753953836,2.07289673543095,2.8321132677750875,-2.6108185035775997,7.310588355993598,7.310588355993598,9.921406859571198,0.401240494367467,-1.8178491600026918,2.5813192004629135,125000,0.0019999840000000002,31249999.999999996
Device 2,Device 2/Device2  1.mat,100,12/24/2008 10:37:49 AM.546743869,3312988669.0,1.6e-08,62499999.99999999,4.509071993036791,7.765990527666813,8.98010796784757,-14.062491647999991,25.00001075199998,25.00001075199998,39.06250239999997,0.4178463292202101,-1.7662520081897028,2.7839320909626215,3.9251460740648962,5.194978932333625,6.51111187203363,-0.9375009279999986,10.937497856,10.937497856,11.874998783999999,0.40161444124107193,-1.8210843151785863,1.6798202935167612,5.052605789813146,0.42857778161793764,5.070749863890929,4.4687498496,5.5312497408,5.5312497408,1.0624998911999999,-0.3956709774503795,-1.8354719750589257,1.0908149463629264,1.9671060726900687,2.0881611374200375,2.8687842785830884,-1.5553496887295997,7.0994945930240005,7.0994945930240005,8.6548442817536,0.3934884230279277,-1.8237606092878993,2.4747397864751575,125000,0.0019999840000000002,31249999.999999996
Device 2,Device 2/Device2  1.mat,101,12/24/2008 10:38:12 AM.366743564,3312988692.0,1.6e-08,62499999.99999999,4.685472003874806,7.825026423528105,9.120563931468691,-12.499991552000012,23.437510656,23.437510656,35.93750220800001,0.4188671624083923,-1.7697003466996988,2.5697435851673087,3.8682760798883837,5.1006166549846395,6.401550600545414,-0.9375009279999986,10.937497856,10.937497856,11.874998783999999,0.40536244571729113,-1.8172514805324433,1.708570085358401,5.052976789775155,0.4263909886904915,5.070935191189381,4.4687498496,5.5312497408,5.5312497408,1.0624998911999999,-0.3976110441705093,-1.834070561458547,1.0907750803856462,1.963784301235979,2.0816651082209425,2.8617788881332866,-2.1886309776384,6.888400830054399,6.888400830054399,9.0770318076928,0.39599016429128675,-1.821503707850622,2.4070346100525057,125000,0.0019999840000000002,31249999.999999996
Device 2,Device 2/Device2  1.mat,102,12/24/2008 10:38:23 AM.802743911,3312988703.0,1.6e-08,62499999.99999999,4.702484504920053,7.806749010525217,9.113654076842595,-14.062491647999991,21.875010559999993,21.875010559999993,35.937502207999984,0.41910853362226635,-1.7699162777426551,2.40024587015909,4.1678285492142075,5.371484140303971,6.798796708622938,-0.9375009279999986,11.562497792000002,11.562497792000002,12.49999872,0.40537352083272676,-1.817826233524131,1.7006682634495078,5.053575539713843,0.4282080210270143,5.0716849118282115,4.4687498496,5.5312497408,5.5312497408,1.0624998911999999,-0.39590326022980044,-1.8353468806897584,1.090613836813874,1.9670604764372674,2.0911688891968465,2.8709430926276442,-2.3997247406080002,6.466213304115199,6.466213304115199,8.8659380447232,0.3946492540389937,-1.8230733952845568,2.2522958816982213,125000,0.0019999840000000002,31249999.999999996
Device 2,Device 2/Device2  1.mat,103,12/24/2008 10:38:23 AM.802743911,3312988703.0,1.6e-08,62499999.99999999,4.702484504920053,7.806749010525217,9.113654076842595,-14.062491647999991,21.875010559999993,21.875010559999993,35.937502207999984,0.41910853362226635,-1.7699162777426551,2.40024587015909,4.1678285492142075,5.371484140303971,6.798796708622938,-0.9375009279999986,11.562497792000002,11.562497792000002,12.49999872,0.40537352083272676,-1.817826233524131,1.7006682634495078,5.053575539713843,0.4282080210270143,5.0716849118282115,4.4687498496,5.5312497408,5.5312497408,1.0624998911999999,-0.39590326022980044,-1.8353468806897584,1.090613836813874,1.9670604764372674,2.0911688891968465,2.8709430926276442,-2.3997247406080002,6.466213304115199,6.466213304115199,8.8659380447232,0.3946492540389937,-1.8230733952845568,2.2522958816982213,125000,0.0019999840000000002,31249999.999999996
Device 2,Device 2/Device2  1.mat,104,12/24/2008 10:38:23 AM.802743911,3312988703.0,1.6e-08,62499999.99999999,4.702484504920053,7.806749010525217,9.113654076842595,-14.062491647999991,21.875010559999993,21.875010559999993,35.937502207999984,0.41910853362226635,-1.7699162777426551,2.40024587015909,4.1678285492142075,5.371484140303971,6.798796708622938,-0.9375009279999986,11.562497792000002,11.562497792000002,12.49999872,0.40537352083272676,-1.817826233524131,1.7006682634495078,5.053575539713843,0.4282080210270143,5.0716849118282115,4.4687498496,5.5312497408,5.5312497408,1.0624998911999999,-0.39590326022980044,-1.8353468806897584,1.090613836813874,1.9670604764372674,2.0911688891968465,2.8709430926276442,-2.3997247406080002,6.466213304115199,6.466213304115199,8.8659380447232,0.3946492540389937,-1.8230733952845568,2.2522958816982213,125000,0.0019999840000000002,31249999.999999996
Device 2,Device 2/Device2  1.mat,105,12/24/2008 10:38:23 AM.802743911,3312988703.0,1.6e-08,62499999.99999999,4.702484504920053,7.806749010525217,9.113654076842595,-14.062491647999991,21.875010559999993,21.875010559999993,35.937502207999984,0.41910853362226635,-1.7699162777426551,2.40024587015909,4.1678285492142075,5.371484140303971,6.798796708622938,-0.9375009279999986,11.562497792000002,11.562497792000002,12.49999872,0.40537352083272676,-1.817826233524131,1.7006682634495078,5.053575539713843,0.4282080210270143,5.0716849118282115,4.4687498496,5.5312497408,5.5312497408,1.0624998911999999,-0.39590326022980044,-1.8353468806897584,1.090613836813874,1.9670604764372674,2.0911688891968465,2.8709430926276442,-2.3997247406080002,6.466213304115199,6.466213304115199,8.8659380447232,0.3946492540389937,-1.8230733952845568,2.2522958816982213,125000,0.0019999840000000002,31249999.999999996
Device 2,Device 2/Device2  1.mat,106,12/24/2008 10:39:57 AM.703743934,3312988797.0,1.6e-08,62499999.99999999,4.584821997690869,7.775672562585889,9.026720143610364,-12.499991552000012,26.562510847999988,26.562510847999988,39.0625024,0.41874868079387717,-1.767777035697515,2.942653635584623,4.699158494806017,6.091508706387284,7.693410744221293,-0.9375009279999986,12.812497664000002,12.812497664000002,13.749998592,0.4047662942281748,-1.8194162500356756,1.66538588539859,4.812507564399205,0.7404506156505749,4.8691371074982985,3.8437499136,5.7187497216,5.7187497216,1.874999808,-0.397875650431733,-1.8347262234287642,1.1744893592733974,3.025129966445053,3.4297936832044917,4.573280663072547,-2.3997247406080002,9.4215259856896,9.4215259856896,11.8212507262976,0.39773130593442646,-1.8314406422303822,2.0601241602696154,125000,0.0019999840000000002,31249999.999999996
Device 2,Device 2/Device2  1.mat,107,12/24/2008 10:40:26 AM.853743553,3312988826.0,1.6e-08,62499999.99999999,4.685797003894774,7.8299720071132315,9.124974257162922,-10.937491456000004,25.00001075199998,25.00001075199998,35.937502207999984,0.41863829220675264,-1.771013847573427,2.7397349348547992,4.309843534671873,5.649469956506769,7.105720377472332,-0.9375009279999986,11.87499776,11.87499776,12.812498687999998,0.4070733598208637,-1.8121633095970773,1.6711884410267503,4.870983058411313,0.6663624563387046,4.916351785475466,3.9999998976,5.656249728,5.656249728,1.6562498303999997,-0.39862004025522957,-1.8325734949424979,1.1504973555209044,2.7676209068736966,3.1122640660536853,4.164842506147549,-2.3997247406080002,9.632619748659199,9.632619748659199,12.0323444892672,0.39843467233173036,-1.82853185073857,2.3128412981861604,125000,0.0019999840000000002,31249999.999999996
Device 2,Device 2/Device2  1.mat,108,12/24/2008 10:40:26 AM.853743553,3312988826.0,1.6e-08,62499999.99999999,4.685797003894774,7.8299720071132315,9.124974257162922,-10.937491456000004,25.00001075199998,25.00001075199998,35.937502207999984,0.41863829220675264,-1.771013847573427,2.7397349348547992,4.309843534671873,5.649469956506769,7.105720377472332,-0.9375009279999986,11.87499776,11.87499776,12.812498687999998,0.4070733598208637,-1.8121633095970773,1.6711884410267503,4.870983058411313,0.6663624563387046,4.916351785475466,3.9999998976,5.656249728,5.656249728,1.6562498303999997,-0.39862004025522957,-1.8325734949424979,1.1504973555209044,2.7676209068736966,3.1122640660536853,4.164842506147549,-2.3997247406080002,9.632619748659199,9.632619748659199,12.0323444892672,0.39843467233173036,-1.82853185073857,2.3128412981861604,125000,0.0019999840000000002,31249999.999999996
Device 2,Device 2/Device2  1.mat,109,12/24/2008 10:41:02 AM.906743526,3312988862.0,1.6e-08,62499999.99999999,4.680297003556853,7.809927977014613,9.104952226544563,-14.062491647999991,23.437510656,23.437510656,37.50000230399999,0.4186564979961729,-1.7700155963107085,2.574149767383767,5.399608423079935,6.97200363635226,8.818424225898012,-0.9375009279999986,14.687497472,14.687497472,15.624998399999999,0.40621313285506755,-1.8008954770409145,1.6655467117204061,2.1738960845930495,0.35440409822073476,2.202595389862751,1.6875001344,2.5625000448,2.5625000448,0.8749999104000001,-0.37695062694210696,-1.8435922727853644,1.163400257983685,1.582400355303751,1.6912838005740622,2.3161243011871537,-2.1886309776384,6.255119541145599,6.255119541145599,8.443750518783999,0.37882465186441694,-1.8289503720202955,2.700683870006231,125000,0.0019999840000000002,31249999.999999996
Device 2,Device 2/Device2b  1.mat,0,12/24/2008 10:44:13 AM.907743930,3312989053.0,8e-09,124999999.99999999,4.713206614467634,5.898706755027442,7.55043429032184,-3.9374991871999994,11.9374991872,11.9374991872,15.8749983744,0.40808628615945225,-1.8332815961549345,1.5810347760395065,2.9738143550814207,3.6801764016748377,4.731518801181359,-0.11718707839999976,8.1835933216,8.1835933216,8.3007804,0.40952945767665183,-1.8040539455359084,1.7295912085473975,2.2399582652730365,0.27698683349172004,2.2570189932946425,1.8432616784,2.5708007856,2.5708007856,0.7275391071999999,-0.4138033360652844,-1.8175615185058835,1.139024878938799,1.2396783301571708,1.2740627906866169,1.7776496721439357,-2.058808774784,5.319446131392,5.319446131392,7.378254906176,0.4155721673185577,-1.8147088523980655,2.992404079807512,125000,0.0009999920000000001,62499999.99999999
Device 2,Device 2/Device2b  1.mat,1,12/24/2008 10:44:38 AM.160743713,3312989078.0,8e-09,124999999.99999999,4.705676615238707,5.904701720039221,7.550423485463486,-3.9374991871999994,11.9374991872,11.9374991872,15.8749983744,0.4081297739889912,-1.8332271958554145,1.5810370385426418,4.781964701176806,5.821570402895408,7.533781809899249,-0.21484331839999982,11.9374991872,11.9374991872,12.1523425056,0.37635905462496744,-1.8234865870932122,1.584529455248405,2.175150194884979,0.345216509754582,2.2023743571235337,1.6870116688,2.5878906304,2.5878906304,0.9008789615999999,-0.35988048624235025,-1.8580688466096253,1.1750457509775856,1.538729242718611,1.5891637889455752,2.212041869064247,-2.1078880757119998,6.071995412288,6.071995412288,8.179883488,0.36043032009652237,-1.855951597037862,2.74497309350506,125000,0.0009999920000000001,62499999.99999999
Device 2,Device 2/Device2b  1.mat,2,12/24/2008 10:45:02 AM.505743980,3312989102.0,8e-09,124999999.99999999,4.703458115465882,5.906503237629305,7.5504502342620174,-3.9374991871999994,11.9374991872,11.9374991872,15.8749983744,0.4081411680487132,-1.83322529392723,1.5810314374407335,4.775947264292991,5.823944636820401,7.531799479809379,-0.23828081599999962,11.9374991872,11.9374991872,12.1757800032,0.37630822056369856,-1.8226143223653266,1.5849464950840837,2.1814446288654596,0.33790501301484066,2.2074601846073056,1.7285155776,2.5878906304,2.5878906304,0.8593750527999999,-0.35842941304008774,-1.8583765093607922,1.1723385311524297,1.5148571361863,1.5548911163106434,2.1708243887141854,-2.099708192224,5.793879373696,5.793879373696,7.89358756592,0.3592324581737386,-1.8558960643478235,2.668976543573757,125000,0.0009999920000000001,62499999.99999999
Device 2,Device 2/Device2b  1.mat,3,12/24/2008 10:45:24 AM.240743637,3312989124.0,8e-09,124999999.99999999,4.702063021858739,5.907654109886308,7.550481689507495,-3.9374991871999994,11.9374991872,11.9374991872,15.8749983744,0.408129255123993,-1.8332321717877171,1.5810248508765885,4.7763095767558905,5.8275554849585465,7.534821570765993,-0.23046831679999968,11.9374991872,11.9374991872,12.167967504,0.37544781737870936,-1.824115023465632,1.5843107995437813,2.1769434762451585,0.3409972842592642,2.2034886082388874,1.7211913584,2.585449224,2.585449224,0.8642578656,-0.35652125220311887,-1.859478489996123,1.1733435854094976,1.5266135264915248,1.5708512676499395,2.1904617240080486,-2.140607609664,6.014736227872,6.014736227872,8.155343837536,0.35707928813751316,-1.8572692300930576,2.745875977630139,125000,0.0009999920000000001,62499999.99999999
Device 2,Device 2/Device2b  1.mat,4,12/24/2008 10:46:13 AM.317743778,3312989173.0,1.6e-08,62499999.99999999,4.839233941315582,8.004146329206407,9.353317251014696,-14.127492224000008,24.93501017599999,24.93501017599999,39.0625024,0.39724637590552564,-1.7924575627278911,2.6659001835199074,5.331724148879362,6.748902184519238,8.600869903443016,-1.1050001919999999,14.20749824,14.20749824,15.312498432,0.39498684956833396,-1.8011713467176205,1.651867590080928,2.1805734701139565,0.34442696588862637,2.207607436433403,1.7138749414399999,2.60449999616,2.60449999616,0.8906250547200001,-0.35603652781547485,-1.860176799692956,1.1797840291604624,1.56534468729221,1.5567126231199508,2.207636333505803,-1.891410251340801,5.9190589785344,5.9190589785344,7.810469229875201,0.35411548813813326,-1.835043170337636,2.6811748333271583,125000,0.0019999840000000002,31249999.999999996
Device 2,Device 2/Device2b  1.mat,5,12/24/2008 10:46:36 AM.106743812,3312989196.0,1.6e-08,62499999.99999999,4.789908938285053,8.046980754261712,9.364674414870036,-14.127492224000008,24.93501017599999,24.93501017599999,39.0625024,0.3961903408754955,-1.792189784078417,2.6626670689592835,5.758034105225216,7.244605805527723,9.254148801182245,-1.1050001919999999,15.457498112,15.457498112,16.562498304,0.40053984642443213,-1.7963126714570432,1.6703317013905437,2.1749480947683333,0.3494022246294857,2.202834793967181,1.6982499404799998,2.60449999616,2.60449999616,0.9062500556800002,-0.3534169113637231,-1.8619375300550167,1.1823401388487433,1.5875213536547446,1.5850321504572726,2.2433347869395237,-2.31359777728,6.7634340304128004,6.7634340304128004,9.077031807692801,0.35103069713493656,-1.838140479644645,3.0149017747100673,125000,0.0019999840000000002,31249999.999999996
Device 2,Device 2/Device2b  1.mat,6,12/24/2008 10:46:58 AM.724743843,3312989218.0,1.6e-08,62499999.99999999,4.776883937484797,7.982280450403556,9.302441687056955,-14.127492224000008,24.93501017599999,24.93501017599999,39.0625024,0.3964749688978923,-1.7933907542633252,2.680480137886117,3.8692142986403844,5.114672224466823,6.413321390086076,-0.7925002239999999,14.20749824,14.20749824,14.999998463999999,0.565084602280802,-1.3665312070107727,2.215310503846325,2.195981096060601,0.33285442312253755,2.221063943529711,1.7294999424,2.60449999616,2.60449999616,0.87500005376,-0.3914933036237422,-1.8319910952784555,1.1726362060611966,1.4941959566708323,1.5047082881048222,2.120558555952372,-2.5246915402496013,6.341246504473599,6.341246504473599,8.865938044723201,0.38491438873746453,-1.810642600501474,2.9903661404085384,125000,0.0019999840000000002,31249999.999999996
Device 2,Device 2/Device2b  1.mat,7,12/24/2008 10:47:21 AM.440743923,3312989241.0,1.6e-08,62499999.99999999,4.7655339367874525,8.01656128719096,9.326069299225784,-12.564992128,23.372510079999984,23.372510079999984,35.937502207999984,0.3968729512680124,-1.7932997880224988,2.5061480169293064,5.528716628707329,6.985194282813348,8.908403152596609,-0.7925002239999999,14.832498176000001,14.832498176000001,15.6249984,0.39998685052841976,-1.7940078875577858,1.665000777572201,2.180368095101338,0.34536425132575627,2.2075510178090187,1.7138749414399999,2.60449999616,2.60449999616,0.8906250547200001,-0.3552432585999538,-1.8609480981998279,1.1798141810307745,1.5406011207719654,1.5588050265559628,2.1916489053085058,-2.5246915402496013,5.707965215564799,5.707965215564799,8.2326567558144,0.35270108832961067,-1.836298861382672,2.6044158814576743,125000,0.0019999840000000002,31249999.999999996
Device 2,Device 2/Device2b  1.mat,8,12/24/2008 10:47:44 AM.220743656,3312989264.0,1.6e-08,62499999.99999999,4.863133942783998,8.00844757055396,9.369381208797593,-12.564992128,24.93501017599999,24.93501017599999,37.50000230399999,0.3969241849990476,-1.792190916524602,2.661329453922389,5.478454133854209,6.918556082914341,8.824957675205885,-1.1050001919999999,14.832498176000001,14.832498176000001,15.937498368000002,0.39727751183113486,-1.8008159618629698,1.6807443980918537,2.181759970186855,0.3424429191902446,2.2084709009659327,1.7294999424,2.60449999616,2.60449999616,0.87500005376,-0.3570170075255705,-1.859840010154449,1.179322759027911,1.5637353084433299,1.5535236850885834,2.204246799930436,-1.6803164883712,5.9190589785344,5.9190589785344,7.5993754669056,0.3548922306330097,-1.8349464153353932,2.685297752829311,125000,0.0019999840000000002,31249999.999999996
Device 2,Device 2/Device2b  1.mat,9,12/24/2008 10:48:07 AM.119743824,3312989287.0,1.6e-08,62499999.99999999,4.768246436954109,8.025691105117048,9.335303519344214,-14.127492224000008,24.93501017599999,24.93501017599999,39.0625024,0.3968127489798822,-1.7934751141588094,2.671044398752621,4.320599252418561,5.6211213333224155,7.089751966319569,-0.7925002239999999,12.332498432000001,12.332498432000001,13.124998656,0.40986518604082645,-1.8091281385128046,1.7394823529210213,3.088296150884433,0.4506697711134324,3.1210056645515794,2.49512498944,3.6045000575999997,3.6045000575999997,1.1093750681599999,-0.39725573212869153,-1.8364512414944731,1.1549162177242918,1.9249758431379473,2.062110117437154,2.82096262525779,-2.1025040143103992,6.974527793382399,6.974527793382399,9.077031807692798,0.4000408404106788,-1.8139292727058178,2.4723928388611816,125000,0.0019999840000000002,31249999.999999996
Device 2,Device 2/Device2b  1.mat,10,12/24/2008 10:48:29 AM.767743587,3312989309.0,1.6e-08,62499999.99999999,4.795783938646013,7.9873155801104705,9.316477540489782,-12.564992128,24.93501017599999,24.93501017599999,37.50000230399999,0.39725606809947256,-1.7930198143616818,2.6764418276791253,3.277289359253504,4.3313011412642135,5.431463441890494,-0.7925002239999999,9.51999872,9.51999872,10.312498944,0.41262991865903564,-1.807649592942976,1.7527502158214723,3.1083027771136407,0.4269872964614286,3.1374933156186664,2.52637499136,3.6670000614399996,3.6670000614399996,1.1406250700799996,-0.40542932191479564,-1.8306900812828453,1.1687674498573146,1.8200419779408108,1.9386256640465895,2.6591017781887887,-2.31359777728,7.396715319321601,7.396715319321601,9.7103130966016,0.40509127257723965,-1.8133069467717355,2.781659348278039,125000,0.0019999840000000002,31249999.999999996
Device 2,Device 2/Device2b  1.mat,11,12/24/2008 10:48:52 AM.447743892,3312989332.0,1.6e-08,62499999.99999999,4.719733933973501,8.013782592559851,9.300354823785826,-12.564992128,21.810009984000004,21.810009984000004,34.375002112000004,0.3963818896724325,-1.7938098034517185,2.3450728920815482,3.595209326698496,4.72614266674204,5.938177717884453,-0.7925002239999999,10.144998656,10.144998656,10.93749888,0.40987969987618644,-1.8119383711502894,1.7084363483170184,3.0960415263603087,0.4431773476903879,3.127599605840454,2.5107499904,3.6201250585599998,3.6201250585599998,1.1093750681599999,-0.40342336508917226,-1.8322029607137909,1.1574771437494134,1.9187747527569523,2.0207917518462972,2.7866280440969384,-2.31359777728,6.5523402674432,6.5523402674432,8.865938044723201,0.4063556877142725,-1.8091342869501017,2.3513508669818237,125000,0.0019999840000000002,31249999.999999996
Device 2,Device 2/Device2b  1.mat,12,12/24/2008 10:49:15 AM.277743816,3312989355.0,1.6e-08,62499999.99999999,4.792483938443262,8.004023839395247,9.329110349966072,-14.127492224000008,23.372510079999984,23.372510079999984,37.50000230399999,0.3972173529857602,-1.7933376131184975,2.505331076942935,4.110029273980929,5.371418277809129,6.763466193318496,-0.7925002239999999,11.394998528,11.394998528,12.187498752,0.40703701447166607,-1.8191698808358439,1.6847867945665065,3.083109025565737,0.4543479287166573,3.1164071145878913,2.4794999884799998,3.58887505664,3.58887505664,1.1093750681600003,-0.40088250163599604,-1.8343689159868075,1.1516066177106603,1.951247728502092,2.0818345092018196,2.8533143222729866,-2.31359777728,6.5523402674432,6.5523402674432,8.865938044723201,0.4034593437352925,-1.812861299776899,2.2963962351766147,125000,0.0019999840000000002,31249999.999999996
Device 2,Device 2/Device2b  1.mat,13,12/24/2008 10:49:37 AM.892743587,3312989377.0,1.6e-08,62499999.99999999,4.97943394992947,8.00491274426874,9.427268454068033,-12.564992128,24.93501017599999,24.93501017599999,37.50000230399999,0.39784055175891514,-1.7920320599587511,2.644987813542118,4.291011755448321,5.595778378004664,7.051632260770565,-0.7925002239999999,12.019998464,12.019998464,12.812498688,0.4077415282100078,-1.8158226832017195,1.7045696683403793,3.080755150421114,0.4590575154698228,3.114769028251622,2.4794999884799998,3.58887505664,3.58887505664,1.1093750681600003,-0.3989138687979476,-1.835661608895247,1.1522122584654384,1.9942787698959186,2.1145677141477455,2.906637994276825,-1.6803164883712,7.185621556352,7.185621556352,8.865938044723201,0.400888968543214,-1.8162660860175943,2.472141894002797,125000,0.0019999840000000002,31249999.999999996
Device 2,Device 2/Device2b  1.mat,14,12/24/2008 10:50:00 AM.767743587,3312989400.0,1.6e-08,62499999.99999999,4.969946449346558,8.004509113651554,9.421917737907886,-11.002492031999992,24.93501017599999,24.93501017599999,35.937502207999984,0.39755661720523355,-1.7923314347097257,2.6464899046695294,3.6371293224058876,4.735296819721181,5.9709082792123205,-0.7925002239999999,10.457498624,10.457498624,11.249998847999999,0.4077671144366747,-1.808996729217347,1.7514083511226783,4.019700333109902,0.5188965910512187,4.053053717903137,3.3388750412799997,4.57325011712,4.57325011712,1.23437507584,-0.4004661927429245,-1.8339431030387114,1.1283467813217112,2.1923708458166953,2.3860221079082873,3.2403073041015897,-2.31359777728,7.607809082291199,7.607809082291199,9.9214068595712,0.40017562661362877,-1.8213592704110813,2.347866534961426,125000,0.0019999840000000002,31249999.999999996
Device 2,Device 2/Device2b  1.mat,15,12/24/2008 10:50:23 AM.423743724,3312989423.0,1.6e-08,62499999.99999999,5.033046453223422,7.979221183227298,9.433956078505354,-12.564992128,24.93501017599999,24.93501017599999,37.50000230399999,0.39833683397545444,-1.7921914080710108,2.6431128116880647,3.3470843521064957,4.416371265902193,5.541417582027428,-0.7925002239999999,9.832498688000001,9.832498688000001,10.624998912,0.4102342023684357,-1.8109201023024253,1.7743652309997189,4.0586893355053855,0.468374311732799,4.085625241996179,3.448250048,4.651375121919999,4.651375121919999,1.2031250739199995,-0.4046406985113888,-1.8309869528789262,1.1384732682059215,1.999341642706982,2.1505723369193,2.9363801491947177,-1.6803164883712,7.396715319321601,7.396715319321601,9.077031807692801,0.40564236786980196,-1.8142580544080154,2.5189910513971085,125000,0.0019999840000000002,31249999.999999996
Device 2,Device 2/Device2b  1.mat,16,12/24/2008 10:50:46 AM.135743618,3312989446.0,1.6e-08,62499999.99999999,4.9191964462284785,7.980790656958197,9.375047369841827,-12.564992128,24.93501017599999,24.93501017599999,37.50000230399999,0.3976975328999437,-1.792532698663139,2.6597209797800403,3.7381418120622074,4.861217804339196,6.132303217251421,-0.7925002239999999,10.769998592,10.769998592,11.562498816,0.40909122263743203,-1.810128555589945,1.7562730038693775,4.043048084544388,0.48833817902500143,4.072433178215636,3.41700004608,4.57325011712,4.57325011712,1.1562500710399997,-0.4005706795765826,-1.834135261134921,1.122977325099733,2.075593776141912,2.2476836443445825,3.059439701744943,-2.7357853032191994,7.396715319321601,7.396715319321601,10.1325006225408,0.40041499072142034,-1.8199206893108772,2.4176699135802235,125000,0.0019999840000000002,31249999.999999996
Device 2,Device 2/Device2b  1.mat,17,12/24/2008 10:51:08 AM.695743560,3312989468.0,1.6e-08,62499999.99999999,5.076658955902975,7.979380515668616,9.457429860611276,-12.564992128,24.93501017599999,24.93501017599999,37.50000230399999,0.3985883769691847,-1.7926058133857516,2.6365524823874646,3.2727193597214717,4.318219725209613,5.418275888387847,-0.7925002239999999,9.207498752,9.207498752,9.999998975999999,0.40803100415765126,-1.8157204241309155,1.6993410711575259,4.048138834857163,0.4820676906482398,4.076741012701892,3.41700004608,4.651375121919999,4.651375121919999,1.2343750758399992,-0.40481676283898815,-1.831491633144456,1.1409542836858464,2.0504111345946905,2.2120733703585267,3.0161986699684125,-2.7357853032191994,6.974527793382399,6.974527793382399,9.710313096601599,0.40495381421736293,-1.8169987274733588,2.312356895726448,125000,0.0019999840000000002,31249999.999999996
Device 2,Device 2/Device2b  1.mat,18,12/24/2008 10:51:31 AM.364743709,3312989491.0,1.6e-08,62499999.99999999,4.846821441781757,8.007256497995199,9.359905700016519,-14.127492224000008,24.93501017599999,24.93501017599999,39.0625024,0.39699080585133734,-1.7927222487156584,2.664023653139581,4.314831753009154,5.571877132754266,7.047239731929512,-0.7925002239999999,12.332498432000001,12.332498432000001,13.124998656,0.40854139881552815,-1.8125689785116028,1.7499757211499605,4.036314959130705,0.49613640922021934,4.066692733150151,3.3701250432,4.57325011712,4.57325011712,1.20312507392,-0.3971937333587558,-1.837332786757406,1.1245624927205793,2.1518307108259087,2.2940277399759825,3.145304226912375,-2.31359777728,7.396715319321601,7.396715319321601,9.7103130966016,0.3965259433799061,-1.824288458065058,2.351669277659247,125000,0.0019999840000000002,31249999.999999996
Device 2,Device 2/Device2b  1.mat,19,12/24/2008 10:51:54 AM.195743560,3312989514.0,1.6e-08,62499999.99999999,5.02468395270963,7.9723019898164935,9.423643023876155,-14.127492224000008,23.372510079999984,23.372510079999984,37.50000230399999,0.39824835044332274,-1.7922403506404647,2.4801990080462906,3.7167793142497283,4.77249150386213,6.049059730674751,-0.7925002239999999,10.457498624,10.457498624,11.249998847999999,0.40284206292724817,-1.812042180549923,1.7287808501823974,4.044110209609644,0.4854718188320203,4.073145010228465,3.41700004608,4.55762511616,4.55762511616,1.1406250700799996,-0.39608208828094305,-1.83547445343922,1.1189449687440318,2.0986435263080887,2.228246311814414,3.0609453240182827,-2.31359777728,6.974527793382399,6.974527793382399,9.288125570662398,0.3951603074646256,-1.8220962679211454,2.2785535366004273,125000,0.0019999840000000002,31249999.999999996
Device 2,Device 2/Device2b  1.mat,20,12/24/2008 10:52:16 AM.879743576,3312989536.0,1.6e-08,62499999.99999999,4.831271440826366,8.019865493153151,9.362661281025451,-11.002492031999992,24.93501017599999,24.93501017599999,35.937502207999984,0.3973269026704471,-1.7930942252148665,2.6632395883565456,3.7781818079621123,4.863113031736972,6.158289221323226,-0.7925002239999999,10.769998592,10.769998592,11.562498816,0.4043903224121106,-1.8128936440375947,1.7488620954515448,4.070223711214058,0.4532046665788588,4.095377336600134,3.46387504896,4.5263751142399995,4.5263751142399995,1.0625000652799996,-0.39615701529638164,-1.836022350079771,1.1052400651310115,1.951656406027201,2.0692473560063744,2.8444239043304327,-2.7357853032191994,7.607809082291199,7.607809082291199,10.343594385510398,0.3981597763519314,-1.8135539099169478,2.674639694424186,125000,0.0019999840000000002,31249999.999999996
Device 2,Device 2/Device2b  1.mat,21,12/24/2008 10:52:39 AM.686743736,3312989559.0,1.6e-08,62499999.99999999,5.005633951539198,7.982988530480544,9.422551519338372,-12.564992128,23.372510079999984,23.372510079999984,35.937502207999984,0.39810490478379695,-1.7919147450833668,2.4804863132911947,3.076164379848705,4.053284694613907,5.088408799167115,-0.7925002239999999,8.894998784,8.894998784,9.687499008,0.40712515172602215,-1.8177171089219142,1.7480904414472278,4.091365962513039,0.4302793922571172,4.113929483427177,3.5263750527999997,4.651375121919999,4.651375121919999,1.1250000691199995,-0.4057277956508819,-1.830909863017432,1.1306404596038662,1.842522619322021,1.9483701630241577,2.681610690401585,-2.1025040143103992,6.5523402674432,6.5523402674432,8.654844281753599,0.4042551492138624,-1.8134815199954577,2.443434571206141,125000,0.0019999840000000002,31249999.999999996
Device 2,Device 2/Device2b  1.mat,22,12/24/2008 10:53:02 AM.331743717,3312989582.0,1.6e-08,62499999.99999999,5.083133956300799,7.978622585961859,9.460267923632973,-12.564992128,23.372510079999984,23.372510079999984,35.937502207999984,0.39838286804986495,-1.7919264081544644,2.4705970558838435,3.1645768707952637,4.1631186345983915,5.229350202167829,-0.7925002239999999,8.894998784,8.894998784,9.687499008,0.4077781027639155,-1.8173916365987608,1.7009759224602274,4.093092962619146,0.4278293956565114,4.115391596486317,3.5263750527999997,4.651375121919999,4.651375121919999,1.1250000691199995,-0.4049926749967945,-1.831959888074539,1.1302387665590075,1.8254189582711724,1.9336950091177245,2.659197390473789,-2.1025040143103992,6.5523402674432,6.5523402674432,8.654844281753599,0.40337297537230354,-1.8156119815772367,2.464029293544008,125000,0.0019999840000000002,31249999.999999996
Device 2,Device 2/Device2b  1.mat,23,12/24/2008 10:53:25 AM.101743698,3312989605.0,1.6e-08,62499999.99999999,4.911408945750015,8.017141167558188,9.401940774805464,-12.564992128,24.93501017599999,24.93501017599999,37.50000230399999,0.39762662773881075,-1.7923737025448419,2.6521130874190093,3.7775443080273923,4.953027254742551,6.229150823774672,-0.7925002239999999,10.769998592,10.769998592,11.562498816,0.40451964559294634,-1.8210189843502695,1.7289673820216982,4.086107337189948,0.4353672564713977,4.1092356733393824,3.5107500518399997,4.57325011712,4.57325011712,1.06250006528,-0.39996803089678185,-1.8350268747843246,1.1129198908670854,1.8673269808460013,1.9679702525276128,2.712898259837445,-1.6803164883712,6.974527793382399,6.974527793382399,8.654844281753599,0.39883739876452184,-1.817348195042566,2.57087701984088,125000,0.0019999840000000002,31249999.999999996
Device 2,Device 2/Device2b  1.mat,24,12/24/2008 10:53:47 AM.853743553,3312989627.0,1.6e-08,62499999.99999999,4.800521438937085,8.000176943871987,9.329943044786258,-11.002492031999992,24.93501017599999,24.93501017599999,35.937502207999984,0.3960366852687735,-1.792980209349517,2.6725790346527494,4.0773417773281295,5.325939112932325,6.707484133697795,-0.7925002239999999,11.707498496,11.707498496,12.499998719999999,0.4130634669009419,-1.8074751171303642,1.745438119962533,4.396795981278658,0.310781843146469,4.40776590292834,3.9638750796799997,4.651375121919999,4.651375121919999,0.6875000422399995,-0.4047183915963114,-1.8320153483400594,1.0552681844627492,1.9304220622225632,2.03973570192568,2.808389408900742,-2.31359777728,6.974527793382399,6.974527793382399,9.288125570662398,0.4021574303218445,-1.812977200673045,2.4834617917578474,125000,0.0019999840000000002,31249999.999999996
Device 2,Device 2/Device2b  1.mat,25,12/24/2008 10:54:10 AM.646743774,3312989650.0,1.6e-08,62499999.99999999,4.95099644818227,8.00638992433426,9.413535225960256,-12.564992128,24.93501017599999,24.93501017599999,37.50000230399999,0.3971975376965859,-1.7920265302831881,2.6488465361276026,4.072501777823745,5.335175752896535,6.711882824116692,-0.7925002239999999,11.082498560000001,11.082498560000001,11.874998784,0.40505241491001204,-1.8222001367377043,1.6511758101883278,4.396330481250057,0.31112577713872397,4.4073258274795775,3.9638750796799997,4.651375121919999,4.651375121919999,0.6875000422399995,-0.4036607308601716,-1.8326637244186912,1.0553735539403009,1.9152334437893745,2.030042986824267,2.7909126952600465,-2.31359777728,6.974527793382399,6.974527793382399,9.288125570662398,0.3997113350901616,-1.8146409942197599,2.499013245820124,125000,0.0019999840000000002,31249999.999999996
Device 2,Device 2/Device2b  1.mat,26,12/24/2008 10:54:33 AM.325743675,3312989673.0,1.6e-08,62499999.99999999,5.025671452770302,7.968928124797705,9.421315672950474,-12.564992128,23.372510079999984,23.372510079999984,35.937502207999984,0.39795058140585526,-1.791911997452525,2.480811692479933,4.433439240863744,5.758206693568472,7.267209081090709,-0.7925002239999999,12.332498432000001,12.332498432000001,13.124998656,0.4066190453270737,-1.8187911093569447,1.697006140099806,4.3912313559367675,0.31699990062540534,4.402658487591195,3.9638750796799997,4.651375121919999,4.651375121919999,0.6875000422399995,-0.4017755703332809,-1.8338722805523735,1.0564923750115545,1.9519924672978488,2.0695811076320916,2.8448972834630104,-1.891410251340801,6.7634340304128004,6.7634340304128004,8.6548442817536,0.3976940524298251,-1.8166378023994838,2.377391292728808,125000,0.0019999840000000002,31249999.999999996
Device 2,Device 2/Device2b  1.mat,27,12/24/2008 10:54:56 AM.229743957,3312989696.0,1.6e-08,62499999.99999999,4.741071435284477,8.030940757633108,9.325972753932056,-12.564992128,21.810009984000004,21.810009984000004,34.375002112000004,0.39656080210923994,-1.7938980619908234,2.3386311068520307,4.6222567215288315,6.011914672783709,7.583427670423877,-0.7925002239999999,12.6449984,12.6449984,13.437498624,0.4058481356132454,-1.8233754147687902,1.667451573292741,4.38656473065005,0.3228645583266015,4.39843059047274,3.94825007872,4.651375121919999,4.651375121919999,0.7031250431999991,-0.4018800323319338,-1.8350634517892717,1.0575079056596122,1.970453883432118,2.1120758341682935,2.8885208733901178,-2.31359777728,6.7634340304128004,6.7634340304128004,9.077031807692801,0.3988190304645708,-1.8178007084132548,2.3414869848161715,125000,0.0019999840000000002,31249999.999999996
Device 2,Device 2/Device2b  1.mat,28,12/24/2008 10:55:18 AM.861743927,3312989718.0,1.6e-08,62499999.99999999,4.641871429189628,8.032198643746026,9.277024599391902,-11.002492031999992,24.93501017599999,24.93501017599999,35.937502207999984,0.3954200811975603,-1.7946826636031927,2.6878240872223675,4.5359992303615995,5.903165013427979,7.444638755077454,-0.7925002239999999,12.332498432000001,12.332498432000001,13.124998656,0.40490696180997204,-1.822915526647623,1.6565610283761436,4.4002142314886745,0.305969344942912,4.410839208477257,3.9638750796799997,4.651375121919999,4.651375121919999,0.6875000422399995,-0.40088290403184657,-1.835086062840397,1.0545329135962274,1.9378289201776404,2.0087832689386413,2.791127217710553,-2.31359777728,7.396715319321601,7.396715319321601,9.7103130966016,0.3967957017884656,-1.816561537039652,2.6500817563553487,125000,0.0019999840000000002,31249999.999999996
Device 2,Device 2/Device2b  1.mat,29,12/24/2008 10:55:41 AM.475743770,3312989741.0,1.6e-08,62499999.99999999,4.997721451053054,8.022966597252665,9.45225966226848,-12.564992128,21.810009984000004,21.810009984000004,34.375002112000004,0.3979096159050084,-1.7926411110133522,2.3073858276514745,4.532946730674175,5.918610296713184,7.455035473254908,-1.1050001919999999,12.332498432000001,12.332498432000001,13.437498624000002,0.4050347105666805,-1.8214933480029147,1.6542508048745161,4.40403998172373,0.3011480270475168,4.414324217229152,3.9951250815999995,4.651375121919999,4.651375121919999,0.6562500403199998,-0.4004039962282711,-1.8347368836009248,1.053700383801814,1.9331257511386777,1.9762550725535957,2.7645179112296043,-2.31359777728,6.341246504473599,6.341246504473599,8.654844281753599,0.39489590988189105,-1.8181393200156486,2.2937983070086654,125000,0.0019999840000000002,31249999.999999996
Device 2,Device 2/Device2b  1.mat,30,12/24/2008 10:56:04 AM.341743946,3312989764.0,1.6e-08,62499999.99999999,4.824858940432381,8.019512329638808,9.359051330145547,-12.564992128,24.93501017599999,24.93501017599999,37.50000230399999,0.39692678892993216,-1.7927243385929343,2.6642668467565946,4.281744256397313,5.634110671078978,7.076477720671309,-1.1050001919999999,12.019998464,12.019998464,13.124998656,0.404731699017671,-1.8215506383059463,1.6985849370920827,4.3970702312955074,0.30984090764618016,4.407973231202312,3.97950008064,4.651375121919999,4.651375121919999,0.6718750412799994,-0.40153718832524743,-1.8339576683313779,1.0552185501025144,1.9482029120650184,2.0442037888844933,2.8238738847668703,-2.31359777728,6.974527793382399,6.974527793382399,9.288125570662398,0.39729960689405075,-1.8160288787953107,2.4698439370843905,125000,0.0019999840000000002,31249999.999999996
Device 2,Device 2/Device2b  1.mat,31,12/24/2008 10:56:26 AM.978743553,3312989786.0,1.6e-08,62499999.99999999,4.849721441959933,7.9899206218277685,9.346583846931164,-12.564992128,24.93501017599999,24.93501017599999,37.50000230399999,0.39717859251931786,-1.7928826640248239,2.6678207336883943,4.161196768741377,5.382493989911421,6.803440313519054,-0.7925002239999999,11.707498496,11.707498496,12.499998719999999,0.40400472931998815,-1.8202870961570294,1.7208203433101539,4.406708856887706,0.29795090486030856,4.416770051868178,4.0107500825599995,4.651375121919999,4.651375121919999,0.6406250393599997,-0.40150993816081015,-1.8331149143895913,1.0531168857098616,1.9399043940551575,1.9729774947640286,2.7669241501927457,-1.6803164883712,7.185621556352,7.185621556352,8.865938044723201,0.39489346649614654,-1.8167520136779824,2.5969709201647055,125000,0.0019999840000000002,31249999.999999996
Device 2,Device 2/Device2b  1.mat,32,12/24/2008 10:56:49 AM.665743827,3312989809.0,1.6e-08,62499999.99999999,4.852046442102781,8.00265557092675,9.358677837344718,-14.127492224000008,24.93501017599999,24.93501017599999,39.0625024,0.3970515874457745,-1.7926739726792675,2.6643731742212267,3.7898518067671043,4.946256073938044,6.231245932092945,-0.7925002239999999,10.769998592,10.769998592,11.562498816,0.40744282249213704,-1.8156319969086214,1.7283860578397332,4.3973498563126885,0.31001044682518397,4.408264084189373,3.97950008064,4.651375121919999,4.651375121919999,0.6718750412799994,-0.4049878267770964,-1.8312492640414184,1.0551489278064274,1.9540561199246393,2.0429035573115257,2.8269754622725367,-1.469222725401599,7.185621556352,7.185621556352,8.654844281753599,0.4011453571884686,-1.812803788496752,2.5418054214646966,125000,0.0019999840000000002,31249999.999999996
Device 2,Device 2/Device2b  1.mat,33,12/24/2008 10:57:12 AM.429743766,3312989832.0,1.6e-08,62499999.99999999,4.857258942423037,8.018656100060745,9.375063204309077,-11.002492031999992,24.93501017599999,24.93501017599999,35.937502207999984,0.3976493941972755,-1.7930988354947965,2.6597164875154196,4.458356738312192,5.775025061908858,7.295742544232846,-0.7925002239999999,12.332498432000001,12.332498432000001,13.124998656,0.40514357917049554,-1.818893811459491,1.690369192337882,4.594696993437695,0.0698648732332557,4.595228129485772,4.4638751104,4.651375121919999,4.651375121919999,0.18750001151999918,-0.4465981827401029,-1.7537960680016271,1.0122185429867898,1.9707004409472664,2.0083292693172394,2.8137246990325946,-2.31359777728,7.185621556352,7.185621556352,9.499219333632,0.3935177563121836,-1.8171301069019388,2.5537756266000495,125000,0.0019999840000000002,31249999.999999996
Device 2,Device 2/Device2b  1.mat,34,12/24/2008 10:57:35 AM.461743831,3312989855.0,1.6e-08,62499999.99999999,4.942333947650045,8.02770989375354,9.42713058084816,-11.002492031999992,26.497510272,26.497510272,37.50000230399999,0.39815479408246,-1.7926953736203564,2.8107715327324994,3.3884043478753276,4.467364251570545,5.60701590696075,-1.1050001919999999,9.832498688000001,9.832498688000001,10.937498880000001,0.4062368187832891,-1.817865237480495,1.7536063480386397,4.592331868292381,0.07278253653260035,4.592908586740861,4.44825010944,4.651375121919999,4.651375121919999,0.20312501247999926,-0.439042565273803,-1.7749800698354459,1.0127297406588767,1.9335682036658621,2.0395957379449747,2.8104513467539216,-2.31359777728,7.607809082291199,7.607809082291199,9.9214068595712,0.40356879133645934,-1.81092120106794,2.706970569363614,125000,0.0019999840000000002,31249999.999999996
Device 2,Device 2/Device2b  1.mat,35,12/24/2008 10:57:58 AM.086743831,3312989878.0,1.6e-08,62499999.99999999,4.868271443099645,7.9872811027393125,9.353968476420905,-11.002492031999992,24.93501017599999,24.93501017599999,35.937502207999984,0.39752218902563535,-1.7928015639941544,2.665714582944675,4.225359262171138,5.482468780315164,6.921786245005393,-0.7925002239999999,12.019998464,12.019998464,12.812498688,0.4064457794388187,-1.8182077002452557,1.7365457467966978,4.600276493780499,0.0628558568708265,4.600705889097061,4.47950011136,4.651375121919999,4.651375121919999,0.1718750105599991,-0.4327398580091621,-1.7818660090947454,1.0110133605677807,1.9209718166419396,1.9511827539463475,2.7381100890267884,-2.31359777728,7.185621556352,7.185621556352,9.499219333632,0.39477922112094344,-1.8175813801742853,2.6242997259858165,125000,0.0019999840000000002,31249999.999999996
Device 2,Device 2/Device2b  1.mat,36,12/24/2008 10:58:20 AM.788743972,3312989900.0,1.6e-08,62499999.99999999,4.831708940853246,7.99197064377997,9.339004554028337,-12.564992128,24.93501017599999,24.93501017599999,37.50000230399999,0.39752032615693206,-1.7931219464164023,2.66998586752422,4.464141737719808,5.754818133606855,7.283302355754724,-1.1050001919999999,12.019998464,12.019998464,13.124998656,0.40701205517099004,-1.821009432019976,1.6503500578281898,4.595920368512859,0.06834847082395457,4.5964285643503,4.44825010944,4.651375121919999,4.651375121919999,0.20312501247999926,-0.4468185700406768,-1.7499634572775813,1.0119541850374576,1.971769419762944,1.9950490835963626,2.8050125651538504,-2.31359777728,6.7634340304128004,6.7634340304128004,9.077031807692801,0.3983960753928973,-1.814675704546686,2.4111956268694423,125000,0.0019999840000000002,31249999.999999996
Device 2,Device 2/Device2b  1.mat,37,12/24/2008 10:58:43 AM.550743579,3312989923.0,1.6e-08,62499999.99999999,4.766921436872702,8.014966017854656,9.325407243261896,-14.127492224000008,24.93501017599999,24.93501017599999,39.0625024,0.3970678723221253,-1.7934186263406997,2.6738789551541426,4.461609237979136,5.792517343408811,7.3115808253832935,-0.7925002239999999,12.332498432000001,12.332498432000001,13.124998656,0.4076027795105269,-1.81963627843313,1.6867075296748153,4.588154993035754,0.07767402169146027,4.588812427389538,4.44825010944,4.651375121919999,4.651375121919999,0.20312501247999926,-0.4279215810915637,-1.791238108490311,1.0136337441375984,1.99736749383569,2.0521180508863934,2.8636803942139273,-1.891410251340801,6.7634340304128004,6.7634340304128004,8.6548442817536,0.39875292259425316,-1.815356406151545,2.3617977914289368,125000,0.0019999840000000002,31249999.999999996
Device 2,Device 2/Device2b  1.mat,38,12/24/2008 10:59:01 AM.688743591,3312989941.0,1.6e-08,62499999.99999999,4.836108941123581,7.998315746206087,9.346710890277055,-12.564992128,24.93501017599999,24.93501017599999,37.50000230399999,0.397384450155294,-1.7930988108788894,2.66778447185509,4.020201783179265,5.232468120598586,6.598541127443112,-1.1050001919999999,11.082498560000001,11.082498560000001,12.187498752000002,0.40730919526372195,-1.821382280020185,1.6795376956746182,4.604274869026159,0.05809623338417579,4.6046413803769015,4.49512511232,4.651375121919999,4.651375121919999,0.15625000959999902,-0.4451180698321757,-1.7614962818683129,1.0101492684625253,1.8976434227086432,1.9069153676793462,2.690237309093945,-1.6803164883712,6.974527793382399,6.974527793382399,8.654844281753599,0.398772424100554,-1.817193581176474,2.5925325508668142,125000,0.0019999840000000002,31249999.999999996
Device 2,Device 2/Device2b  1.mat,39,12/24/2008 10:59:28 AM.956743717,3312989968.0,1.6e-08,62499999.99999999,4.755671436181501,8.021679016848246,9.32543538169967,-12.564992128,24.93501017599999,24.93501017599999,37.50000230399999,0.39619824606210896,-1.7933664928979969,2.6738708870293295,4.104319274565633,5.3645185181293416,6.754516684332313,-1.1050001919999999,11.394998528,11.394998528,12.49999872,0.4065576069359406,-1.8211349405121644,1.6870190807925143,4.602927993943407,0.05964101226882106,4.60331436768904,4.49512511232,4.651375121919999,4.651375121919999,0.15625000959999902,-0.434043204320865,-1.7848624009771332,1.0104404675397145,1.955812420032546,1.933379693142937,2.750119862880715,-1.6803164883712,6.7634340304128004,6.7634340304128004,8.443750518784,0.3989925085771095,-1.815120984287014,2.459323363210864,125000,0.0019999840000000002,31249999.999999996
Device 2,Device 2/Device2b  1.mat,40,12/24/2008 10:59:51 AM.817743778,3312989991.0,1.6e-08,62499999.99999999,4.786408938070013,8.038652972077951,9.355728305585526,-11.002492031999992,24.93501017599999,24.93501017599999,35.937502207999984,0.3971828426484357,-1.7930991947240793,2.6652131572817668,4.080194277036033,5.346094668881291,6.725229627826737,-0.7925002239999999,11.394998528,11.394998528,12.187498752,0.40614034547706734,-1.8220036497425909,1.6943657181386538,4.599726368746699,0.0635519971242611,4.600165380036048,4.4638751104,4.651375121919999,4.651375121919999,0.18750001151999918,-0.4356088350234033,-1.773055378875709,1.011132152358303,1.958022993918364,1.9683236669748538,2.7763559034616523,-2.5246915402496013,7.396715319321601,7.396715319321601,9.921406859571203,0.4000935469922284,-1.8137005437229556,2.664181242073155,125000,0.0019999840000000002,31249999.999999996
Device 2,Device 2/Device2b  1.mat,41,12/24/2008 11:00:14 AM.695743560,3312990014.0,1.6e-08,62499999.99999999,4.871633943306238,7.9950897564719865,9.362386313948852,-12.564992128,24.93501017599999,24.93501017599999,37.50000230399999,0.3976485730208784,-1.79232427047601,2.663317805936908,4.088769276157953,5.363148892801852,6.743989934750418,-0.7925002239999999,11.394998528,11.394998528,12.187498752,0.40677832592221297,-1.8224156316934932,1.6896523628073454,4.5944693684237095,0.0701067398392412,4.595004214617726,4.4638751104,4.651375121919999,4.651375121919999,0.18750001151999918,-0.4425941107602139,-1.7611210805447166,1.0122678684652662,1.9700080534047262,2.0135027789983613,2.816935421963663,-2.31359777728,7.396715319321601,7.396715319321601,9.7103130966016,0.4019562449732019,-1.8125370909506853,2.625802232329987,125000,0.0019999840000000002,31249999.999999996
Device 2,Device 2/Device2b  1.mat,42,12/24/2008 11:00:37 AM.462743759,3312990037.0,1.6e-08,62499999.99999999,4.878721443741693,8.004957432595301,9.374500862621316,-12.564992128,24.93501017599999,24.93501017599999,37.50000230399999,0.3971192666293775,-1.7923243273999123,2.659876034085469,3.740579311812608,4.92562284714235,6.184957075053244,-0.7925002239999999,14.20749824,14.20749824,14.999998463999999,0.41436896807800855,-1.802616971977489,2.2971053909663053,4.591737993255893,0.07341886678315729,4.592324915411517,4.44825010944,4.651375121919999,4.651375121919999,0.20312501247999926,-0.4365845807565926,-1.7748022071950658,1.0128584557051514,1.9621452329216347,2.0361433522557983,2.8277011274200414,-2.5246915402496013,7.185621556352,7.185621556352,9.710313096601602,0.40480154692620013,-1.8107864042444068,2.541153124944315,125000,0.0019999840000000002,31249999.999999996
Device 2,Device 2/Device2b  1.mat,43,12/24/2008 11:01:00 AM.289743900,3312990060.0,1.6e-08,62499999.99999999,4.830771440795645,8.013782917810083,9.357193455678445,-11.002492031999992,24.93501017599999,24.93501017599999,35.937502207999984,0.39724548601370835,-1.793053408607555,2.664795837994361,3.93848679154688,5.122227713135266,6.461338479943623,-0.7925002239999999,11.082498560000001,11.082498560000001,11.874998784,0.4072367458253224,-1.80878276669898,1.7152016713565978,4.604119494016613,0.058450550660791634,4.604490501896638,4.49512511232,4.651375121919999,4.651375121919999,0.15625000959999902,-0.4509065447101585,-1.7601848687066348,1.0101823687124665,1.9498426884157658,1.9090633320782509,2.7288109710007644,-2.31359777728,6.974527793382399,6.974527793382399,9.288125570662398,0.39052792906598977,-1.8190528020976509,2.55588528025617,125000,0.0019999840000000002,31249999.999999996
Device 2,Device 2/Device2b  1.mat,44,12/24/2008 11:01:23 AM.039743900,3312990083.0,1.6e-08,62499999.99999999,4.788933938225149,8.002456046491213,9.325941831295562,-12.564992128,24.93501017599999,24.93501017599999,37.50000230399999,0.39623243106324424,-1.7929230832888492,2.6737256812308483,3.2760318593822717,4.340156380521822,5.437769961213139,-0.7925002239999999,9.51999872,9.51999872,10.312498944,0.40656682936648025,-1.8177331915665806,1.7507174426106353,4.620082494997379,0.03884434494422449,4.6202457882363115,4.5263751142399995,4.651375121919999,4.651375121919999,0.12500000767999975,-0.47838552517020533,-1.686124483699372,1.0067375925676827,1.8723003499015647,1.8314058002946456,2.619075372262966,-1.469222725401599,6.974527793382399,6.974527793382399,8.443750518783999,0.3994730065580757,-1.8164520860152225,2.662973302427788,125000,0.0019999840000000002,31249999.999999996
Device 2,Device 2/Device2b  1.mat,45,12/24/2008 11:01:45 AM.726743698,3312990105.0,1.6e-08,62499999.99999999,4.7765339374632925,7.997738631747655,9.315530026653741,-11.002492031999992,24.93501017599999,24.93501017599999,35.937502207999984,0.3967001459753511,-1.793443890836644,2.6767140575636112,4.303651754153986,5.587230336644617,7.052557072137353,-0.7925002239999999,12.019998464,12.019998464,12.812498688,0.408248168426443,-1.8141016295765862,1.704346145809666,4.611983619499785,0.04889399269347566,4.612242787305961,4.51075011328,4.651375121919999,4.651375121919999,0.14062500863999894,-0.4804190188254926,-1.6799110955127587,1.0084844481131263,1.941458044150613,1.8446684408863427,2.678070386304134,-2.1025040143103992,6.7634340304128004,6.7634340304128004,8.8659380447232,0.3911927725267823,-1.8205992942610807,2.5254877784398584,125000,0.0019999840000000002,31249999.999999996
Device 2,Device 2/Device2b  1.mat,46,12/24/2008 11:02:08 AM.439743518,3312990128.0,1.6e-08,62499999.99999999,4.792308938432509,8.00395922853842,9.328965017272038,-12.564992128,24.93501017599999,24.93501017599999,37.50000230399999,0.397247081708685,-1.7932230046832884,2.672859221771575,4.496149234442241,5.786908118252264,7.328278345387101,-0.7925002239999999,12.019998464,12.019998464,12.812498688,0.40481767575332706,-1.8197970855054102,1.6402213313262282,4.603448243975371,0.05907947378115119,4.603827333771566,4.47950011136,4.651375121919999,4.651375121919999,0.1718750105599991,-0.4417574232757995,-1.770715483744108,1.0103278825857878,1.9562717600607678,1.9084527889863203,2.732982116114359,-2.5246915402496013,7.185621556352,7.185621556352,9.710313096601602,0.39078992136083823,-1.8203908731620941,2.6292237750052387,125000,0.0019999840000000002,31249999.999999996
Device 2,Device 2/Device2b  1.mat,47,12/24/2008 11:02:31 AM.184743881,3312990151.0,1.6e-08,62499999.99999999,4.785883938037758,8.025576553996615,9.344226243645217,-14.127492224000008,24.93501017599999,24.93501017599999,39.0625024,0.3971297491324523,-1.7933353769783156,2.6684938405635985,3.9220992932249605,5.125034380199513,6.453591268754376,-0.7925002239999999,11.082498560000001,11.082498560000001,11.874998784,0.4076463685292949,-1.8173200635458766,1.7172606845520078,4.615578369720645,0.04434786980351682,4.615791418661509,4.5263751142399995,4.651375121919999,4.651375121919999,0.12500000767999975,-0.4707520500447967,-1.7005597470726324,1.0077091228851085,1.9181296502173166,1.8340026057891272,2.653824959013709,-1.469222725401599,6.5523402674432,6.5523402674432,8.0215629928448,0.39619297531477565,-1.8188351605024142,2.469017500641176,125000,0.0019999840000000002,31249999.999999996
Device 2,Device 2/Device2b  1.mat,48,12/24/2008 11:02:53 AM.946743965,3312990173.0,1.6e-08,62499999.99999999,4.8010839389716455,8.025695655785553,9.352122633303448,-12.564992128,24.93501017599999,24.93501017599999,37.50000230399999,0.39708704799599664,-1.792894172407109,2.666240719214372,3.7060793153454084,4.834166623896396,6.091320943705475,-0.7925002239999999,10.457498624,10.457498624,11.249998847999999,0.4052356922357955,-1.8115986709220993,1.7167866741295836,4.604250869024685,0.05831796607693468,4.604620185214186,4.49512511232,4.651375121919999,4.651375121919999,0.15625000959999902,-0.4517815655547881,-1.759414431624329,1.010153918200669,1.9089648034042288,1.9172157690473806,2.70552451951929,-1.469222725401599,6.974527793382399,6.974527793382399,8.443750518783999,0.3918794947879755,-1.818861161208857,2.5778837866978983,125000,0.0019999840000000002,31249999.999999996
Device 2,Device 2/Device2b  1.mat,49,12/24/2008 11:03:16 AM.651743888,3312990196.0,1.6e-08,62499999.99999999,4.83774644122419,8.00032158899224,9.349274632658547,-12.564992128,24.93501017599999,24.93501017599999,37.50000230399999,0.39721046719968617,-1.7929573216144234,2.667052916479522,4.016729283534848,5.130957498643496,6.516198200645242,-0.7925002239999999,11.082498560000001,11.082498560000001,11.874998784,0.40539867052218703,-1.8089856454663658,1.70076142848181,4.614075119628286,0.04641065121205644,4.614308524374884,4.51075011328,4.651375121919999,4.651375121919999,0.14062500863999894,-0.48154403107404076,-1.6885636365599397,1.0080329690460255,1.9293530834068842,1.8551930649502137,2.6765919802411084,-2.1025040143103992,7.185621556352,7.185621556352,9.2881255706624,0.38544030861900797,-1.8229487126577983,2.6846159629099375,125000,0.0019999840000000002,31249999.999999996
Device 2,Device 2/Device2b  1.mat,50,12/24/2008 11:03:39 AM.378743648,3312990219.0,1.6e-08,62499999.99999999,4.794733938581502,8.010702969137679,9.33599676529167,-14.127492224000008,24.93501017599999,24.93501017599999,39.0625024,0.39718329829327653,-1.7925672299350004,2.6708460599194503,4.280576756516865,5.426340680409898,6.911476727031915,-1.1050001919999999,12.019998464,12.019998464,13.124998656,0.4044294730328384,-1.805224359728488,1.739136068705523,4.615750119731199,0.04441231098890294,4.615963780313486,4.51075011328,4.651375121919999,4.651375121919999,0.14062500863999894,-0.48702746734681507,-1.6839914583887163,1.0076714946849321,1.9252983944077642,1.8398213843600963,2.6630277193183356,-1.891410251340801,7.185621556352,7.185621556352,9.077031807692801,0.3764606261909345,-1.8273883935178334,2.698290184599103,125000,0.0019999840000000002,31249999.999999996
Device 2,Device 2/Device2b  1.mat,51,12/24/2008 11:04:02 AM.592743873,3312990242.0,1.6e-08,62499999.99999999,4.503371420680189,8.03659924805167,9.212343981114891,-12.564992128,24.93501017599999,24.93501017599999,37.50000230399999,0.39396472239034364,-1.796903932003935,2.7066955193071633,4.510839232937984,5.838283517111633,7.377887571086315,-0.7925002239999999,12.332498432000001,12.332498432000001,13.124998656,0.4049502232702539,-1.817450808487745,1.6715487072926718,4.651375121919998,8.881784197001252e-16,4.65137512192,4.651375121919999,4.651375121919999,4.651375121919999,0.0,,,0.9999999999999998,2.118555578781485,1.9804855211865056,2.9001035567744022,-1.6803164883712,7.396715319321601,7.396715319321601,9.077031807692801,0.3903824670192763,-1.8177676464459718,2.5505004130088684,125000,0.0019999840000000002,31249999.999999996
Device 2,Device 2/Device2b  1.mat,52,12/24/2008 11:04:25 AM.159743785,3312990265.0,1.6e-08,62499999.99999999,4.993383950786558,8.001762417721466,9.431971430704849,-14.127492224000008,24.93501017599999,24.93501017599999,39.0625024,0.3982422028684073,-1.792171244718652,2.6436689677437464,4.460826738059263,5.792383363098778,7.310997210510203,-1.1050001919999999,12.332498432000001,12.332498432000001,13.437498624000002,0.40730792914784175,-1.8135864662488026,1.6868421744534314,4.651375121919998,8.881784197001252e-16,4.65137512192,4.651375121919999,4.651375121919999,4.651375121919999,0.0,,,0.9999999999999998,2.1035257028580494,2.027205290224001,2.9213664048346675,-2.1025040143103992,6.974527793382399,6.974527793382399,9.077031807692798,0.3915021463247602,-1.8194530152147605,2.3874197299729394,125000,0.0019999840000000002,31249999.999999996
Device 2,Device 2/Device2b  1.mat,53,12/24/2008 11:04:47 AM.954743862,3312990287.0,1.6e-08,62499999.99999999,4.878271443714046,8.004425268897563,9.373812253502935,-12.564992128,24.93501017599999,24.93501017599999,37.50000230399999,0.39759572976948565,-1.7927522368913613,2.6600714310959166,4.363721748002816,5.69547390858335,7.174990629774122,-1.1050001919999999,12.332498432000001,12.332498432000001,13.437498624000002,0.4074093102179502,-1.8136450078579818,1.7188173571716907,4.651375121919998,8.881784197001252e-16,4.65137512192,4.651375121919999,4.651375121919999,4.651375121919999,0.0,,,0.9999999999999998,2.1026559965546143,2.0431910229631827,2.931858079130779,-2.1025040143103992,7.396715319321601,7.396715319321601,9.499219333632,0.3929033593120391,-1.8194863044776848,2.5228763192775476,125000,0.0019999840000000002,31249999.999999996
Device 2,Device 2/Device2b  1.mat,54,12/24/2008 11:05:10 AM.688743591,3312990310.0,1.6e-08,62499999.99999999,4.833108940939262,7.9951982187674,9.342490920111642,-14.127492224000008,24.93501017599999,24.93501017599999,39.0625024,0.39727754835062984,-1.7930320226245013,2.668989500682546,4.047091780425729,5.133899511316407,6.5372682422770705,-0.7925002239999999,11.707498496,11.707498496,12.499998719999999,0.40454227902113227,-1.7993845190690294,1.790885437480844,4.651375121919998,8.881784197001252e-16,4.65137512192,4.651375121919999,4.651375121919999,4.651375121919999,0.0,,,0.9999999999999998,2.1123612434009047,2.091937542630079,2.972923259165529,-1.6803164883712,7.396715319321601,7.396715319321601,9.077031807692801,0.3817472511192514,-1.8243329084783377,2.488027666545886,125000,0.0019999840000000002,31249999.999999996
Device 2,Device 2/Device2b  1.mat,55,12/24/2008 11:05:28 AM.849743843,3312990328.0,1.6e-08,62499999.99999999,4.808846439448573,7.996383036226653,9.330977748352561,-12.564992128,24.93501017599999,24.93501017599999,37.50000230399999,0.3977860156444412,-1.7936610538585338,2.672282674814267,4.341214250307585,5.586516258558391,7.07497739036747,-0.7925002239999999,12.019998464,12.019998464,12.812498688,0.4072055048190656,-1.808503080205344,1.6989451415583519,4.651375121919998,8.881784197001252e-16,4.65137512192,4.651375121919999,4.651375121919999,4.651375121919999,0.0,,,0.9999999999999998,2.1603014813463535,1.7561122997859007,2.7840317706101296,-1.891410251340801,6.974527793382399,6.974527793382399,8.865938044723201,0.38319068472734535,-1.8157295494017114,2.5051897277213575,125000,0.0019999840000000002,31249999.999999996
Device 2,Device 2/Device2b  1.mat,56,12/24/2008 11:05:56 AM.110743522,3312990356.0,1.6e-08,62499999.99999999,4.862558942748669,8.001733276467505,9.36334421557984,-12.564992128,24.93501017599999,24.93501017599999,37.50000230399999,0.39784731804751144,-1.79326417710426,2.663045339560429,4.24289176037581,5.491922458272379,6.939981468126659,-1.1050001919999999,12.019998464,12.019998464,13.124998656,0.405422075764488,-1.8129799761562322,1.7319928762352466,4.651375121919998,8.881784197001252e-16,4.65137512192,4.651375121919999,4.651375121919999,4.651375121919999,0.0,,,0.9999999999999998,2.139849028839755,1.7408027781451636,2.758504699764777,-1.891410251340801,6.5523402674432,6.5523402674432,8.443750518784,0.3828694020975321,-1.8174678749185251,2.3753232205846633,125000,0.0019999840000000002,31249999.999999996
Device 2,Device 2/Device2b  1.mat,57,12/24/2008 11:06:18 AM.820743560,3312990378.0,1.6e-08,62499999.99999999,4.945358947835902,7.983806506611604,9.391365260597333,-12.564992128,24.93501017599999,24.93501017599999,37.50000230399999,0.3983977782077816,-1.7925686045308007,2.655099603102224,4.271899257405441,5.4850394179036135,6.952321963299569,-0.7925002239999999,11.707498496,11.707498496,12.499998719999999,0.4036792763441129,-1.8142306308565535,1.6839695511517456,4.651375121919998,8.881784197001252e-16,4.65137512192,4.651375121919999,4.651375121919999,4.651375121919999,0.0,,,0.9999999999999998,2.11699348493551,1.8071271521313237,2.7834097720654905,-1.469222725401599,7.185621556352,7.185621556352,8.654844281753599,0.3826502928718088,-1.816047286548587,2.58158954116905,125000,0.0019999840000000002,31249999.999999996
Device 2,Device 2/Device2b  1.mat,58,12/24/2008 11:06:41 AM.562743663,3312990401.0,1.6e-08,62499999.99999999,4.953883948359677,7.991436042374726,9.402340995368203,-12.564992128,24.93501017599999,24.93501017599999,37.50000230399999,0.3982171953487032,-1.792616032555843,2.6520001974278022,4.223116762400768,5.464108671396916,6.905881461602518,-1.1050001919999999,11.707498496,11.707498496,12.812498688,0.4020130514057586,-1.8164854168961841,1.6952938681463061,4.651375121919998,8.881784197001252e-16,4.65137512192,4.651375121919999,4.651375121919999,4.651375121919999,0.0,,,0.9999999999999998,2.1154077485880824,1.8665991917660363,2.8211952228600063,-1.6803164883712,7.396715319321601,7.396715319321601,9.077031807692801,0.38477085952825096,-1.815047580823794,2.621837460728127,125000,0.0019999840000000002,31249999.999999996
Device 2,Device 2/Device2b  1.mat,59,12/24/2008 11:07:04 AM.371743679,3312990424.0,1.6e-08,62499999.99999999,4.809258939473918,7.988131788221995,9.324120388160617,-14.127492224000008,24.93501017599999,24.93501017599999,39.0625024,0.39703940884226757,-1.7934629302702028,2.674247986722848,4.708459212701695,6.088814815767685,7.696963948102365,-0.7925002239999999,12.957498368,12.957498368,13.749998591999999,0.40543029856585716,-1.8208587133407828,1.6834557697512127,4.651375121919998,8.881784197001252e-16,4.65137512192,4.651375121919999,4.651375121919999,4.651375121919999,0.0,,,0.9999999999999998,2.1410328426624883,1.9487547611240028,2.8951108359375266,-1.469222725401599,6.974527793382399,6.974527793382399,8.443750518783999,0.39244340944258127,-1.8157639373154848,2.409071081772187,125000,0.0019999840000000002,31249999.999999996
Device 2,Device 2/Device2b  1.mat,60,12/24/2008 11:07:27 AM.028743743,3312990447.0,1.6e-08,62499999.99999999,5.003833951428606,8.006134702261772,9.441215339363351,-11.002492031999992,24.93501017599999,24.93501017599999,35.937502207999984,0.3984983209942158,-1.792568274646977,2.6410805473357026,4.218594262863874,5.3818247980252085,6.8381704944602735,-0.7925002239999999,11.707498496,11.707498496,12.499998719999999,0.4025603389688213,-1.8121932566031127,1.7120805199993854,4.651375121919998,8.881784197001252e-16,4.65137512192,4.651375121919999,4.651375121919999,4.651375121919999,0.0,,,0.9999999999999998,2.089786032013884,1.9676913435626162,2.8703684228913176,-2.1025040143103992,7.607809082291199,7.607809082291199,9.710313096601599,0.38534395326245974,-1.8178847545976238,2.65046431726972,125000,0.0019999840000000002,31249999.999999996
Device 2,Device 2/Device2b  1.mat,61,12/24/2008 11:07:49 AM.822743892,3312990469.0,1.6e-08,62499999.99999999,4.870596443242494,8.00417881069826,9.369609818266579,-12.564992128,24.93501017599999,24.93501017599999,37.50000230399999,0.39721518725101584,-1.7926077023815992,2.6612645200430647,4.118299273134082,5.252100492724919,6.674200213417187,-0.7925002239999999,11.394998528,11.394998528,12.187498752,0.40278147072121273,-1.8052259188418625,1.7073204524330214,4.651375121919998,8.881784197001252e-16,4.65137512192,4.651375121919999,4.651375121919999,4.651375121919999,0.0,,,0.9999999999999998,2.101401255227523,2.0387020039201365,2.927830783406,-2.31359777728,6.7634340304128004,6.7634340304128004,9.077031807692801,0.3815256243003732,-1.8221797771065247,2.3100494976505344,125000,0.0019999840000000002,31249999.999999996
Device 2,Device 2/Device2b  1.mat,62,12/24/2008 11:08:12 AM.648743629,3312990492.0,1.6e-08,62499999.99999999,4.9335464471101425,8.011824872020657,9.40899666945004,-12.564992128,24.93501017599999,24.93501017599999,37.50000230399999,0.3973777251752706,-1.792393645097528,2.6501242429983187,4.47897423620096,5.748739877672452,7.28760731582688,-0.7925002239999999,12.332498432000001,12.332498432000001,13.124998656,0.40415314446450984,-1.80770288470697,1.6922561682511168,4.651375121919998,8.881784197001252e-16,4.65137512192,4.651375121919999,4.651375121919999,4.651375121919999,0.0,,,0.9999999999999998,2.3552372833232087,2.5117293540786734,3.4432436755036897,-2.5246915402496013,8.029996608230398,8.029996608230398,10.55468814848,0.3840916979425841,-1.8305404644110652,2.3321023328550057,125000,0.0019999840000000002,31249999.999999996
Device 2,Device 2/Device2b  1.mat,63,12/24/2008 11:08:33 AM.152743816,3312990513.0,1.6e-08,62499999.99999999,4.7422589353574365,8.037896320026958,9.332566477742358,-14.127492224000008,24.93501017599999,24.93501017599999,39.0625024,0.3965890946329661,-1.793021286708842,2.671827758791601,4.350994249306113,5.518837893729382,7.027711053732804,-0.7925002239999999,12.019998464,12.019998464,12.812498688,0.40545732134971446,-1.7994303823558133,1.7103717514987355,4.651375121919998,8.881784197001252e-16,4.65137512192,4.651375121919999,4.651375121919999,4.651375121919999,0.0,,,0.9999999999999998,2.2762020897172865,1.675532488727122,2.82639435925234,-1.258128962432001,7.185621556352,7.185621556352,8.443750518784,0.37195739441745485,-1.8206025589850656,2.542328013367815,125000,0.0019999840000000002,31249999.999999996
Device 2,Device 2/Device2b  1.mat,64,12/24/2008 11:08:58 AM.161743640,3312990538.0,1.6e-08,62499999.99999999,4.935733947244541,7.991583921361038,9.392916648737945,-12.564992128,24.93501017599999,24.93501017599999,37.50000230399999,0.3975671446574177,-1.7921832640321649,2.6546610715799677,4.464031737731072,5.648828917145096,7.199781072410809,-0.7925002239999999,12.332498432000001,12.332498432000001,13.124998656,0.4133432641515161,-1.784725119629487,1.7128990878983115,4.651375121919998,8.881784197001252e-16,4.65137512192,4.651375121919999,4.651375121919999,4.651375121919999,0.0,,,0.9999999999999998,2.219022699954185,1.7435349640004345,2.822051720575645,-1.891410251340801,7.396715319321601,7.396715319321601,9.288125570662402,0.37189002725688763,-1.818083675109615,2.621041728396392,125000,0.0019999840000000002,31249999.999999996
Device 2,Device 2/Device2check  1.mat,0,12/24/2008 4:13:06 PM.359341621,3313008786.0,8e-09,124999999.99999999,4.701283584438552,5.908324898551031,7.550521203741468,-3.9374991871999994,11.9374991872,11.9374991872,15.8749983744,0.40814473704249205,-1.833248418438474,1.581016576880107,0.04543818619717138,0.01139940615174955,0.046846293615411684,-0.07812458240000009,0.2421878848000003,0.2421878848000003,0.3203124672000004,-0.030166805957125935,0.8423032775173596,5.169840901144938,1.620040668591552,0.00940637706331384,1.6200679762960628,1.560058536,1.6650390112000002,1.6650390112000002,0.10498047520000009,-0.1050722325089986,0.042940160429616014,1.0277587333136193,4.197068678066291,0.050737288150942486,4.197375341902847,2.194730638976,6.63640737296,6.63640737296,4.441676733984,0.06714171049654742,181.76667488257894,1.5810850430048597,125000,0.0009999920000000001,62499999.99999999
Device 2,Device 2/Device2check  1.mat,1,12/24/2008 4:13:28 PM.599341869,3313008808.0,8e-09,124999999.99999999,4.694065491427685,5.91436488139226,7.550759086877182,-3.9374991871999994,11.9374991872,11.9374991872,15.8749983744,0.4081009478990505,-1.8333006180321827,1.580966767691839,0.05325768539645453,0.011541756256089634,0.05449397389861296,-0.05078083519999943,0.21093788800000013,0.21093788800000013,0.26171872319999956,-0.0161929463381391,0.45412076362828335,3.8708479655466848,1.5898725612692737,0.009867591626242043,1.589903182725735,1.535644472,1.6430663536,1.6430663536,0.1074218816000001,0.0003660096456030902,-0.007115280145102876,1.03343799260979,4.341245668449082,0.0483229029635194,4.341514604003853,2.088392153632,6.513709120640001,6.513709120640001,4.425316967008001,-0.17579726343332794,173.985348479227,1.500331039917013,125000,0.0009999920000000001,62499999.99999999
Device 3,Device 3/Device3  1.mat,0,12/24/2008 3:03:56 PM.416341781,3313004636.0,8e-09,124999999.99999999,4.704719490336716,5.9056315426213715,7.550554244554415,-3.9374991871999994,11.9374991872,11.9374991872,15.8749983744,0.4081056843531373,-1.833294576377796,1.581009658437925,4.70517520904005,5.9105087328273616,7.554653349333351,-0.24609331519999955,11.9374991872,11.9374991872,12.1835925024,0.3942005277421511,-1.8339136307456498,1.5801518130879437,1.885045743467213,0.6972831162231998,2.009875916352498,0.9863280320000001,2.7050781376,2.7050781376,1.7187501056,-0.39217868758482016,-1.8418475566848618,1.3458931049381138,2.8573269190576864,3.1943470202090207,4.285810309368572,-2.1242478426880003,9.245790205632,9.245790205632,11.37003804832,0.393522196926714,-1.8396876518271945,2.1573027124931667,125000,0.0009999920000000001,62499999.99999999
Device 3,Device 3/Device3  1.mat,1,12/24/2008 3:04:19 PM.633341789,3313004659.0,1.6e-08,62499999.99999999,5.423096477188096,7.997415667441127,9.662744576916166,-9.439991936000013,24.93501017599999,24.93501017599999,34.375002112000004,0.3985640841240569,-1.7950159911901025,2.580530818911279,6.190529150025729,7.938572057518426,10.066954726715057,-0.8600001279999998,16.63999808,16.63999808,17.499998208,0.4068506921232771,-1.8048515048403,1.652932642663209,1.980310091616256,0.5741960973850244,2.061875170132609,1.2187501696,2.5937500288,2.5937500288,1.3749998592000001,-0.3741809593043611,-1.849079330298216,1.257956866822924,2.4496703982784935,2.6437774009114454,3.6042258538793037,-2.3406178810368,8.847351556352,8.847351556352,11.187969437388801,0.37513617917404357,-1.8424322290173427,2.454716190115947,125000,0.0019999840000000002,31249999.999999996
Device 3,Device 3/Device3  1.mat,2,12/24/2008 3:04:42 PM.656342029,3313004682.0,1.6e-08,62499999.99999999,5.40350897598464,7.987454027390219,9.64351238362967,-11.002492031999992,24.93501017599999,24.93501017599999,35.937502207999984,0.3990653727502958,-1.7947489461724737,2.5856772080604555,6.216509147365378,7.933096882271733,10.078641382785026,-0.8600001279999998,16.63999808,16.63999808,17.499998208,0.40691891314684653,-1.8056075139173111,1.6510159899549754,2.0169320878661634,0.5350603050067303,2.0866970496595942,1.3125001600000001,2.562500032,2.562500032,1.2499998719999998,-0.3744974433442797,-1.8475300987136807,1.2280172785110441,2.3034229505430512,2.4165849504135273,3.338508665804779,-2.762805406975999,7.1586014525952,7.1586014525952,9.9214068595712,0.3758092432597746,-1.8392759590834482,2.1442512718083817,125000,0.0019999840000000002,31249999.999999996
Device 3,Device 3/Device3  1.mat,3,12/24/2008 3:05:05 PM.700341701,3313004705.0,1.6e-08,62499999.99999999,5.289071468953599,8.029110805313456,9.614618938247126,-11.002492031999992,24.93501017599999,24.93501017599999,35.937502207999984,0.39862178645184176,-1.794425752069676,2.5934475756296567,6.188911650191361,7.934812053799973,10.062995068219188,-1.1725000959999998,16.63999808,16.63999808,17.812498176000002,0.40682173805027333,-1.8057925643159196,1.6535830502940634,2.0315628363679745,0.5107260582540024,2.0947765190327963,1.3437501568,2.6250000256,2.6250000256,1.2812498687999998,-0.3738296201158459,-1.847911327044204,1.2531169801406878,2.1781312028451265,2.315317805658823,3.1788287273787406,-2.762805406975999,7.791882741504001,7.791882741504001,10.55468814848,0.374965339964001,-1.8384617163263368,2.451180422019522,125000,0.0019999840000000002,31249999.999999996
Device 3,Device 3/Device3  1.mat,4,12/24/2008 3:05:28 PM.765341758,3313004728.0,1.6e-08,62499999.99999999,5.110358957973503,8.022566958196752,9.51195822520738,-14.127492224000008,23.372510079999984,23.372510079999984,37.50000230399999,0.39886429298987935,-1.7932059960165527,2.4571712287445853,6.231619145818113,7.933864152115046,10.088571631442335,-0.8600001279999998,16.63999808,16.63999808,17.499998208,0.4068126317584941,-1.8062767697521451,1.6493908838531017,2.0304630864805886,0.5155707528481887,2.0948970253338772,1.3437501568,2.5937500288,2.5937500288,1.249999872,-0.37400478120656083,-1.8477790510507146,1.2381276966998498,2.2027177156057216,2.33344178680105,3.2088807872890146,-2.762805406975999,7.1586014525952,7.1586014525952,9.9214068595712,0.3752657216794163,-1.8387919611006873,2.2308717360120633,125000,0.0019999840000000002,31249999.999999996
Device 3,Device 3/Device3  1.mat,5,12/24/2008 3:05:51 PM.508341789,3313004751.0,1.6e-08,62499999.99999999,5.190021462867967,8.01636192749646,9.549784360792914,-12.564992128,24.93501017599999,24.93501017599999,37.50000230399999,0.39910781395435097,-1.7934733980998732,2.6110547876213666,6.239686644992001,7.935732793739763,10.095025725639744,-0.8600001279999998,16.63999808,16.63999808,17.499998208,0.406842618574232,-1.806097636119573,1.6483363720150885,2.0300093365270526,0.5227465386183568,2.0962351609551058,1.3437501568,2.6250000256,2.6250000256,1.2812498687999998,-0.37410300598744,-1.847603117914099,1.252245012627292,2.2073550233906376,2.3677588692770906,3.2370817509491796,-2.762805406975999,8.0029765044736,8.0029765044736,10.765781911449597,0.37577689461527175,-1.83821760152281,2.4722812459484413,125000,0.0019999840000000002,31249999.999999996
Device 3,Device 3/Device3  1.mat,6,12/24/2008 3:06:14 PM.577342033,3313004774.0,1.6e-08,62499999.99999999,5.168058961518591,7.98281603057909,9.50968901740762,-11.002492031999992,26.497510272,26.497510272,37.50000230399999,0.3983421029106998,-1.7920708200373003,2.786369798580788,6.2153691474821136,7.933907744395225,10.078576572911825,-0.8600001279999998,16.63999808,16.63999808,17.499998208,0.40677593531158385,-1.8059079415733608,1.6510266067455697,2.018206087735706,0.5333761854220783,2.0874975371839053,1.3125001600000001,2.6250000256,2.6250000256,1.3124998655999998,-0.37447050798852316,-1.8475729151266158,1.2574865257763135,2.262952054306519,2.4171579407103274,3.3111334177935334,-2.3406178810368,8.2140702674432,8.2140702674432,10.55468814848,0.3759590361924573,-1.8389918336256321,2.480742764185224,125000,0.0019999840000000002,31249999.999999996
Device 3,Device 3/Device3  1.mat,7,12/24/2008 3:06:28 PM.258341789,3313004788.0,1.6e-08,62499999.99999999,5.162283961163775,7.996367487431657,9.517934055757207,-14.127492224000008,24.93501017599999,24.93501017599999,39.0625024,0.3983108872857995,-1.7919743985484746,2.619792281594692,6.201609148891137,7.9267385570713715,10.064449323622837,-0.8600001279999998,16.63999808,16.63999808,17.499998208,0.406950288342891,-1.8049838523316135,1.6533441169943917,2.034783836038144,0.5120949751671251,2.0982341439871584,1.3750001536,2.5937500288,2.5937500288,1.2187498752,-0.37294994332775006,-1.8480126787994633,1.2361585270322788,2.1667676033969467,2.312041942664987,3.1686621454128927,-2.1295241180671987,7.580788978534399,7.580788978534399,9.710313096601599,0.37410775350073916,-1.8389864442227082,2.392425771712113,125000,0.0019999840000000002,31249999.999999996
Device 3,Device 3/Device3  1.mat,8,12/24/2008 3:07:00 PM.364341735,3313004820.0,1.6e-08,62499999.99999999,5.192796463038463,7.986186482657289,9.525980770625287,-9.439991936000013,24.93501017599999,24.93501017599999,34.375002112000004,0.3988707638462901,-1.7932627262073961,2.617579310352025,6.206339148406785,7.9322330671013574,10.071691370165334,-0.8600001279999998,16.63999808,16.63999808,17.499998208,0.40657303876079065,-1.8062416613301684,1.6521552804220652,2.0430935851872256,0.5064369323824759,2.1049251208330815,1.3750001536,2.5937500288,2.5937500288,1.2187498752,-0.3739330564953712,-1.8467233823375275,1.2322291197576913,2.156543910268803,2.286224837093359,3.1428499236616467,-2.762805406975999,7.791882741504001,7.791882741504001,10.55468814848,0.3742346178883976,-1.83901460425195,2.4792411126096328,125000,0.0019999840000000002,31249999.999999996
Device 3,Device 3/Device3  1.mat,9,12/24/2008 3:07:23 PM.306341648,3313004843.0,1.6e-08,62499999.99999999,4.900646445088767,8.00923362094199,9.389577135025235,-14.127492224000008,24.93501017599999,24.93501017599999,39.0625024,0.39818250581508324,-1.7923304700265983,2.6556052330606876,6.209204148113409,7.916760090599849,10.061277577179913,-0.8600001279999998,16.63999808,16.63999808,17.499998208,0.40684516004584154,-1.8046213439908623,1.6538653220085442,2.0551933339482114,0.4901244975967428,2.1128278829686113,1.4062501504,2.6250000256,2.6250000256,1.2187498751999999,-0.3718061425231552,-1.847735146377723,1.2424107267610296,2.12419083578103,2.226899429940681,3.077542490021258,-1.9184303550976005,7.791882741504001,7.791882741504001,9.7103130966016,0.3721716672906637,-1.8409931644726782,2.531852205702667,125000,0.0019999840000000002,31249999.999999996
Device 3,Device 3/Device3  1.mat,10,12/24/2008 3:07:46 PM.294342041,3313004866.0,1.6e-08,62499999.99999999,4.836146441125885,8.007816719745701,9.354861891928357,-12.564992128,23.372510079999984,23.372510079999984,35.937502207999984,0.3976846760124759,-1.7930937497267725,2.498434541312305,6.207639148273666,7.918298849945568,10.06152277104361,-0.8600001279999998,16.63999808,16.63999808,17.499998208,0.4068114140491415,-1.8048863154198684,1.653825018205873,2.061659333286093,0.48187798665332354,2.11722592099821,1.4062501504,2.5937500288,2.5937500288,1.1874998784000002,-0.3719177241698356,-1.8473975849082884,1.2250700329500608,2.0929101176091436,2.193894228636046,3.0320693670879746,-2.5517116440064007,6.736413926655998,6.736413926655998,9.288125570662398,0.3727641891453547,-1.8395455901541042,2.2217215739776126,125000,0.0019999840000000002,31249999.999999996
Device 3,Device 3/Device3  1.mat,11,12/24/2008 3:08:09 PM.355341911,3313004889.0,1.6e-08,62499999.99999999,4.762646436610045,8.043618776717032,9.347866286233943,-9.439991936000013,24.93501017599999,24.93501017599999,34.375002112000004,0.3968301257348111,-1.7931726666806806,2.6674547337845778,6.188609150222337,7.921967765501639,10.052684044167641,-1.1725000959999998,16.63999808,16.63999808,17.812498176000002,0.40677585175970415,-1.8048358783412641,1.6552791281303807,2.0657108328712193,0.479256776798222,2.1205773513712076,1.4375001472,2.5937500288,2.5937500288,1.1562498816000002,-0.37168577173347195,-1.8472665126904382,1.2231338918728099,2.0677426748128562,2.1790939330445736,3.0039990243463617,-2.5517116440064007,7.580788978534399,7.580788978534399,10.1325006225408,0.3727992431607483,-1.838393601584378,2.5235657259189352,125000,0.0019999840000000002,31249999.999999996
Device 3,Device 3/Device3  1.mat,12,12/24/2008 3:08:32 PM.470341682,3313004912.0,1.6e-08,62499999.99999999,4.946033947877374,7.994814455539438,9.401080256654435,-12.564992128,24.93501017599999,24.93501017599999,37.50000230399999,0.3981563873420495,-1.7923270532115447,2.652355845845488,6.208096648226817,7.9212080659427055,10.064094654646327,-0.8600001279999998,16.63999808,16.63999808,17.499998208,0.4066275853015747,-1.804662550537889,1.6534023825300324,2.97408573985362,0.5581892365263074,3.026014079903541,2.250000064,3.5937499264,3.5937499264,1.3437498624000002,-0.3725868552023973,-1.8491075995546695,1.1876183756932672,2.4010462165410247,2.5685889705315614,3.516059190841695,-1.7073365921279997,8.636257793382399,8.636257793382399,10.343594385510398,0.3733686700636242,-1.8393155633152158,2.4562321976482426,125000,0.0019999840000000002,31249999.999999996
Device 3,Device 3/Device3  1.mat,13,12/24/2008 3:08:55 PM.469341754,3313004935.0,1.6e-08,62499999.99999999,5.023446452633599,8.000897114913233,9.447188412745032,-11.002492031999992,24.93501017599999,24.93501017599999,35.937502207999984,0.3987674445759012,-1.7927697992724279,2.6394106994162008,6.209999148032002,7.916412617326504,10.061494826631103,-0.8600001279999998,16.63999808,16.63999808,17.499998208,0.40654801813347763,-1.8049241237761908,1.653829611476487,2.971607990107341,0.5689204826232468,3.0255783847750597,2.2187500672000002,3.5624999296,3.5624999296,1.3437498623999997,-0.37279201923756045,-1.849060982977576,1.1774607947778746,2.416339537480646,2.606374241767489,3.554136104391788,-2.762805406975999,8.2140702674432,8.2140702674432,10.976875674419198,0.37273230031372095,-1.8410065761905148,2.311129913481143,125000,0.0019999840000000002,31249999.999999996
Device 3,Device 3/Device3  1.mat,14,12/24/2008 3:09:18 PM.106341838,3313004958.0,1.6e-08,62499999.99999999,4.899683945029629,8.00953156963285,9.389328981675227,-11.002492031999992,24.93501017599999,24.93501017599999,35.937502207999984,0.3976920168499354,-1.792503712567895,2.655675418836068,6.2205541469511685,7.998976182964143,10.13306043951081,-0.8600001279999998,16.63999808,16.63999808,17.499998208,0.407292708567968,-1.8177170924982855,1.6421492972762062,2.973029239961805,0.5749282319445,3.028109201061728,2.2187500672000002,3.5937499264,3.5937499264,1.3749998592,-0.38886834699865946,-1.8406332814989852,1.1867966733630164,2.417710802564897,2.625031584534432,3.568769584134334,-2.762805406975999,8.4251640304128,8.4251640304128,11.187969437388798,0.3884482557661873,-1.8342745780904701,2.36080358560231,125000,0.0019999840000000002,31249999.999999996
Device 3,Device 3/Device3  1.mat,15,12/24/2008 3:09:41 PM.035341739,3313004981.0,1.6e-08,62499999.99999999,4.671621431017468,8.054591460192778,9.311309810405414,-14.127492224000008,24.93501017599999,24.93501017599999,39.0625024,0.39623999397566384,-1.7940523699976763,2.677927239423937,6.215951647422465,7.91954158026916,10.067630988703659,-0.8600001279999998,16.63999808,16.63999808,17.499998208,0.40661858870856654,-1.805671070817751,1.6528216120228123,2.9649094907932674,0.5764030257917595,3.0204186360069176,2.1875000704,3.5937499264,3.5937499264,1.406249856,-0.37381145264234067,-1.8487739481576035,1.189818485278267,2.4720530921536867,2.6331879382790553,3.611748220560911,-1.7073365921279997,8.636257793382399,8.636257793382399,10.343594385510398,0.3727270026363782,-1.8432252735371302,2.3911572086387496,125000,0.0019999840000000002,31249999.999999996
Device 3,Device 3/Device3  1.mat,16,12/24/2008 3:10:04 PM.105341911,3313005004.0,1.6e-08,62499999.99999999,4.7751839373803495,8.02759516919869,9.340485310536998,-11.002492031999992,26.497510272,26.497510272,37.50000230399999,0.3972359686120676,-1.7929460141955362,2.8368451307458478,6.219676647041025,7.924240581413137,10.073627270544721,-0.8600001279999998,16.63999808,16.63999808,17.499998208,0.4064892092152719,-1.8063094655980017,1.6518377773074198,2.960712991222989,0.5815026815319236,3.017278042379488,2.1875000704,3.5937499264,3.5937499264,1.406249856,-0.374238679232985,-1.849097522863439,1.1910569314208426,2.461474761503754,2.6507164946906165,3.6173410036579177,-2.5517116440064007,8.2140702674432,8.2140702674432,10.7657819114496,0.3733880597343978,-1.8429415614131162,2.2707481155735634,125000,0.0019999840000000002,31249999.999999996
Device 3,Device 3/Device3  1.mat,17,12/24/2008 3:10:27 PM.084342002,3313005027.0,1.6e-08,62499999.99999999,4.825658940481534,7.988342802572819,9.33277048583465,-12.564992128,23.372510079999984,23.372510079999984,35.937502207999984,0.3966119525230772,-1.7928908961209138,2.5043485335329905,6.23888664507392,7.926055319487362,10.086925175575342,-0.8600001279999998,16.63999808,16.63999808,17.499998208,0.40672972858541523,-1.8056930414717405,1.6496601085425304,2.9999474872053766,0.5326038646581198,3.046859334238884,2.2812500608,3.5937499264,3.5937499264,1.3124998656,-0.37281415305783316,-1.8489138122975952,1.1794932197937293,2.2950045312758234,2.436989144066528,3.347530714851571,-2.5517116440064007,7.1586014525952,7.1586014525952,9.7103130966016,0.3721968697327039,-1.8409436184867027,2.138472223969605,125000,0.0019999840000000002,31249999.999999996
Device 3,Device 3/Device3  1.mat,18,12/24/2008 3:10:49 PM.865341663,3313005049.0,1.6e-08,62499999.99999999,4.765133936762877,8.019230913812697,9.328159833768849,-14.127492224000008,24.93501017599999,24.93501017599999,39.0625024,0.3968679809076119,-1.7933724552531676,2.6730899363165737,6.225931646400513,7.916300240000022,10.071247904578449,-0.8600001279999998,16.63999808,16.63999808,17.499998208,0.4066158918670211,-1.8051575643851703,1.652228029501226,3.017107485448192,0.5147363382657818,3.0607010760083675,2.3437500544,3.5937499264,3.5937499264,1.249999872,-0.3711611675197834,-1.8497873700378025,1.174159069165556,2.21078149735116,2.352856376394777,3.2285426986446684,-1.4962428291584016,8.0029765044736,8.0029765044736,9.499219333632,0.3711879353121202,-1.8400987529952142,2.478820090511184,125000,0.0019999840000000002,31249999.999999996
Device 3,Device 3/Device3  1.mat,19,12/24/2008 3:11:12 PM.947341918,3313005072.0,1.6e-08,62499999.99999999,4.806033939275773,8.025973359340464,9.354903024099901,-14.127492224000008,24.93501017599999,24.93501017599999,39.0625024,0.3968928612024308,-1.7929759126315112,2.665448280090446,6.235409145430017,7.919345697414263,10.079502144752293,-0.8600001279999998,16.63999808,16.63999808,17.499998208,0.40654120093277996,-1.8049967915998875,1.6508749976965191,3.022402984905933,0.5080053883704025,3.0647984073641217,2.3437500544,3.5624999296,3.5624999296,1.2187498751999999,-0.370418872134804,-1.8504419761981508,1.1623929068352414,2.196905037748591,2.316054985923075,3.1922566379763815,-2.762805406975999,7.791882741504001,7.791882741504001,10.55468814848,0.37037604046010003,-1.840249537143388,2.440869774944971,125000,0.0019999840000000002,31249999.999999996
Device 3,Device 3/Device3  1.mat,20,12/24/2008 3:11:36 PM.114341735,3313005096.0,1.6e-08,62499999.99999999,4.843196441559037,8.019555946959192,9.368555350636441,-14.127492224000008,24.93501017599999,24.93501017599999,39.0625024,0.3973127359480039,-1.7928563209407817,2.661564055797147,6.224976646498305,7.917049475274541,10.071246528776571,-0.8600001279999998,16.63999808,16.63999808,17.499998208,0.40642404132008264,-1.8047936278888792,1.6522282552069931,3.4628009398091777,0.6004501342204215,3.5144744575012417,2.6875000192,4.0937498752,4.0937498752,1.4062498560000005,-0.3703273820060463,-1.85046474212669,1.1648256160924322,2.4967223536693655,2.6911532141858125,3.670957386504906,-1.7073365921279997,8.636257793382399,8.636257793382399,10.343594385510398,0.3703012160510075,-1.8441242297447968,2.3525900423499393,125000,0.0019999840000000002,31249999.999999996
Device 3,Device 3/Device3  1.mat,21,12/24/2008 3:11:54 PM.359341621,3313005114.0,1.6e-08,62499999.99999999,4.756683936243709,8.037858001874767,9.339871697599555,-12.564992128,24.93501017599999,24.93501017599999,37.50000230399999,0.3969024212637909,-1.7932294088545158,2.6697379774936896,6.212554147770369,7.919485943845969,10.065489886426427,-0.8600001279999998,16.63999808,16.63999808,17.499998208,0.40643347573229216,-1.8048906346762836,1.65317319551823,3.5011911858780156,0.5473950349102419,3.543724177234212,2.7812500096,4.0624998784,4.0624998784,1.2812498687999998,-0.36895469103041845,-1.8502432470656063,1.1463927989933684,2.3136533986716104,2.4510685524073526,3.3705680675199194,-2.762805406975999,8.2140702674432,8.2140702674432,10.976875674419198,0.3697729682180473,-1.841040571156363,2.436998779700406,125000,0.0019999840000000002,31249999.999999996
Device 3,Device 3/Device3  1.mat,22,12/24/2008 3:12:19 PM.554341793,3313005139.0,1.6e-08,62499999.99999999,4.5477214234050525,8.054789236597186,9.249940529046615,-14.127492224000008,24.93501017599999,24.93501017599999,39.0625024,0.3951524888838045,-1.79603252015353,2.695694107189036,6.2171066473041945,7.9189842031109094,10.06790573421673,-0.8600001279999998,16.63999808,16.63999808,17.499998208,0.40635827410518743,-1.8047682388763737,1.6527765077743422,3.500747935923404,0.5522059482620935,3.5440326635300665,2.7812500096,4.0937498752,4.0937498752,1.3124998656000004,-0.3687006414783079,-1.8506174937451376,1.1551106504538766,2.306454256979295,2.4669904178431574,3.377243396805724,-1.7073365921279997,8.2140702674432,8.2140702674432,9.9214068595712,0.36947920714803256,-1.8417787833711687,2.4321819017285695,125000,0.0019999840000000002,31249999.999999996
Device 3,Device 3/Device3  1.mat,23,12/24/2008 3:12:45 PM.010341644,3313005165.0,1.6e-08,62499999.99999999,4.644133929328637,8.013846002447275,9.262273355093857,-12.564992128,24.93501017599999,24.93501017599999,37.50000230399999,0.3960022255177868,-1.7950546561597474,2.69210475874012,6.2389516450672655,7.915447838081443,10.078632452216706,-0.8600001279999998,16.63999808,16.63999808,17.499998208,0.4063661015651808,-1.8048615449079193,1.6510174529025694,3.493159686700441,0.5518922139226252,3.5364883164768894,2.7500000128,4.0624998784,4.0624998784,1.3124998655999995,-0.3689521249668427,-1.850048443652913,1.1487383853277173,2.3295428483978586,2.472528505109343,3.3970821437080154,-2.3406178810368,8.4251640304128,8.4251640304128,10.7657819114496,0.3699881497396559,-1.8410793059657782,2.480117840546677,125000,0.0019999840000000002,31249999.999999996
Device 3,Device 3/Device3  1.mat,24,12/24/2008 3:13:07 PM.899342060,3313005187.0,1.6e-08,62499999.99999999,4.795008938598397,8.010024095409438,9.335555512677235,-12.564992128,24.93501017599999,24.93501017599999,37.50000230399999,0.39749776287831035,-1.7934632515847309,2.6709722996279597,6.189421650139138,7.820484682689289,9.973410702231654,-0.8600001279999998,16.63999808,16.63999808,17.499998208,0.4057231683345602,-1.789669926190133,1.6684360623268657,3.5162874343321593,0.5259400406114884,3.555402965510472,2.8125000064,4.0937498752,4.0937498752,1.2812498688000002,-0.34866814953263126,-1.8588575902498243,1.1514165665360057,2.2665305157763793,2.3524254449700757,3.2666597700232267,-2.762805406975999,8.0029765044736,8.0029765044736,10.765781911449597,0.34884201058142505,-1.850301453642614,2.449895938938476,125000,0.0019999840000000002,31249999.999999996
Device 3,Device 3/Device3  1.mat,25,12/24/2008 3:13:31 PM.416341781,3313005211.0,1.6e-08,62499999.99999999,4.708358933274621,8.024490163090897,9.303821054926278,-11.002492031999992,24.93501017599999,24.93501017599999,35.937502207999984,0.39621686395289885,-1.794094986849498,2.680082734695027,6.198356649224194,7.834775709907588,9.990161939405171,-0.8600001279999998,16.63999808,16.63999808,17.499998208,0.40544791764037835,-1.7911184914929354,1.6656384732228646,3.969283137945395,0.5536623136462648,4.007711390148969,3.2187499647999998,4.5624998272,4.5624998272,1.3437498624000002,-0.3518467547602561,-1.8587506703807835,1.1384302368715251,2.415265492414657,2.528054646091216,3.4963649255294267,-2.762805406975999,8.0029765044736,8.0029765044736,10.765781911449597,0.3513017193023358,-1.848619868445413,2.2889419940230558,125000,0.0019999840000000002,31249999.999999996
Device 3,Device 3/Device3  1.mat,26,12/24/2008 3:13:51 PM.923341751,3313005231.0,1.6e-08,62499999.99999999,4.593471426215932,8.051417088505476,9.269589897969608,-12.564992128,24.93501017599999,24.93501017599999,37.50000230399999,0.3954507443999701,-1.7951404073518273,2.6899798643154327,6.201034148950018,7.834836088406408,9.99187074819524,-1.1725000959999998,16.63999808,16.63999808,17.812498176000002,0.40574444080566935,-1.791897336454632,1.665353615888753,3.9997653848240136,0.5156714069297812,4.032869962391711,3.3124999552,4.5624998272,4.5624998272,1.249999872,-0.35139945610765505,-1.8589816741891667,1.1313282773179698,2.2351636713492002,2.3366056542824793,3.233524798319025,-2.5517116440064007,8.0029765044736,8.0029765044736,10.55468814848,0.3491686062841232,-1.8497773268025142,2.475000812931453,125000,0.0019999840000000002,31249999.999999996
Device 3,Device 3/Device3  1.mat,27,12/24/2008 3:14:17 PM.408341884,3313005257.0,1.6e-08,62499999.99999999,4.61217142736486,8.038442711895511,9.267614930920839,-12.564992128,24.93501017599999,24.93501017599999,37.50000230399999,0.39553961986643865,-1.7945568715749454,2.6905531101433477,6.191644149911553,7.835014332904785,9.986185802194818,-0.8600001279999998,16.63999808,16.63999808,17.499998208,0.4055851220860341,-1.7922942781792233,1.6663016700873694,3.9982786349762565,0.5180435456107277,4.031699537174927,3.3124999552,4.5312498304,4.5312498304,1.2187498752000003,-0.35191062199577394,-1.8587076285958288,1.123905635481734,2.252691208676093,2.348153129907323,3.2539884454527668,-2.762805406975999,7.791882741504001,7.791882741504001,10.55468814848,0.3499271422899048,-1.8494038354195288,2.394563739890546,125000,0.0019999840000000002,31249999.999999996
Device 3,Device 3/Device3  1.mat,28,12/24/2008 3:14:40 PM.529341697,3313005280.0,1.6e-08,62499999.99999999,4.737721435078653,8.010620122456618,9.306773831071142,-12.564992128,23.372510079999984,23.372510079999984,35.937502207999984,0.3962893781738072,-1.7937140129165945,2.5113439419758605,6.196291649435649,7.836172294866016,9.989976298254751,-0.8600001279999998,16.63999808,16.63999808,17.499998208,0.4055947150907791,-1.7925596578765242,1.6656694253525917,3.9923543855828996,0.5250951454129807,4.026737941786042,3.2812499584,4.5624998272,4.5624998272,1.2812498687999998,-0.352442640288209,-1.8585305661628708,1.133051093256971,2.273908664979693,2.38351633817932,3.2942086684115024,-2.762805406975999,7.1586014525952,7.1586014525952,9.9214068595712,0.35045702990123184,-1.8500897179100326,2.1730868239282315,125000,0.0019999840000000002,31249999.999999996
Device 3,Device 3/Device3  1.mat,29,12/24/2008 3:15:03 PM.745341777,3313005303.0,1.6e-08,62499999.99999999,4.71705893380915,8.031236251247508,9.314043198760722,-14.127492224000008,24.93501017599999,24.93501017599999,39.0625024,0.396189372297658,-1.7936723187836119,2.6771413492389335,6.19646664941773,7.8319472923649744,9.986771116218156,-0.8600001279999998,16.63999808,16.63999808,17.499998208,0.4053532831994847,-1.7908458235656455,1.666204009920408,4.3760643462909945,0.6120023816395899,4.418652065733595,3.5624999296,5.0312497791999995,5.0312497791999995,1.4687498495999995,-0.35080554679044385,-1.8590485923556666,1.1386390474636068,2.593742735880298,2.7504417512002366,3.780533190791642,-1.9184303550976005,8.847351556352,8.847351556352,10.7657819114496,0.35042838875504806,-1.853298546868005,2.340239090586947,125000,0.0019999840000000002,31249999.999999996
Device 3,Device 3/Device3  1.mat,30,12/24/2008 3:15:26 PM.630342006,3313005326.0,1.6e-08,62499999.99999999,4.701458932850684,8.034582566472158,9.309040397094632,-11.002492031999992,24.93501017599999,24.93501017599999,35.937502207999984,0.3966227358313083,-1.793929676232852,2.6785800804755615,6.232424145735681,7.833802639913244,10.010573137111622,-0.8600001279999998,16.63999808,16.63999808,17.499998208,0.40548108088984514,-1.791262539268133,1.6622422964287122,4.501800833415577,0.5150129387483215,4.531164207002365,3.812499904,5.0312497791999995,5.0312497791999995,1.2187498751999994,-0.3458483558216564,-1.85791581595334,1.110365802109933,2.2518147473722427,2.3453859844778826,3.251385100640711,-2.762805406975999,8.0029765044736,8.0029765044736,10.765781911449597,0.3459309695182178,-1.8509440327573132,2.4614052955143793,125000,0.0019999840000000002,31249999.999999996
Device 3,Device 3/Device3  1.mat,31,12/24/2008 3:15:49 PM.843341827,3313005349.0,1.6e-08,62499999.99999999,4.7824964378296295,8.032009801940779,9.34801870111126,-12.564992128,24.93501017599999,24.93501017599999,37.50000230399999,0.3966816999142045,-1.792347798747392,2.6674112422385083,6.2262091463720965,7.829708625215235,10.003500261915196,-0.8600001279999998,16.63999808,16.63999808,17.499998208,0.40565188802667335,-1.7911507061554741,1.663417568283667,4.495200334091468,0.52090423470064,4.5252809045787545,3.812499904,5.062499776,5.062499776,1.249999872,-0.3467220922130548,-1.857436974132619,1.1187150328894895,2.268106119623185,2.3680548248860496,3.2790225713676078,-1.7073365921279997,8.0029765044736,8.0029765044736,9.710313096601599,0.34640607286550673,-1.8513305407828262,2.440659169093714,125000,0.0019999840000000002,31249999.999999996
Device 3,Device 3/Device3  1.mat,32,12/24/2008 3:16:12 PM.771341800,3313005372.0,1.6e-08,62499999.99999999,4.625796428201981,8.041553280916707,9.2770993184825,-14.127492224000008,24.93501017599999,24.93501017599999,39.0625024,0.3955260450823526,-1.7944192348035457,2.687802439101054,6.219214147088386,7.823455275560257,9.994252200942096,-0.8600001279999998,16.63999808,16.63999808,17.499998208,0.40549913727209436,-1.791061475455291,1.6649567917078831,4.492963584320512,0.5288794059973589,4.523984438094183,3.7812499072,5.062499776,5.062499776,1.2812498688000002,-0.346555343040789,-1.8578270791447795,1.119035630045774,2.287248102049268,2.3893180075304055,3.3076191469752145,-1.9184303550976005,7.791882741504001,7.791882741504001,9.7103130966016,0.34626079829102674,-1.8516120658620228,2.3557375850329083,125000,0.0019999840000000002,31249999.999999996
Device 3,Device 3/Device3  1.mat,33,12/24/2008 3:16:35 PM.703341960,3313005395.0,1.6e-08,62499999.99999999,4.8305589407825895,7.988700784678307,9.335611383701359,-14.127492224000008,24.93501017599999,24.93501017599999,39.0625024,0.39774397644917814,-1.7929784651680163,2.6709563146054847,6.2101366480179205,7.8293554305796,9.99322788919584,-0.8600001279999998,16.63999808,16.63999808,17.499998208,0.40563018633212794,-1.7908978268528322,1.6651274507599596,4.486504584981913,0.535620083790822,4.518363892519484,3.7812499072,5.0937497728,5.0937497728,1.3124998656,-0.3467502507433468,-1.85843493824869,1.1273438558663045,2.3149385375005687,2.4146705003864994,3.3450820704195072,-2.3406178810368,7.791882741504001,7.791882741504001,10.1325006225408,0.3463604267214924,-1.8517177294242204,2.329354729561783,125000,0.0019999840000000002,31249999.999999996
Device 3,Device 3/Device3  1.mat,34,12/24/2008 3:16:59 PM.001341819,3313005419.0,1.6e-08,62499999.99999999,4.973371449556991,8.007372644392474,9.426157236192992,-12.564992128,24.93501017599999,24.93501017599999,37.50000230399999,0.39853716223075436,-1.7925648155124232,2.645299622231919,6.225784146415617,7.832679194829588,10.005561034088807,-1.1725000959999998,16.63999808,16.63999808,17.812498176000002,0.4053445189740001,-1.7910982159032522,1.6630749663419933,4.508712582707813,0.5016171322764059,4.536530491560812,3.8437499008,5.062499776,5.062499776,1.2187498752000003,-0.343591538023994,-1.8605666981170252,1.1159408683392815,2.206888928362001,2.276126248658111,3.170348473268708,-1.4962428291584016,7.580788978534399,7.580788978534399,9.077031807692801,0.3446421831486007,-1.8515205487964013,2.3911532257267663,125000,0.0019999840000000002,31249999.999999996
Device 3,Device 3/Device3  1.mat,35,12/24/2008 3:17:21 PM.934341907,3313005441.0,1.6e-08,62499999.99999999,4.913796445896702,7.994943670250279,9.38426980655299,-12.564992128,21.810009984000004,21.810009984000004,34.375002112000004,0.3984803162896538,-1.7928782430499952,2.3241030398305664,6.233589145616385,7.827691405404171,10.006517195037679,-0.8600001279999998,16.63999808,16.63999808,17.499998208,0.4055545398979297,-1.791036947980588,1.6629160531750173,4.499765083624037,0.5154209519150494,4.529188069121778,3.812499904,5.062499776,5.062499776,1.249999872,-0.3459639671200974,-1.857296836986644,1.1177499584338595,2.2415623454923357,2.3483310260411137,3.2464227014664018,-2.5517116440064007,6.947507689625599,6.947507689625599,9.499219333632,0.3455676573565398,-1.8510486819756653,2.1400502425292385,125000,0.0019999840000000002,31249999.999999996
Device 3,Device 3/Device3  1.mat,36,12/24/2008 3:17:44 PM.800342082,3313005464.0,1.6e-08,62499999.99999999,4.857896442462206,8.019198828168854,9.375857704305867,-11.002492031999992,21.810009984000004,21.810009984000004,32.812502015999996,0.397837012189446,-1.7930595767817903,2.326188245581388,6.217716647241728,7.829097475493168,9.997738123503757,-0.8600001279999998,16.63999808,16.63999808,17.499998208,0.4056229732540973,-1.7911981705652482,1.6643762693564563,4.448089338915634,0.582839342502573,4.486111954258806,3.6874999168,5.062499776,5.062499776,1.3749998592,-0.34993061070315873,-1.85772250599524,1.1284827101102572,2.49257984966485,2.6337522675889478,3.6262384524442366,-2.762805406975999,7.580788978534399,7.580788978534399,10.343594385510398,0.34923498462950353,-1.8529643597747045,2.090537916342658,125000,0.0019999840000000002,31249999.999999996
Device 3,Device 3/Device3  1.mat,37,12/24/2008 3:18:07 PM.778341770,3313005487.0,1.6e-08,62499999.99999999,4.874796443500542,7.987593619234768,9.357632830561665,-12.564992128,24.93501017599999,24.93501017599999,37.50000230399999,0.39777717007767316,-1.7929920799350254,2.6646707161412895,6.231261645854721,7.828207410514082,10.005471151381512,-0.8600001279999998,16.63999808,16.63999808,17.499998208,0.4056472145147697,-1.7911347280101548,1.6630899063361373,4.5096780826089455,0.5016562165713435,4.537494393207355,3.8437499008,5.0312497791999995,5.0312497791999995,1.1874998783999997,-0.34382413743173834,-1.8608216412491032,1.1088167484530225,2.2219289367860586,2.2739065655500146,3.1792482238697075,-2.5517116440064007,7.791882741504001,7.791882741504001,10.343594385510402,0.34493898686352475,-1.8509512678586297,2.4508569928584882,125000,0.0019999840000000002,31249999.999999996
Device 3,Device 3/Device3  1.mat,38,12/24/2008 3:18:30 PM.817341804,3313005510.0,1.6e-08,62499999.99999999,4.692133932277756,8.021100354080726,9.292694535422235,-14.127492224000008,21.810009984000004,21.810009984000004,35.93750220800001,0.39675340226180716,-1.794520105297303,2.3470060164857247,6.233046645671938,7.817464510031392,9.998180927184832,-0.8600001279999998,16.63999808,16.63999808,17.499998208,0.40580357137247064,-1.7909192137819256,1.6643025567537209,4.501054333492018,0.5057502700397846,4.529378925271388,3.812499904,5.0312497791999995,5.0312497791999995,1.2187498751999994,-0.3453057968552329,-1.8587191895026902,1.1108034594165779,2.2615098617179106,2.308810988616311,3.231877942590467,-2.5517116440064007,7.1586014525952,7.1586014525952,9.7103130966016,0.34569744270115665,-1.850918441666308,2.214997465794554,125000,0.0019999840000000002,31249999.999999996
Device 3,Device 3/Device3  1.mat,39,12/24/2008 3:18:54 PM.017341613,3313005534.0,1.6e-08,62499999.99999999,4.680408931557373,8.021490618745888,9.287116856873844,-12.564992128,24.93501017599999,24.93501017599999,37.50000230399999,0.3961764752667578,-1.7945349278383598,2.6849032439539497,6.218459147165698,7.816000073067767,9.987947301981727,-0.8600001279999998,16.63999808,16.63999808,17.499998208,0.405578652425982,-1.790901244505963,1.6660077968871971,4.952722287241217,0.5563862273364595,4.983876371711638,4.2187498624,5.531249728,5.531249728,1.3124998655999995,-0.3469546844021714,-1.8609723845415052,1.1098288391331774,2.440184688945692,2.5464922706247055,3.526914260443022,-1.7073365921279997,8.4251640304128,8.4251640304128,10.1325006225408,0.34832080133487525,-1.8494355854320863,2.3888202003965078,125000,0.0019999840000000002,31249999.999999996
Device 3,Device 3/Device3  1.mat,40,12/24/2008 3:19:16 PM.953341960,3313005556.0,1.6e-08,62499999.99999999,4.825521440473085,7.9966316659761185,9.339795242603417,-11.002492031999992,24.93501017599999,24.93501017599999,35.937502207999984,0.39744975213061473,-1.7935685850697096,2.669759831806494,6.174621651654657,7.781603383938012,9.933745706731074,-0.8600001279999998,16.63999808,16.63999808,17.499998208,0.4057398204090962,-1.7909890581227441,1.6750980517575353,4.994352532978279,0.4946727017838647,5.018790522183278,4.3124998528,5.4999997312,5.4999997312,1.1874998783999997,-0.3423440403204119,-1.8636135002036218,1.0958815090786826,2.262111056754848,2.2662495823104014,3.2020358527684545,-2.5517116440064007,7.580788978534399,7.580788978534399,10.1325006225408,0.34338883528703523,-1.8508309265388396,2.3674903489853527,125000,0.0019999840000000002,31249999.999999996
Device 3,Device 3/Device3  1.mat,41,12/24/2008 3:19:40 PM.149342060,3313005580.0,1.6e-08,62499999.99999999,4.935696447242238,7.996087151083455,9.396728640704783,-14.127492224000008,24.93501017599999,24.93501017599999,39.0625024,0.3979489331047235,-1.7922283917065591,2.653584149273655,6.19475414959309,7.755054050303216,9.92551471194442,-0.8600001279999998,16.327498112,16.327498112,17.18749824,0.40551602008004173,-1.7886223161655441,1.6450026609049704,4.993875783027098,0.49586785602795286,5.018434045292043,4.3437498496,5.4999997312,5.4999997312,1.1562498816,-0.338968970211767,-1.864997579123238,1.0959593533683538,2.2628828155522647,2.2763145330014636,3.2097112783045483,-1.9184303550976005,8.2140702674432,8.2140702674432,10.1325006225408,0.3397312202332319,-1.8526530352936508,2.559130574442846,125000,0.0019999840000000002,31249999.999999996
Device 3,Device 3/Device3  1.mat,42,12/24/2008 3:20:03 PM.110342025,3313005603.0,1.6e-08,62499999.99999999,4.774658937348094,7.980615112806356,9.299870189779599,-12.564992128,24.93501017599999,24.93501017599999,37.50000230399999,0.3971166860926977,-1.7938210476811838,2.681221314616106,6.214224147599362,7.758670767021452,9.940500682945515,-0.8600001279999998,16.63999808,16.63999808,17.499998208,0.4057188944330684,-1.7905434266764422,1.6739597542152502,4.997156282691175,0.49506838725852387,5.021619621367456,4.3437498496,5.4999997312,5.4999997312,1.1562498816,-0.3414731428321374,-1.8642193801855649,1.095264107181076,2.250377621033945,2.2622191453658322,3.1908987603667587,-2.3406178810368,8.2140702674432,8.2140702674432,10.55468814848,0.34253939971078295,-1.851250796869125,2.5742183893352615,125000,0.0019999840000000002,31249999.999999996
Device 3,Device 3/Device3  1.mat,43,12/24/2008 3:20:26 PM.010341644,3313005626.0,1.6e-08,62499999.99999999,4.653708929916924,8.0376100380298,9.287635970893021,-11.002492031999992,24.93501017599999,24.93501017599999,35.937502207999984,0.3962629891450578,-1.7947385004385044,2.6847531766043637,6.189629150117891,7.682658237071274,9.865837349339802,-0.8600001279999998,16.327498112,16.327498112,17.18749824,0.4055652419466632,-1.7883846353498398,1.654953100670426,4.993288533087233,0.5020098445981773,5.018460347430667,4.3124998528,5.4999997312,5.4999997312,1.1874998783999997,-0.3392951467851688,-1.864459586091531,1.0959536093606619,2.2791032602988492,2.3004729736258063,3.2382846652954402,-2.5517116440064007,8.0029765044736,8.0029765044736,10.55468814848,0.34006370053306484,-1.8524850854824035,2.4713628762292457,125000,0.0019999840000000002,31249999.999999996
Device 3,Device 3/Device3  1.mat,44,12/24/2008 3:20:49 PM.069341659,3313005649.0,1.6e-08,62499999.99999999,4.913296445865983,8.00560358664067,9.393091650324363,-12.564992128,23.372510079999984,23.372510079999984,35.937502207999984,0.3981722135653461,-1.7927581265039143,2.488265945876604,6.20955414807757,7.905705786926009,10.052797954168915,-0.8600001279999998,16.63999808,16.63999808,17.499998208,0.4068722929574754,-1.8144290490367996,1.6552603718748136,4.9836227840770055,0.5337163495557049,5.0121202295789455,4.281249856,5.4999997312,5.4999997312,1.2187498752000003,-0.38068004705640407,-1.8440415514522486,1.0973399438309244,2.3198612440530195,2.4229513163564085,3.3544670624545527,-2.5517116440064007,7.1586014525952,7.1586014525952,9.7103130966016,0.3791563045665148,-1.8366042215149132,2.134050303465213,125000,0.0019999840000000002,31249999.999999996
Device 3,Device 3/Device3  1.mat,45,12/24/2008 3:21:12 PM.113341808,3313005672.0,1.6e-08,62499999.99999999,4.7841214379294685,8.039354051195689,9.35516068773449,-12.564992128,24.93501017599999,24.93501017599999,37.50000230399999,0.3969318114810484,-1.7931354999183478,2.665374867231535,6.229981645985793,7.874317647888147,10.040794277803055,-0.8600001279999998,16.327498112,16.327498112,17.18749824,0.40713419613534246,-1.8139617314430219,1.6261161876500958,5.00671728171213,0.4872881254340603,5.030374504565631,4.3749998464,5.4999997312,5.4999997312,1.1249998848000002,-0.37769160386739575,-1.8465921502498832,1.0933579053027027,2.163986231976059,2.2092759818674037,3.092529187612968,-2.5517116440064007,7.791882741504001,7.791882741504001,10.343594385510402,0.3767028002365102,-1.8368288406907307,2.5195826033636646,125000,0.0019999840000000002,31249999.999999996
Device 3,Device 3/Device3  1.mat,46,12/24/2008 3:21:35 PM.241342067,3313005695.0,1.6e-08,62499999.99999999,4.858921442525182,8.017412436982676,9.37486105333383,-11.002492031999992,24.93501017599999,24.93501017599999,35.937502207999984,0.3978470889278962,-1.7929473305334598,2.659773839222156,6.234519145521155,7.879374765308659,10.047575611462333,-0.8600001279999998,16.63999808,16.63999808,17.499998208,0.40720106349930096,-1.813942102306973,1.6561207124449995,5.0082890315511825,0.4911784424856687,5.0323170891666305,4.3437498496,5.4999997312,5.4999997312,1.1562498816,-0.3777109116724891,-1.8468438680110326,1.0929358452074052,2.1717359062021995,2.229186756907374,3.112187404938704,-2.5517116440064007,6.947507689625599,6.947507689625599,9.499219333632,0.3767664892612351,-1.837079373966028,2.2323551848454426,125000,0.0019999840000000002,31249999.999999996
Device 3,Device 3/Device3  1.mat,47,12/24/2008 3:21:58 PM.316341876,3313005718.0,1.6e-08,62499999.99999999,4.788171438178301,7.999258103424621,9.322806225948865,-14.127492224000008,23.372510079999984,23.372510079999984,37.50000230399999,0.3974254844948816,-1.7932528945149628,2.5070251932240666,6.210959147933697,7.600964085801804,9.815837639801819,-0.8600001279999998,16.327498112,16.327498112,17.18749824,0.40539861550827155,-1.7891483473215266,1.6633830663411067,5.000669032331469,0.4875513389476827,5.024380268155331,4.3749998464,5.4999997312,5.4999997312,1.1249998848000002,-0.339624828412312,-1.863953126323425,1.094662314088597,2.2128164412261873,2.217144608314363,3.1324569935975783,-2.3406178810368,6.947507689625599,6.947507689625599,9.288125570662398,0.33927967148277854,-1.8529690846142681,2.2179099996665856,125000,0.0019999840000000002,31249999.999999996
Device 3,Device 3/Device3  1.mat,48,12/24/2008 3:22:21 PM.290341854,3313005741.0,1.6e-08,62499999.99999999,4.735933934968829,8.004473484714154,9.300573423390693,-12.564992128,24.93501017599999,24.93501017599999,37.50000230399999,0.3961107739383972,-1.7930686685575603,2.681018582498269,6.206899148349442,7.574688534151922,9.792931299013263,-0.8600001279999998,16.327498112,16.327498112,17.18749824,0.40472321703121683,-1.7865890963626183,1.6672738338974318,4.998680532535092,0.4931836771968404,5.022951045530775,4.3437498496,5.4999997312,5.4999997312,1.1562498816,-0.33493676353381546,-1.8667945847733345,1.0949737875892072,2.2107899411016785,2.248386040702265,3.153225642370234,-2.5517116440064007,8.0029765044736,8.0029765044736,10.55468814848,0.3348926597021811,-1.8548225317392197,2.5380284864288614,125000,0.0019999840000000002,31249999.999999996
Device 3,Device 3/Device3  1.mat,49,12/24/2008 3:22:42 PM.139341831,3313005762.0,1.6e-08,62499999.99999999,4.699621432737788,8.01188198591887,9.288524886511297,-12.564992128,24.93501017599999,24.93501017599999,37.50000230399999,0.39615599072905217,-1.7942554483463007,2.684496244630874,6.208716648163331,7.5195450689400944,9.75149837004559,-0.8600001279999998,16.327498112,16.327498112,17.18749824,0.4045313908327867,-1.7862966753690563,1.6743578773652266,5.006310781753754,0.47085250238201687,5.028404291870661,4.4062498431999995,5.4999997312,5.4999997312,1.0937498880000005,-0.33352130120137236,-1.8653493054859491,1.0937863011714788,2.1832092744071234,2.124556258677317,3.0463325544238002,-2.5517116440064007,7.580788978534399,7.580788978534399,10.1325006225408,0.33281503017289815,-1.8538052154266638,2.488496854201222,125000,0.0019999840000000002,31249999.999999996
Device 3,Device 3/Device3  1.mat,50,12/24/2008 3:23:07 PM.553341865,3313005787.0,1.6e-08,62499999.99999999,4.737558935068669,8.017966514159468,9.313015176914053,-12.564992128,24.93501017599999,24.93501017599999,37.50000230399999,0.39682548133538287,-1.7937776537240466,2.6774368668281734,6.227196646270977,7.5287246068860165,9.770346579198689,-0.5475001599999998,16.327498112,16.327498112,16.874998272,0.4048754758178611,-1.7864275554087576,1.6711278335572712,5.006543781729896,0.4730187848972324,5.02883956885124,4.4062498431999995,5.4999997312,5.4999997312,1.0937498880000005,-0.3342199266363367,-1.8655070411064272,1.0936916272428212,2.1650332570403887,2.1363438187104538,3.041600551655868,-2.1295241180671987,7.580788978534399,7.580788978534399,9.710313096601599,0.3340382367943428,-1.8528423546861597,2.4923683599437036,125000,0.0019999840000000002,31249999.999999996
Device 3,Device 3/Device3  1.mat,51,12/24/2008 3:23:30 PM.631341934,3313005810.0,1.6e-08,62499999.99999999,4.781546437771261,8.026295173269318,9.34262278725891,-9.439991936000013,24.93501017599999,24.93501017599999,34.375002112000004,0.39763618696690517,-1.7936085287377974,2.668951829030853,6.181219150979074,7.565913576741538,9.769878118131894,-0.8600001279999998,16.327498112,16.327498112,17.18749824,0.4052819904409847,-1.786548778859791,1.6712079633519517,5.006215781763482,0.48127008221271556,5.029295909529562,4.3749998464,5.468749734399999,5.468749734399999,1.0937498879999996,-0.3353370090424327,-1.8654206078227948,1.087378796709447,2.161331516812954,2.173148205848908,3.064951394419382,-2.3406178810368,7.580788978534399,7.580788978534399,9.9214068595712,0.3348953182535234,-1.8537838088897438,2.473379836410257,125000,0.0019999840000000002,31249999.999999996
Device 3,Device 3/Device3  1.mat,52,12/24/2008 3:23:53 PM.653341770,3313005833.0,1.6e-08,62499999.99999999,4.697446432604156,8.017453963136697,9.292231757667361,-12.564992128,21.810009984000004,21.810009984000004,34.375002112000004,0.3964135540701667,-1.7944465258852362,2.3471229036021155,6.22654164633805,7.61177672662599,9.834071680112324,-0.8600001279999998,16.327498112,16.327498112,17.18749824,0.4051891060818927,-1.7871749832251393,1.6602988714246905,4.999157282486273,0.4980219987842261,5.023902810197323,4.3437498496,5.531249728,5.531249728,1.1874998783999997,-0.3367913770391187,-1.866656353902797,1.100986610802439,2.229207449733251,2.2757536925974375,3.18565860118706,-2.3406178810368,7.1586014525952,7.1586014525952,9.499219333632,0.3377259043441862,-1.853755910249822,2.2471339050354353,125000,0.0019999840000000002,31249999.999999996
Device 3,Device 3/Device3  1.mat,53,12/24/2008 3:24:16 PM.815341949,3313005856.0,1.6e-08,62499999.99999999,4.742283935358973,8.029347887375437,9.32521766073394,-12.564992128,24.93501017599999,24.93501017599999,37.50000230399999,0.3970486530708376,-1.7937147320629245,2.673933315357862,3.817564393017344,4.954548038765671,6.254705761526328,-0.8600001279999998,13.202498432000002,13.202498432000002,14.062498560000002,0.40647255496852625,-1.8200971161263322,2.1108104738052798,5.047218277564826,0.4539888446286548,5.06759491400326,4.4062498431999995,5.5937497216,5.5937497216,1.1874998784000006,-0.39793594371729296,-1.834316432453588,1.1038273217424737,2.0318297151063636,2.061289260559246,2.8943471469203708,-2.3406178810368,7.791882741504001,7.791882741504001,10.1325006225408,0.3992817700886771,-1.8203261666839397,2.6921037270165336,125000,0.0019999840000000002,31249999.999999996
Device 3,Device 3/Device3  1.mat,54,12/24/2008 3:24:39 PM.992341995,3313005879.0,1.6e-08,62499999.99999999,4.698846432690171,8.018215396365745,9.293596501921195,-12.564992128,24.93501017599999,24.93501017599999,37.50000230399999,0.39647782105832896,-1.7942516241214232,2.6830312862028562,3.235444452626432,4.23999170932873,5.333444524995785,-0.8600001279999998,9.139998848000001,9.139998848000001,9.999998976,0.41165658208301087,-1.807495388281673,1.7137140557409707,5.048217027462555,0.46053282516428695,5.069179977019623,4.43749984,5.531249728,5.531249728,1.0937498879999996,-0.40419883800012324,-1.8265177357801676,1.0911527610136358,1.993295815238841,2.090733482360035,2.888666595734093,-2.5517116440064007,7.369695215564798,7.369695215564798,9.9214068595712,0.4035254816172665,-1.8140229781418291,2.5512446560804807,125000,0.0019999840000000002,31249999.999999996
Device 3,Device 3/Device3  1.mat,55,12/24/2008 3:25:02 PM.998342037,3313005902.0,1.6e-08,62499999.99999999,4.785821438033916,8.007608503035037,9.328766305070788,-12.564992128,24.93501017599999,24.93501017599999,37.50000230399999,0.39727212088209446,-1.7936440404926814,2.6729161563888892,3.9430493801676803,5.034005072516316,6.394438637172205,-0.8600001279999998,11.014998656000001,11.014998656000001,11.874998784,0.40627143491977136,-1.8047176030923973,1.7225904072278555,5.044666277826152,0.45214584141544284,5.06488832221853,4.43749984,5.4999997312,5.4999997312,1.0624998911999999,-0.3878884316667695,-1.8364135460315572,1.0859074043296737,1.9903117938055026,2.04893217350022,2.8564775665433837,-2.3406178810368,6.5253201636864,6.5253201636864,8.865938044723201,0.38859074077545747,-1.8218822272902577,2.2843939823349193,125000,0.0019999840000000002,31249999.999999996
Device 3,Device 3/Device3  1.mat,56,12/24/2008 3:25:21 PM.483341693,3313005921.0,1.6e-08,62499999.99999999,4.781771437785085,8.021164314227004,9.338330420318506,-12.564992128,21.810009984000004,21.810009984000004,34.375002112000004,0.39681490240002354,-1.7932240808163324,2.3355363327630165,4.31343684224,5.433607093203372,6.9375661031303615,-0.5475001599999998,12.264998528000001,12.264998528000001,12.812498688000002,0.41557236255998165,-1.7802021885815218,1.767910870422669,5.044309277862708,0.45020285547222444,5.064359653678552,4.43749984,5.4999997312,5.4999997312,1.0624998911999999,-0.3795418448536253,-1.8407038393815311,1.0860207622112732,2.0081247298999294,2.0413663080214826,2.863519047319386,-2.5517116440064007,6.314226400716799,6.314226400716799,8.8659380447232,0.38091510316906607,-1.8248803929722106,2.2050582854085463,125000,0.0019999840000000002,31249999.999999996
Device 3,Device 3/Device3  1.mat,57,12/24/2008 3:25:49 PM.119341850,3313005949.0,1.6e-08,62499999.99999999,4.777558937526269,7.995361849391367,9.314015272922848,-12.564992128,24.93501017599999,24.93501017599999,37.50000230399999,0.3969027222499005,-1.7937305467507199,2.6771493760043072,3.0550919710945283,4.071255523865868,5.0900597729746355,-0.8600001279999998,8.82749888,8.82749888,9.687499008,0.4142006678567686,-1.8098671101983164,1.734262321803974,5.057155276547277,0.4462134668998022,5.07680272899713,4.4062498431999995,5.9062496896,5.9062496896,1.4999998464000006,-0.4048963770060218,-1.8262786912661622,1.163379789383055,1.9465022386138437,2.0100698550223934,2.798080017976336,-2.762805406975999,7.1586014525952,7.1586014525952,9.9214068595712,0.40638532264618665,-1.8128278255097512,2.55839768934576,125000,0.0019999840000000002,31249999.999999996
Device 3,Device 3/Device3  1.mat,58,12/24/2008 3:26:12 PM.254342079,3313005972.0,1.6e-08,62499999.99999999,4.693383932354556,8.059538236846251,9.3265218236849,-11.002492031999992,24.93501017599999,24.93501017599999,35.937502207999984,0.3968319516781116,-1.793902164962227,2.6735594091118733,3.1629569600491525,4.18909363144455,5.249076317232649,-0.8600001279999998,9.139998848000001,9.139998848000001,9.999998976,0.4117153826152332,-1.8164209493429027,1.741258517806934,5.0592305263347725,0.4422111858525754,5.078519887869963,4.4062498431999995,6.0624996736,6.0624996736,1.6562498304000002,-0.4045438778676316,-1.8235857056091878,1.1937532602915015,1.9315973301980864,1.9916776421107507,2.7744996082378917,-2.762805406975999,6.736413926655998,6.736413926655998,9.499219333631997,0.40600732110608173,-1.8137016629585556,2.427974365775583,125000,0.0019999840000000002,31249999.999999996
Device 3,Device 3/Device3  1.mat,59,12/24/2008 3:26:35 PM.335341930,3313005995.0,1.6e-08,62499999.99999999,4.700646432800764,8.015128279162758,9.291843639323528,-11.002492031999992,24.93501017599999,24.93501017599999,35.937502207999984,0.39640844742005965,-1.7944504949482614,2.6835374274351578,3.4219519335280646,4.438732558000372,5.604650011983708,-0.8600001279999998,9.764998784000001,9.764998784000001,10.624998912,0.4100283436765706,-1.8164670280256494,1.7423030453499775,5.055479026718926,0.44136211973478706,5.074708731575805,4.4687498368,5.6249997184,5.6249997184,1.1562498816,-0.40372682926978054,-1.8281517293679528,1.1084379450982438,1.969839076297659,1.9925226609815327,2.801858765361691,-2.5517116440064007,6.736413926655998,6.736413926655998,9.288125570662398,0.40415871181115615,-1.814146808255588,2.404266057210202,125000,0.0019999840000000002,31249999.999999996
Device 3,Device 3/Device3  1.mat,60,12/24/2008 3:26:58 PM.439342021,3313006018.0,1.6e-08,62499999.99999999,4.890546444468223,7.968908064041934,9.3499165909998,-12.564992128,24.93501017599999,24.93501017599999,37.50000230399999,0.39769551476086273,-1.792489838012443,2.6668697986035887,4.244309349318656,5.522733617953967,6.9652529363686915,-0.8600001279999998,11.639998592000001,11.639998592000001,12.49999872,0.40661370248768053,-1.8209476304326297,1.6711523182772556,5.046183777670759,0.45062593237799936,5.066264348507594,4.43749984,5.531249728,5.531249728,1.0937498879999996,-0.3971666913530053,-1.834717816646363,1.091780718001693,1.9946265503206013,2.040153793054168,2.853202161529598,-1.4962428291584016,7.369695215564798,7.369695215564798,8.8659380447232,0.39744241669515995,-1.8201929872241236,2.582955850423832,125000,0.0019999840000000002,31249999.999999996
Device 3,Device 3/Device3  1.mat,61,12/24/2008 3:27:21 PM.648341655,3313006041.0,1.6e-08,62499999.99999999,4.979521449934847,7.985251976546761,9.410626068402951,-12.564992128,24.93501017599999,24.93501017599999,37.50000230399999,0.3981662370921452,-1.7923664644906165,2.649665388333896,4.382784335138816,5.695284951240434,7.186450389737895,-0.8600001279999998,11.952498560000002,11.952498560000002,12.812498688000002,0.40676215783462727,-1.820864986865846,1.6631992029149645,5.042594778038273,0.4618681465381756,5.063702625577993,4.4062498431999995,5.531249728,5.531249728,1.1249998848000002,-0.39804787186177876,-1.8321091216302499,1.092333048955188,2.0326453814064784,2.095349925952414,2.919270209956912,-2.762805406975999,7.369695215564798,7.369695215564798,10.132500622540796,0.3964953221589199,-1.8220616018979703,2.5244991677812427,125000,0.0019999840000000002,31249999.999999996
Device 3,Device 3/Device3  1.mat,62,12/24/2008 3:27:44 PM.737341880,3313006064.0,1.6e-08,62499999.99999999,4.85237144212275,7.992785026978031,9.35040753656292,-12.564992128,24.93501017599999,24.93501017599999,37.50000230399999,0.39765645447478537,-1.792957634708746,2.6667297739159035,4.128436861184,5.328690214260844,6.740840475515058,-0.8600001279999998,11.639998592000001,11.639998592000001,12.49999872,0.40975303143747593,-1.8127922953952766,1.7267874287012563,5.049276277354088,0.4486442817815167,5.069168828972458,4.43749984,5.4999997312,5.4999997312,1.0624998911999999,-0.3958730147496057,-1.8349306212839662,1.084990442568249,1.9886230437017456,2.0285868308513884,2.840736900919421,-2.5517116440064007,7.369695215564798,7.369695215564798,9.9214068595712,0.39710787800748715,-1.8186912872575065,2.5942899580667094,125000,0.0019999840000000002,31249999.999999996
Device 3,Device 3/Device3  1.mat,63,12/24/2008 3:28:07 PM.702342033,3313006087.0,1.6e-08,62499999.99999999,4.882508943974397,7.988171530680893,9.362146014219748,-12.564992128,23.372510079999984,23.372510079999984,35.937502207999984,0.39767436792774075,-1.7926045840558047,2.4964906597804086,4.12982436104192,5.367932266536547,6.772750259029156,-0.8600001279999998,11.639998592000001,11.639998592000001,12.49999872,0.40880669318944485,-1.814534431837992,1.7186516772092737,5.051011277176423,0.4462857707820459,5.070688899091121,4.43749984,5.4999997312,5.4999997312,1.0624998911999999,-0.3961514568496407,-1.8345146521100155,1.084665188626703,1.975342712885802,2.011667297561348,2.819358818850275,-1.4962428291584016,7.1586014525952,7.1586014525952,8.654844281753602,0.39709664977106407,-1.8189455766166172,2.539088463920479,125000,0.0019999840000000002,31249999.999999996
Device 3,Device 3/Device3  1.mat,64,12/24/2008 3:28:30 PM.757341861,3313006110.0,1.6e-08,62499999.99999999,4.728258934497276,8.025749371711408,9.314992513640545,-9.439991936000013,24.93501017599999,24.93501017599999,34.375002112000004,0.39656761561413423,-1.7939868839190347,2.676868514868482,3.164341959907328,4.245157774826247,5.294754439291579,-0.8600001279999998,9.139998848000001,9.139998848000001,9.999998976,0.40874144142684543,-1.8209056376565516,1.726236589967882,5.072057525021287,0.42950785143759956,5.09021065689541,4.2187498624,6.1249996672,6.1249996672,1.9062498047999998,-0.4054340887104398,-1.8226409461834558,1.2032900168685203,1.8950223804509216,1.946700912804484,2.716754362529614,-2.5517116440064007,7.369695215564798,7.369695215564798,9.9214068595712,0.40474565522284456,-1.8145999277150917,2.7126836777038448,125000,0.0019999840000000002,31249999.999999996
Device 3,Device 3/Device3  1.mat,65,12/24/2008 3:28:53 PM.868341922,3313006133.0,1.6e-08,62499999.99999999,4.760383936471038,8.004031108236758,9.312667136982467,-11.002492031999992,24.93501017599999,24.93501017599999,35.937502207999984,0.3966807742964045,-1.793440158909942,2.6775369299927054,3.6159119136665616,4.75527490057352,5.973898086460823,-0.8600001279999998,10.077498752,10.077498752,10.93749888,0.4075604805153059,-1.8262829420982858,1.686921773044561,5.050840784873881,0.4338165198863395,5.069436793872836,4.2312498688,6.0749996799999995,6.0749996799999995,1.8437498111999995,-0.40290864401366017,-1.822917367691582,1.1983579097667287,1.9162634792559745,1.971368879214028,2.7492473478870147,-2.5517116440064007,7.1586014525952,7.1586014525952,9.7103130966016,0.4045009934911272,-1.8152372999336666,2.6038404504043906,125000,0.0019999840000000002,31249999.999999996
Device 3,Device 3/Device3  1.mat,66,12/24/2008 3:29:17 PM.314342021,3313006157.0,1.6e-08,62499999.99999999,6.304914354376705,7.94183894324623,10.140253981853109,-8.749999104,26.249997312,26.249997312,34.999996416,0.4074023363888848,-1.825159098389368,2.5886922910389343,3.786439612268544,5.324440470170312,6.533512933923358,-1.874999808,11.874998784,11.874998784,13.749998592,0.40505745588775544,-1.8053378481298132,1.8175518903991965,5.04751449425449,0.43992996014510427,5.066649873391926,4.3312498176,5.674999679999999,5.674999679999999,1.3437498623999993,-0.401439639777429,-1.8299005141012736,1.1200694387435157,1.952568228986538,2.0145215686166456,2.805498144584896,-2.5517116440064007,7.369695215564798,7.369695215564798,9.9214068595712,0.40153154150268805,-1.8171007241174646,2.626875811623545,125000,0.0019999840000000002,31249999.999999996
Device 3,Device 3/Device3  1.mat,67,12/24/2008 3:29:40 PM.549341678,3313006180.0,1.6e-08,62499999.99999999,6.293869355507713,7.9471649812028,10.137564929639423,-8.749999104,26.249997312,26.249997312,34.999996416,0.4073522384432137,-1.82511953156374,2.589378957786234,2.538749740032,3.7009131484545144,4.487984890228136,-1.874999808,8.749999104,8.749999104,10.624998912,0.4041962190361864,-1.784917642570646,1.949649858013496,5.083955230282958,0.40892891622200467,5.100374853091088,4.5124997888,6.1687496192,6.1687496192,1.6562498304000002,-0.4037206670724173,-1.8208087401353246,1.2094698520955616,1.6498004228995395,1.851360324882002,2.47979363817772,-2.568602075136,7.141709430527999,7.141709430527999,9.710311505663999,0.4031387238337394,-1.7750432573902237,2.8799611873252866,125000,0.0019999840000000002,31249999.999999996
Device 3,Device 3/Device3  1.mat,68,12/24/2008 3:30:03 PM.983341693,3313006203.0,1.6e-08,62499999.99999999,5.629949127364612,8.03703389902888,9.812759095731073,-11.095004159999995,24.52999219200001,24.52999219200001,35.624996352000004,0.41009501925291925,-1.8220233633009024,2.4998058092215367,3.2618740700160003,4.247264999671434,5.355285466347872,-0.820000512,9.179998464,9.179998464,9.999998976,0.41230789211960994,-1.8142424135557738,1.7141940465520051,5.548487562823679,0.463234747073708,5.567791363341977,4.8807501312,6.5369999616,6.5369999616,1.6562498304000002,-0.4032831933493482,-1.8265223276982565,1.1740741588557426,1.9903017351797216,2.0962221491451505,2.89057923185408,-1.8542577772799997,7.222774030412801,7.222774030412801,9.077031807692801,0.40298914131502067,-1.817929386077479,2.4987289574415015,125000,0.0019999840000000002,31249999.999999996
Device 3,Device 3/Device3  1.mat,69,12/24/2008 3:30:27 PM.090342044,3313006227.0,1.6e-08,62499999.99999999,5.601789130248196,8.02600977512522,9.787587770751912,-12.345004031999999,25.154992128000004,25.154992128000004,37.49999616,0.4103474252882874,-1.8216868281578114,2.570091090592337,3.9187365027532794,5.070453620933472,6.408275563679231,-0.820000512,11.054998271999999,11.054998271999999,11.874998783999999,0.4069336927811161,-1.8237926013511176,1.7251128111059117,5.511668316593971,0.5118266219909745,5.535382021425849,4.7245001472,6.2869999872,6.2869999872,1.56249984,-0.4022850514232649,-1.83158162374768,1.1357842986924582,2.1604095331311437,2.336835578735555,3.1824785738301933,-1.6431640143103987,7.856055319321602,7.856055319321602,9.499219333632,0.4032418791890692,-1.8175432037003656,2.4685336089683836,125000,0.0019999840000000002,31249999.999999996
Device 3,Device 3/Device3  1.mat,70,12/24/2008 3:30:50 PM.226341724,3313006250.0,1.6e-08,62499999.99999999,5.564594134056964,8.021502098250998,9.762643278796288,-11.095004159999995,23.279992320000005,23.279992320000005,34.37499648,0.4108751068136104,-1.821466874532302,2.3845992991019513,3.33078656295936,4.317503883142339,5.452978902300999,-0.820000512,9.179998464,9.179998464,9.999998976,0.4099893991014138,-1.8200720078690151,1.683483216875515,5.555596562095718,0.4355216413583422,5.5726414078838085,4.8182501376,6.5369999616,6.5369999616,1.7187498240000005,-0.40381256400282256,-1.8243400087168435,1.1730523253033796,1.9559407368185824,1.9903899242974363,2.7905834903638294,-2.4875390661888,6.3783989785344,6.3783989785344,8.865938044723201,0.4031965961715204,-1.8154232812748199,2.2856864883490013,125000,0.0019999840000000002,31249999.999999996
Device 3,Device 3/Device3  1.mat,71,12/24/2008 3:31:13 PM.371341705,3313006273.0,1.6e-08,62499999.99999999,5.596264130813957,8.019556104656802,9.779133516706532,-11.720004095999997,25.154992128000004,25.154992128000004,36.874996224,0.41047186152076964,-1.8215111983049517,2.5723129850948014,3.093984087207937,4.024675566417912,5.0764900223301215,-0.820000512,8.867498496,8.867498496,9.687499008,0.40880355504775645,-1.8227127239627672,1.7467774893665202,5.5519643124676605,0.45446842834208095,5.570534021013985,4.8182501376,6.9119999232,6.9119999232,2.0937497856,-0.4014949729584246,-1.8168671995040417,1.2408145964328627,1.9583184969646712,2.060991338450781,2.8430083771813117,-1.4320702513408008,7.433867793382399,7.433867793382399,8.8659380447232,0.4032433674594189,-1.818515877253077,2.6147892679629297,125000,0.0019999840000000002,31249999.999999996
Device 3,Device 3/Device3  1.mat,72,12/24/2008 3:31:36 PM.461341857,3313006296.0,1.6e-08,62499999.99999999,5.525569138053124,7.99229014190704,9.716409625567954,-11.720004095999997,23.904992256,23.904992256,35.624996352,0.41121368626082283,-1.820853852272243,2.460270117996665,3.0423890924912644,3.970522983086321,5.002117966354504,-0.820000512,8.554998528,8.554998528,9.37499904,0.40873441143649386,-1.822773391576384,1.7102752445150353,5.565314311100621,0.42553592192561124,5.581559298456879,4.8182501376,6.8807499264,6.8807499264,2.0624997888000003,-0.4016381662656204,-1.814375490849889,1.2327648168679861,1.9023296760247188,1.9409806937111078,2.717768247964415,-1.8542577772799997,6.589492741504001,6.589492741504001,8.443750518784,0.40595786339945544,-1.8096026554150446,2.424597000292234,125000,0.0019999840000000002,31249999.999999996
Device 3,Device 3/Device3  1.mat,73,12/24/2008 3:31:59 PM.595341682,3313006319.0,1.6e-08,62499999.99999999,5.605624129855491,8.031970532872213,9.794670618563224,-11.095004159999995,25.154992128000004,25.154992128000004,36.249996288,0.4103717760230028,-1.8218035187876116,2.568232573367534,3.383076557604863,4.449560231696236,5.589614767594296,-0.820000512,9.492498432000001,9.492498432000001,10.312498944000001,0.4076965768930562,-1.8249629562815293,1.698238398651838,5.549971062671769,0.4502945484709811,5.568208327359591,4.6620001536,6.8182499328,6.8182499328,2.1562497791999995,-0.4025940136010457,-1.8179019590863428,1.2244961991271563,1.949599480178975,2.047940280412662,2.8275426655049474,-1.6431640143103987,7.433867793382399,7.433867793382399,9.077031807692798,0.4022036555353624,-1.8194390832883853,2.629091289787787,125000,0.0019999840000000002,31249999.999999996
Device 3,Device 3/Device3  1.mat,74,12/24/2008 3:32:22 PM.513341903,3313006342.0,1.6e-08,62499999.99999999,5.604684129951748,8.016616929365593,9.781545439690193,-10.470004223999993,23.279992320000005,23.279992320000005,33.749996544,0.4103352464180866,-1.8217422861460963,2.3799912256745945,3.578854037557248,4.675995371152125,5.888389332676289,-0.820000512,9.8049984,9.8049984,10.624998912,0.40775714184849937,-1.8257360883565363,1.6651409827114134,5.555343812121599,0.4316781659810501,5.572090353705915,4.59950016,6.7557499392,6.7557499392,2.1562497792000004,-0.4035920677159787,-1.8156083897292068,1.2124264881503313,1.9734868503966152,1.9695367822803618,2.7881401480993806,-2.276445303219199,6.167305215564799,6.167305215564799,8.443750518783997,0.4034286898444381,-1.8152246064747706,2.211978196206861,125000,0.0019999840000000002,31249999.999999996
Device 3,Device 3/Device3  1.mat,75,12/24/2008 3:32:45 PM.740341663,3313006365.0,1.6e-08,62499999.99999999,5.580394132439044,8.023103539590085,9.772972376935435,-10.470004223999993,25.154992128000004,25.154992128000004,35.624996352,0.41066067576444176,-1.8216205417261584,2.573934639103932,3.460931549632511,4.5335739973974905,5.703625196409767,-0.820000512,9.492498432000001,9.492498432000001,10.312498944000001,0.40725904523514583,-1.8264600649939071,1.6642921133694404,5.555713312083762,0.4454852342591374,5.5735453259130905,4.5682501632,6.9744999168,6.9744999168,2.4062497536,-0.40205300293354224,-1.8108576622427874,1.2513578896314792,1.9526611841170864,2.036378921868702,2.8212984268575134,-1.8542577772799997,7.433867793382399,7.433867793382399,9.288125570662398,0.4023499456161625,-1.8186662152223076,2.6349101259956287,125000,0.0019999840000000002,31249999.999999996
Device 3,Device 3/Device3  1.mat,76,12/24/2008 3:33:08 PM.919342041,3313006388.0,1.6e-08,62499999.99999999,5.51780413884826,7.992387366840472,9.712075902520642,-9.845004287999998,24.52999219200001,24.52999219200001,34.37499648000001,0.4112827554686126,-1.8209624614401512,2.5257208076013464,4.255183968301057,5.57117611992216,7.010320532135264,-0.820000512,11.679998208,11.679998208,12.49999872,0.40732821437794114,-1.8273885341911091,1.6661147167891917,5.49336656846807,0.5392274381036422,5.519768336222679,4.130750208,7.4744998656,7.4744998656,3.3437496576,-0.4007653912630517,-1.8007206003965281,1.354132892960322,2.228636726073023,2.4735012944783357,3.329418914853984,-2.276445303219199,7.222774030412801,7.222774030412801,9.499219333632,0.40442706543338164,-1.821346220668619,2.169379767198675,125000,0.0019999840000000002,31249999.999999996
Device 3,Device 3/Device3  1.mat,77,12/24/2008 3:33:32 PM.081341743,3313006412.0,1.6e-08,62499999.99999999,5.53310413728154,7.997775142374744,9.725206867824944,-11.095004159999995,25.154992128000004,25.154992128000004,36.249996288,0.4111920784183461,-1.8208391009106526,2.5865765602604553,3.679491527251969,4.7739862385754295,6.0274042924982725,-0.820000512,10.117498368,10.117498368,10.93749888,0.40746087396252184,-1.826109630717203,1.6785829980896207,5.548822562789375,0.4419269429118597,5.566393020277303,4.6307501568,6.6619999488,6.6619999488,2.0312497920000006,-0.4036943364147521,-1.8206070430767873,1.1968252914466533,1.9791998919976241,2.0115769605478473,2.821998242503054,-1.2209764883711995,7.433867793382399,7.433867793382399,8.654844281753599,0.4015319988837922,-1.8192972266256366,2.6342567055565254,125000,0.0019999840000000002,31249999.999999996
Device 3,Device 3/Device3  1.mat,78,12/24/2008 3:33:55 PM.296341896,3313006435.0,1.6e-08,62499999.99999999,5.561764134346755,8.017518709203602,9.757757249416265,-11.720004095999997,24.52999219200001,24.52999219200001,36.249996288000006,0.4109345151022466,-1.8212809155487857,2.5138965404645064,3.3185540642119675,4.320200834690387,5.447654204256845,-0.820000512,9.179998464,9.179998464,9.999998976,0.41033365489979123,-1.8192048944335009,1.6851287030712538,5.547210062954496,0.46490246868099916,5.56665732625328,4.755750144,6.6932499456,6.6932499456,1.9374998015999996,-0.4025912862538294,-1.823902700619734,1.2023822472480068,1.9735898641529441,2.0988163220447724,2.8809871408197543,-1.6431640143103987,7.222774030412801,7.222774030412801,8.865938044723201,0.4030783486410268,-1.818608873915162,2.5070483405065245,125000,0.0019999840000000002,31249999.999999996
Device 3,Device 3/Device3  1.mat,79,12/24/2008 3:34:18 PM.381341934,3313006458.0,1.6e-08,62499999.99999999,5.585044131962883,8.0194953910042,9.772667204111201,-9.845004287999998,25.779992063999998,25.779992063999998,35.624996352,0.4105898351894055,-1.8215272180494375,2.6379688907399585,3.645451530737664,4.703404408872874,5.950741961836555,-0.820000512,10.117498368,10.117498368,10.93749888,0.40813857291766736,-1.824536228967561,1.7002078787629826,5.552024312461516,0.43570973734768687,5.5690948044887305,4.7245001472,6.5057499648,6.5057499648,1.7812498176,-0.40436160747794103,-1.823560122089477,1.1681880436936212,1.9826753397111563,1.9890002741901733,2.8084023204354702,-2.276445303219199,7.433867793382399,7.433867793382399,9.710313096601599,0.40153908155564383,-1.8175233351753006,2.6470095610196283,125000,0.0019999840000000002,31249999.999999996
Device 3,Device 3/Device3  1.mat,80,12/24/2008 3:34:41 PM.574341773,3313006481.0,1.6e-08,62499999.99999999,5.58555413191066,8.026321847073204,9.778561108532731,-10.470004223999993,25.154992128000004,25.154992128000004,35.624996352,0.4106891182789887,-1.8214830772814665,2.5724635607226367,3.524224043151359,4.568152854338803,5.769590592661655,-0.820000512,9.8049984,9.8049984,10.624998912,0.4076722184338125,-1.8250138658783228,1.6994270637627187,5.547634812911001,0.45635203489615395,5.566373073840447,4.7245001472,6.5994999552,6.5994999552,1.874999808,-0.40350633135866304,-1.824208133426752,1.1856014441818143,1.9649265761206718,2.0723761569074575,2.8558150124375756,-2.276445303219199,7.433867793382399,7.433867793382399,9.710313096601599,0.40179986003235457,-1.819861222552689,2.603063490109338,125000,0.0019999840000000002,31249999.999999996
Device 3,Device 3/Device3  1.mat,81,12/24/2008 3:35:04 PM.903341770,3313006504.0,1.6e-08,62499999.99999999,5.528524137750533,7.9915486458868985,9.717480584043736,-11.720004095999997,25.154992128000004,25.154992128000004,36.874996224,0.41126190948486063,-1.82062013571934,2.5886331246501193,3.5832440371077126,4.656918337645569,5.87592769126438,-0.820000512,9.8049984,9.8049984,10.624998912,0.4076489331749266,-1.8246751678351874,1.6686724063294531,5.55595406205911,0.42906421291703334,5.5724968944376485,4.7870001408,6.4119999744,6.4119999744,1.6249998335999996,-0.403877083340865,-1.8253874861816788,1.1506511525919962,1.9370436231575436,1.958725612074008,2.7547675076873546,-1.4320702513408008,7.0116802674432,7.0116802674432,8.443750518784,0.4034032283918605,-1.812924784504556,2.545289302228467,125000,0.0019999840000000002,31249999.999999996
Device 3,Device 3/Device3  1.mat,82,12/24/2008 3:35:28 PM.101341724,3313006528.0,1.6e-08,62499999.99999999,5.563219134197764,8.008049768250832,9.750808593439126,-11.095004159999995,23.279992320000005,23.279992320000005,34.37499648,0.41086285790065946,-1.8212084020753898,2.3874935188107425,3.75247401977856,4.846968324425793,6.129776766498112,-0.820000512,10.429998336,10.429998336,11.249998848,0.4078076794334999,-1.825737873194618,1.7015298816434008,5.548333812839425,0.45175319548139625,5.566694625028834,4.6620001536,6.6307499519999995,6.6307499519999995,1.9687497983999993,-0.40350150340136665,-1.8222226643835493,1.1911467035010304,1.987430860003335,2.042779416367922,2.850057748051794,-2.4875390661888,6.3783989785344,6.3783989785344,8.865938044723201,0.4010023129983705,-1.8204916699668763,2.2379893821079464,125000,0.0019999840000000002,31249999.999999996
Device 3,Device 3/Device3  1.mat,83,12/24/2008 3:35:49 PM.007341861,3313006549.0,1.6e-08,62499999.99999999,5.5197141386526765,7.997819075944606,9.717631097339808,-11.095004159999995,25.154992128000004,25.154992128000004,36.249996288,0.4113278941112999,-1.8207311137195559,2.5885930301353133,3.709391524190208,4.812104976750992,6.0758488943526086,-0.820000512,10.429998336,10.429998336,11.249998848,0.40771349656685063,-1.8252403083866358,1.7166322792679218,5.556420812011314,0.42666141289100407,5.572777781448192,4.6932501504,6.474499968,6.474499968,1.7812498176,-0.4039143072223364,-1.8232975599549797,1.161808387471262,1.9313998203107885,1.947560146760352,2.742862700017219,-1.4320702513408008,7.0116802674432,7.0116802674432,8.443750518784,0.40377155445278035,-1.8118275359258564,2.556336584911517,125000,0.0019999840000000002,31249999.999999996
Device 3,Device 3/Device3  1.mat,84,12/24/2008 3:36:14 PM.597342014,3313006574.0,1.6e-08,62499999.99999999,5.552259135320068,8.008573250552503,9.74498984171919,-11.095004159999995,23.279992320000005,23.279992320000005,34.37499648,0.41103858351417477,-1.8211431266853184,2.388919095670704,3.447456551012351,4.472712234471097,5.647133025129248,-0.820000512,9.492498432000001,9.492498432000001,10.312498944000001,0.4079950804442745,-1.8245505891797702,1.6809411766571132,5.557771311873022,0.4387577190890485,5.575063254451829,4.755750144,6.5994999552,6.5994999552,1.8437498111999995,-0.4035701324260603,-1.8223360317904982,1.1837533771352517,1.9642375660783393,2.006647205785351,2.8079996838460497,-2.698632829158401,6.589492741504001,6.589492741504001,9.288125570662402,0.40254108832115976,-1.8175870290565026,2.3466857134679344,125000,0.0019999840000000002,31249999.999999996
Device 3,Device 3/Device3  1.mat,85,12/24/2008 3:36:35 PM.494341850,3313006595.0,1.6e-08,62499999.99999999,5.538124136767492,7.999483470674244,9.72946836943505,-9.220004351999997,25.154992128000004,25.154992128000004,34.37499648,0.4111608959163244,-1.82090582445189,2.5854436411987276,3.759931519014912,4.927197959256976,6.197932296934832,-0.820000512,10.429998336,10.429998336,11.249998848,0.40698940140170214,-1.826204290224849,1.6828190171031916,5.559406061705626,0.42702145665559055,5.575781836063308,4.6307501568,6.5057499648,6.5057499648,1.874999808,-0.40434143312139204,-1.821961797161918,1.1667870365231652,1.9469177450142094,1.953475213160834,2.757998207810328,-2.276445303219199,7.222774030412801,7.222774030412801,9.499219333632,0.4032448388033158,-1.8131274619123892,2.618846527876179,125000,0.0019999840000000002,31249999.999999996
Device 3,Device 3/Device3  1.mat,86,12/24/2008 3:37:01 PM.073341846,3313006621.0,1.6e-08,62499999.99999999,5.54305413626266,7.994452144917177,9.728140328701546,-10.470004223999993,25.154992128000004,25.154992128000004,35.624996352,0.41106423037446665,-1.8208254481047312,2.5857965940092007,3.570659038396416,4.700922142366528,5.903242749292453,-0.820000512,10.117498368,10.117498368,10.93749888,0.40721740342435114,-1.8255469713710393,1.7138882471354675,5.554754812181913,0.44014999515916636,5.572165920151404,4.59950016,6.6932499456,6.6932499456,2.0937497856,-0.4038388922502137,-1.8191037880361023,1.2011935828031004,1.931430217812656,2.013754326395916,2.7902740319470616,-2.276445303219199,7.433867793382399,7.433867793382399,9.710313096601599,0.402718881783005,-1.8165665794890178,2.6642070664991366,125000,0.0019999840000000002,31249999.999999996
Device 3,Device 3/Device3  1.mat,87,12/24/2008 3:37:19 PM.761342048,3313006639.0,1.6e-08,62499999.99999999,5.588369131622404,8.01405958806534,9.770108527152201,-11.720004095999997,23.279992320000005,23.279992320000005,34.999996416,0.4105369040694722,-1.82141290837784,2.382777249127004,3.9820264962723844,5.18955988908647,6.541258813059647,-0.820000512,11.054998271999999,11.054998271999999,11.874998783999999,0.4070937542793827,-1.825649697652211,1.6900414106729205,5.552322312431002,0.4282946694738013,5.56881669522519,4.7245001472,6.3182499839999995,6.3182499839999995,1.5937498367999998,-0.4037013054148066,-1.8260423578617395,1.1345767565697373,1.9574454131610293,1.9665453278016716,2.774687923317456,-2.276445303219199,6.167305215564799,6.167305215564799,8.443750518783997,0.4016637394508386,-1.815465923520584,2.2227022951795896,125000,0.0019999840000000002,31249999.999999996
Device 3,Device 3/Device3  1.mat,88,12/24/2008 3:37:47 PM.396341800,3313006667.0,1.6e-08,62499999.99999999,5.548684135686148,7.99582516632114,9.732477368480732,-9.845004287999998,24.52999219200001,24.52999219200001,34.37499648000001,0.4110261278450736,-1.8209375090077558,2.5204263275702035,3.6851090266767366,4.8209935830637605,6.06811401231357,-0.820000512,10.429998336,10.429998336,11.249998848,0.40769368219537105,-1.8244199064787125,1.7188204300109036,5.556482312005017,0.4337922947206844,5.5733895825236965,4.7245001472,6.474499968,6.474499968,1.7499998208000003,-0.4040261184491457,-1.8244117352107967,1.1616808536589451,1.9390971432837119,1.9827387548029656,2.773328451678356,-2.276445303219199,7.0116802674432,7.0116802674432,9.288125570662398,0.40276145543410075,-1.8143968235051702,2.5282545466981703,125000,0.0019999840000000002,31249999.999999996
Device 3,Device 3/Device3  1.mat,89,12/24/2008 3:38:10 PM.654341697,3313006690.0,1.6e-08,62499999.99999999,5.572124133285892,8.016936877657228,9.763188221943048,-11.720004095999997,23.279992320000005,23.279992320000005,34.999996416,0.4107412653945981,-1.8214868765283703,2.3844662000551775,4.0002614944051205,5.19493103278014,6.556630267062678,-0.820000512,11.054998271999999,11.054998271999999,11.874998783999999,0.4074471203400917,-1.8258008066320994,1.686079254390008,5.533320064376831,0.48753500148297363,5.554756638459172,4.5682501632,6.6307499519999995,6.6307499519999995,2.0624997887999994,-0.4031909531921361,-1.8241084398487513,1.1937066524374857,2.055240931669586,2.203144009532573,3.01294852494186,-2.698632829158401,6.589492741504001,6.589492741504001,9.288125570662402,0.4034777254426093,-1.8172769082313982,2.1870578561016596,125000,0.0019999840000000002,31249999.999999996
Device 3,Device 3/Device3  1.mat,90,12/24/2008 3:38:33 PM.919342041,3313006713.0,1.6e-08,62499999.99999999,5.595684130873349,8.02110016752476,9.780067933811786,-11.095004159999995,25.154992128000004,25.154992128000004,36.249996288,0.4105018763422809,-1.8215038442175238,2.5720672185756315,3.8658440081694714,5.020617016230526,6.336508906264025,-0.820000512,10.742498304000001,10.742498304000001,11.562498816000002,0.4069540100260149,-1.8253783632932423,1.6953338917239409,5.556566061996441,0.43124760049351946,5.573275598269124,4.8182501376,6.2869999872,6.2869999872,1.4687498496,-0.4032874147478602,-1.8278707788976478,1.1280619227142716,1.93302777541081,1.9741205680300034,2.7629238856017673,-1.2209764883711995,7.222774030412801,7.222774030412801,8.443750518784,0.4018325356124455,-1.8142923432377882,2.6141777079174493,125000,0.0019999840000000002,31249999.999999996
Device 3,Device 3/Device3  1.mat,91,12/24/2008 3:38:50 PM.250341892,3313006730.0,1.6e-08,62499999.99999999,5.604599129960453,8.029368064509375,9.791949904024042,-11.720004095999997,25.154992128000004,25.154992128000004,36.874996224,0.4103331125892247,-1.8218098917747525,2.568946162363684,3.7874390161981433,4.94646237961609,6.229942565897154,-0.820000512,10.429998336,10.429998336,11.249998848,0.40639623604081165,-1.8254083174658124,1.6741724704002965,5.561180311523942,0.41921786156500984,5.576958855212818,4.8495001343999995,6.1932499968,6.1932499968,1.3437498624000002,-0.4031927048282484,-1.82788052191904,1.1105066681657747,1.9320786978524986,1.9187658978055881,2.7229745987205045,-1.4320702513408008,7.222774030412801,7.222774030412801,8.654844281753602,0.402422954314816,-1.8110847880758532,2.6525308145756124,125000,0.0019999840000000002,31249999.999999996
Device 3,Device 3/Device3  1.mat,92,12/24/2008 3:38:50 PM.250341892,3313006730.0,1.6e-08,62499999.99999999,5.604599129960453,8.029368064509375,9.791949904024042,-11.720004095999997,25.154992128000004,25.154992128000004,36.874996224,0.4103331125892247,-1.8218098917747525,2.568946162363684,3.7874390161981433,4.94646237961609,6.229942565897154,-0.820000512,10.429998336,10.429998336,11.249998848,0.40639623604081165,-1.8254083174658124,1.6741724704002965,5.561180311523942,0.41921786156500984,5.576958855212818,4.8495001343999995,6.1932499968,6.1932499968,1.3437498624000002,-0.4031927048282484,-1.82788052191904,1.1105066681657747,1.9320786978524986,1.9187658978055881,2.7229745987205045,-1.4320702513408008,7.222774030412801,7.222774030412801,8.654844281753602,0.402422954314816,-1.8110847880758532,2.6525308145756124,125000,0.0019999840000000002,31249999.999999996
Device 3,Device 3/Device3  1.mat,93,12/24/2008 3:38:50 PM.250341892,3313006730.0,1.6e-08,62499999.99999999,5.604599129960453,8.029368064509375,9.791949904024042,-11.720004095999997,25.154992128000004,25.154992128000004,36.874996224,0.4103331125892247,-1.8218098917747525,2.568946162363684,3.7874390161981433,4.94646237961609,6.229942565897154,-0.820000512,10.429998336,10.429998336,11.249998848,0.40639623604081165,-1.8254083174658124,1.6741724704002965,5.561180311523942,0.41921786156500984,5.576958855212818,4.8495001343999995,6.1932499968,6.1932499968,1.3437498624000002,-0.4031927048282484,-1.82788052191904,1.1105066681657747,1.9320786978524986,1.9187658978055881,2.7229745987205045,-1.4320702513408008,7.222774030412801,7.222774030412801,8.654844281753602,0.402422954314816,-1.8110847880758532,2.6525308145756124,125000,0.0019999840000000002,31249999.999999996
Device 3,Device 3/Device3  1.mat,94,12/24/2008 3:38:50 PM.250341892,3313006730.0,1.6e-08,62499999.99999999,5.604599129960453,8.029368064509375,9.791949904024042,-11.720004095999997,25.154992128000004,25.154992128000004,36.874996224,0.4103331125892247,-1.8218098917747525,2.568946162363684,3.7874390161981433,4.94646237961609,6.229942565897154,-0.820000512,10.429998336,10.429998336,11.249998848,0.40639623604081165,-1.8254083174658124,1.6741724704002965,5.561180311523942,0.41921786156500984,5.576958855212818,4.8495001343999995,6.1932499968,6.1932499968,1.3437498624000002,-0.4031927048282484,-1.82788052191904,1.1105066681657747,1.9320786978524986,1.9187658978055881,2.7229745987205045,-1.4320702513408008,7.222774030412801,7.222774030412801,8.654844281753602,0.402422954314816,-1.8110847880758532,2.6525308145756124,125000,0.0019999840000000002,31249999.999999996
Device 3,Device 3/Device3  1.mat,95,12/24/2008 3:38:50 PM.250341892,3313006730.0,1.6e-08,62499999.99999999,5.604599129960453,8.029368064509375,9.791949904024042,-11.720004095999997,25.154992128000004,25.154992128000004,36.874996224,0.4103331125892247,-1.8218098917747525,2.568946162363684,3.7874390161981433,4.94646237961609,6.229942565897154,-0.820000512,10.429998336,10.429998336,11.249998848,0.40639623604081165,-1.8254083174658124,1.6741724704002965,5.561180311523942,0.41921786156500984,5.576958855212818,4.8495001343999995,6.1932499968,6.1932499968,1.3437498624000002,-0.4031927048282484,-1.82788052191904,1.1105066681657747,1.9320786978524986,1.9187658978055881,2.7229745987205045,-1.4320702513408008,7.222774030412801,7.222774030412801,8.654844281753602,0.402422954314816,-1.8110847880758532,2.6525308145756124,125000,0.0019999840000000002,31249999.999999996
Device 3,Device 3/Device3  1.mat,96,12/24/2008 3:40:43 PM.201341629,3313006843.0,1.6e-08,62499999.99999999,5.55297913524634,8.003196498718284,9.740982058990651,-11.095004159999995,25.154992128000004,25.154992128000004,36.249996288,0.41094932921991734,-1.8210836663029752,2.582387686956333,5.386841352419329,6.936967338553339,8.782913845204831,-0.820000512,14.492497920000002,14.492497920000002,15.312498432000002,0.4068496426576842,-1.8256757208812469,1.6500785702130514,2.3674311385638918,0.14357965313706855,2.371781042304893,2.1932504064000002,2.8182503424,2.8182503424,0.6249999359999996,-0.36243565483376416,-1.801462680584143,1.1882422079152926,1.6368007422106219,1.7704289761632614,2.411127418727541,-2.276445303219199,6.3783989785344,6.3783989785344,8.654844281753599,0.3980723975858649,-1.8143065944415648,2.6454010389465705,125000,0.0019999840000000002,31249999.999999996
Device 3,Device 3/Device3  1.mat,97,12/24/2008 3:41:10 PM.389341831,3313006870.0,1.6e-08,62499999.99999999,5.592569131192325,8.02164956951721,9.778736692605078,-9.220004351999997,25.779992063999998,25.779992063999998,34.999996415999995,0.41052477380844593,-1.8214819821028654,2.636331550219106,5.406958850359296,6.928684485646085,8.788735558151211,-0.820000512,14.492497920000002,14.492497920000002,15.312498432000002,0.4068679299301323,-1.8254216791166271,1.6489855479334308,2.36782763852329,0.14391530661537705,2.3721971547982634,2.1932504064000002,2.7557503488,2.7557503488,0.5624999423999997,-0.3640626310636944,-1.8073040496219719,1.1616868957227775,1.646328670296018,1.7784163366997876,2.4234609048382327,-2.698632829158401,6.800586504473599,6.800586504473599,9.499219333632,0.39733469051970954,-1.8146213746176432,2.8061465695183316,125000,0.0019999840000000002,31249999.999999996
Device 3,Device 3/Device3  1.mat,98,12/24/2008 3:41:35 PM.731341838,3313006895.0,1.6e-08,62499999.99999999,5.602899130134532,8.019341217663644,9.782755860583524,-11.095004159999995,25.154992128000004,25.154992128000004,36.249996288,0.41033142741187567,-1.8215922658918686,2.5713605129771224,5.396146351466498,6.9319788578641,8.784687036674674,-1.13250048,14.492497920000002,14.492497920000002,15.624998400000003,0.4067915875497603,-1.8243397235863708,1.6497455014044466,2.368593138444903,0.14460242408963028,2.3730030165469387,2.1932504064000002,2.7557503488,2.7557503488,0.5624999423999997,-0.3655230143200932,-1.8156903557153998,1.1612923917854996,1.6402626799233235,1.7735760525539963,2.4157884165096615,-2.4875390661888,6.167305215564799,6.167305215564799,8.654844281753599,0.396437751450498,-1.8157875848398153,2.5529161301614898,125000,0.0019999840000000002,31249999.999999996
Device 3,Device 3/Device3b  1.mat,0,12/24/2008 3:42:25 PM.173341751,3313006945.0,8e-09,124999999.99999999,4.705528115253913,5.90481933651976,7.550422917981663,-3.9374991871999994,11.9374991872,11.9374991872,15.8749983744,0.4081628275894045,-1.8332474465061184,1.581037157371718,4.693888241445837,5.897732438256694,7.537627925047027,-0.19921831999999995,11.9374991872,11.9374991872,12.1367175072,0.4062308825221674,-1.828970723960358,1.583720940580325,2.1356202315187587,0.3966640026553974,2.1721455071598763,1.4477538416,2.8100586128,2.8100586128,1.3623047711999998,-0.4011993645500007,-1.830648669271862,1.2936788090564926,1.6879028331312114,1.8070298460466103,2.472725791226275,-2.1651472601279997,6.292852266464,6.292852266464,8.457999526592,0.40406649907665476,-1.82993994443336,2.5449050148594305,125000,0.0009999920000000001,62499999.99999999
Device 3,Device 3/Device3b  1.mat,1,12/24/2008 3:42:48 PM.321341991,3313006968.0,1.6e-08,62499999.99999999,4.602196426751997,8.020869117589246,9.247407926111281,-14.127492224000008,23.372510079999984,23.372510079999984,37.50000230399999,0.3948420544994257,-1.7951249083751435,2.5274661036639907,6.087479078658046,7.8661588491334244,9.946549983431415,-1.035000192,16.464998016,16.464998016,17.499998208,0.40733238358404716,-1.8237742590015893,1.6553476374649267,2.1446765987467264,0.397031050504079,2.18111700013461,1.5152501632,2.7027500416,2.7027500416,1.1874998784,-0.3956408168549784,-1.832147187120676,1.2391586702745412,1.6642851659202962,1.8025496442614273,2.453371218044539,-1.6887602513408024,6.543896504473597,6.543896504473597,8.2326567558144,0.3951182804843194,-1.817412914702482,2.6673079297349114,125000,0.0019999840000000002,31249999.999999996
Device 3,Device 3/Device3b  1.mat,2,12/24/2008 3:43:01 PM.997341632,3313006981.0,1.6e-08,62499999.99999999,4.769746437046269,8.021384317483017,9.33236772970708,-11.002492031999992,24.93501017599999,24.93501017599999,35.937502207999984,0.3961573834386316,-1.7930279886691287,2.671884659733896,6.078244079603711,7.841944822591656,9.921751341966278,-1.035000192,16.464998016,16.464998016,17.499998208,0.40728727363220524,-1.823872511047371,1.6594850494143698,2.15143134805504,0.39240305688258353,2.1869240966354373,1.5152501632,2.6715000448,2.6715000448,1.1562498816000002,-0.3960670927748234,-1.8320093850947776,1.22157876851331,1.6671070673436739,1.772602604918684,2.433385700819278,-2.5331353032192006,6.543896504473597,6.543896504473597,9.077031807692798,0.39447650952075697,-1.8180002791091308,2.689214661806545,125000,0.0019999840000000002,31249999.999999996
Device 3,Device 3/Device3b  1.mat,3,12/24/2008 3:43:34 PM.017341613,3313007014.0,1.6e-08,62499999.99999999,4.645196429393917,8.019647566233141,9.267825902240672,-12.564992128,23.372510079999984,23.372510079999984,35.937502207999984,0.3953332127120331,-1.7950081132935003,2.521897835213892,5.713716616931326,7.360135883908553,9.317626189550401,-1.035000192,15.214998144000003,15.214998144000003,16.249998336000004,0.4074608508792574,-1.8233762860843203,1.6329264379658661,2.1498088482211837,0.3880984665827357,2.184559109672697,1.5465001600000001,2.7027500416,2.7027500416,1.1562498815999998,-0.3963502304541424,-1.830600249787309,1.2372061848236926,1.6451246072430716,1.7623313700425585,2.410860184911757,-2.5331353032192006,5.910615215564797,5.910615215564797,8.443750518783997,0.39549162722140874,-1.8172357280037759,2.451662378663049,125000,0.0019999840000000002,31249999.999999996
Device 3,Device 3/Device3b  1.mat,4,12/24/2008 3:43:57 PM.031342029,3313007037.0,1.6e-08,62499999.99999999,4.794471438565373,8.029488334554467,9.35198584739976,-12.564992128,24.93501017599999,24.93501017599999,37.50000230399999,0.39698901839594286,-1.7931082230024296,2.6662797167227277,5.7706441111019515,7.418160287531753,9.398374088559617,-1.035000192,15.527498112,15.527498112,16.562498304000002,0.40691507363416296,-1.8243140378934735,1.6521472720373194,2.151528848045056,0.3894199424187782,2.186486742590389,1.5152501632,2.7027500416,2.7027500416,1.1874998784,-0.3966095665604565,-1.8311176613675209,1.2361154490230204,1.6424665145797583,1.7749776331210663,2.418313844312984,-2.5331353032192006,6.543896504473597,6.543896504473597,9.077031807692798,0.3953343585046324,-1.8173664460178356,2.705974875784845,125000,0.0019999840000000002,31249999.999999996
Device 3,Device 3/Device3b  1.mat,5,12/24/2008 3:44:19 PM.669342041,3313007059.0,1.6e-08,62499999.99999999,4.625433928179707,8.020410933136468,9.2585976562507,-12.564992128,24.93501017599999,24.93501017599999,37.50000230399999,0.3952623525698082,-1.7947540717787396,2.693173534673015,5.304824158801921,6.82960719344661,8.647814392815457,-1.035000192,14.27749824,14.27749824,15.312498432,0.40637492958388555,-1.8248318361868858,1.6509949903482717,2.149358098267341,0.3884554925369862,2.1841790000523202,1.5152501632,2.7340000384,2.7340000384,1.2187498752,-0.3975535663302336,-1.8294313855712323,1.251728928047797,1.647009252358864,1.7675950511553764,2.415994979759826,-2.744229066188802,6.7549902674431985,6.7549902674431985,9.499219333632,0.39698705326841355,-1.8161019939393275,2.795945489967331,125000,0.0019999840000000002,31249999.999999996
Device 3,Device 3/Device3b  1.mat,6,12/24/2008 3:44:33 PM.395341873,3313007073.0,1.6e-08,62499999.99999999,4.512183921221628,8.062729191006504,9.239448346434942,-11.002492031999992,24.93501017599999,24.93501017599999,35.937502207999984,0.3946173185468117,-1.7965315580883248,2.698755298049933,5.745721613654014,7.390544197522713,9.361274507092908,-1.035000192,15.527498112,15.527498112,16.562498304000002,0.407030773908643,-1.8240436802797766,1.6586948817957459,2.151330848065331,0.38928677572668957,2.186268192970199,1.5465001600000001,2.6715000448,2.6715000448,1.1249998848,-0.39640115062883674,-1.8310156528535155,1.2219452551109842,1.6298802600564588,1.765190188478075,2.4025832063886927,-2.5331353032192006,6.7549902674431985,6.7549902674431985,9.288125570662398,0.3951473763213103,-1.8176751197425443,2.8115531022946674,125000,0.0019999840000000002,31249999.999999996
Device 3,Device 3/Device3b  1.mat,7,12/24/2008 3:45:02 PM.926342010,3313007102.0,1.6e-08,62499999.99999999,4.743733935448061,8.034376818952857,9.330285232470045,-12.564992128,24.93501017599999,24.93501017599999,37.50000230399999,0.3965962123927193,-1.79331202983242,2.6724810179676406,5.865751601362944,7.531877839181616,9.546529507273682,-1.035000192,15.83999808,15.83999808,16.874998272,0.4071012673396738,-1.8236710213417497,1.6592415147233563,2.148513848353792,0.39136647548005954,2.183868007618067,1.5152501632,2.6715000448,2.6715000448,1.1562498816000002,-0.3957983944462306,-1.831656048660641,1.223288236963456,1.6359242966778045,1.7735036178026737,2.4127916169491184,-1.8998540143104004,6.543896504473597,6.543896504473597,8.443750518783997,0.39442712981594036,-1.8180489729680707,2.7121681203236694,125000,0.0019999840000000002,31249999.999999996
Device 3,Device 3/Device3b  1.mat,8,12/24/2008 3:45:28 PM.104341983,3313007128.0,1.6e-08,62499999.99999999,4.7283089345003475,8.032275337686276,9.320641205436404,-12.564992128,24.93501017599999,24.93501017599999,37.50000230399999,0.39564852999963435,-1.7935837120094051,2.675246222486954,5.875959100317695,7.572615743370498,9.584957201018119,-1.035000192,15.83999808,15.83999808,16.874998272,0.40706146698620466,-1.8237661672317402,1.6525893384602144,2.148252598380544,0.39227733378798807,2.183774423573225,1.5152501632,2.6715000448,2.6715000448,1.1562498816000002,-0.39591195804950124,-1.8315944085906213,1.22334066008005,1.689565754973536,1.7754837358774254,2.450913082250073,-2.322041540249603,6.121708978534398,6.121708978534398,8.443750518784,0.3951603270776109,-1.8171177959836724,2.497725856893437,125000,0.0019999840000000002,31249999.999999996
Device 3,Device 3/Device3b  1.mat,9,12/24/2008 3:45:51 PM.261342048,3313007151.0,1.6e-08,62499999.99999999,4.694271432409084,8.027104636327046,9.298956561016682,-12.564992128,23.372510079999984,23.372510079999984,35.937502207999984,0.39566686724044503,-1.7940093598282978,2.5134551308673494,5.905269097316353,7.605445305397514,9.628862934174139,-1.035000192,15.83999808,15.83999808,16.874998272,0.406863995330838,-1.8238984828628702,1.6450538540518322,3.027986008295833,0.5252738604024428,3.0732087294646,2.2340000896000003,3.6714999424,3.6714999424,1.4374998527999998,-0.3965092176962,-1.8362196943611293,1.1946796542646916,2.1933030234231516,2.4219253838887833,3.267460897651564,-2.1109477772800016,7.388271556351999,7.388271556351999,9.499219333632,0.39625370674718835,-1.8272095657058234,2.2611660208886364,125000,0.0019999840000000002,31249999.999999996
Device 3,Device 3/Device3b  1.mat,10,12/24/2008 3:46:13 PM.953341960,3313007173.0,1.6e-08,62499999.99999999,4.826946440560637,8.000975910386298,9.344251037864023,-12.564992128,24.93501017599999,24.93501017599999,37.50000230399999,0.39736121994961765,-1.7931296447335916,2.668486759929752,4.845416705845249,6.287286146359593,7.937759768315583,-1.035000192,13.339998336,13.339998336,14.374998528,0.4065281167919651,-1.8244279062666704,1.6805747119291805,3.059135755106099,0.48698270651088654,3.097654552174795,2.2965000831999998,3.7027499392,3.7027499392,1.406249856,-0.401094903559908,-1.8304971925803741,1.1953398536968496,2.0547427661600097,2.2313823638750345,3.033320802173655,-1.6887602513408024,7.388271556351999,7.388271556351999,9.077031807692801,0.4020457279769977,-1.8181126217838102,2.4357039819387447,125000,0.0019999840000000002,31249999.999999996
Device 3,Device 3/Device3b  1.mat,11,12/24/2008 3:46:34 PM.487341880,3313007194.0,1.6e-08,62499999.99999999,4.80018393891635,8.02205468549768,9.348536100617347,-11.002492031999992,24.93501017599999,24.93501017599999,35.937502207999984,0.3960858995256709,-1.7929075069945057,2.6672636130006886,3.819734310875137,5.030266434057041,6.316165815055658,-1.035000192,10.839998592,10.839998592,11.874998784,0.40897965701021394,-1.818214326897067,1.7162308446939463,3.078408253132595,0.46358858296442845,3.1131192953707765,2.32775008,3.7964999296,3.7964999296,1.4687498496,-0.40349268679313594,-1.8284553304160676,1.2195163658666772,1.9067998133203954,2.093454970338872,2.8316848766971265,-2.955322829158403,7.388271556351999,7.388271556351999,10.343594385510402,0.403912627428694,-1.8158799968432726,2.609143276200164,125000,0.0019999840000000002,31249999.999999996
Device 3,Device 3/Device3b  1.mat,12,12/24/2008 3:46:59 PM.798341751,3313007219.0,1.6e-08,62499999.99999999,4.651071429754875,8.031920735698712,9.281390852088334,-12.564992128,23.372510079999984,23.372510079999984,35.937502207999984,0.39500630674245324,-1.7945201531742614,2.51821202796789,4.006231791777793,5.217232841759652,6.577948897231311,-1.035000192,11.152498560000002,11.152498560000002,12.187498752000002,0.40752861504157545,-1.8230038991241655,1.695437093573977,3.068751504121446,0.47626954938081983,3.105490054357774,2.32775008,3.8589999232,3.8589999232,1.5312498432,-0.4031761181167745,-1.8296059788706067,1.2426379913163348,1.9593469615488917,2.1584454072272536,2.9151204249072284,-2.744229066188802,6.7549902674431985,6.7549902674431985,9.499219333632,0.4057227791336421,-1.8135973180363048,2.3172251169205715,125000,0.0019999840000000002,31249999.999999996
Device 3,Device 3/Device3b  1.mat,13,12/24/2008 3:47:22 PM.484341621,3313007242.0,1.6e-08,62499999.99999999,4.599983926616059,8.055717145209362,9.276552745969065,-12.564992128,24.93501017599999,24.93501017599999,37.50000230399999,0.39533355071510135,-1.7951428137418448,2.687960803848713,3.8768768050237457,5.091503359483258,6.399498435108835,-1.035000192,10.839998592,10.839998592,11.874998784,0.40758202171471225,-1.8220603315134205,1.6938825287509658,3.0669375043071994,0.4832209912632368,3.1047718405260474,2.2652500864,3.8589999232,3.8589999232,1.5937498367999998,-0.4035883353916476,-1.8279072486451524,1.2429254455445466,2.0186153351903404,2.215089538677287,2.996903324403904,-2.744229066188802,7.5993653193216,7.5993653193216,10.343594385510402,0.4061647506991875,-1.814194985025323,2.535739227034674,125000,0.0019999840000000002,31249999.999999996
Device 3,Device 3/Device3b  1.mat,14,12/24/2008 3:47:45 PM.318341732,3313007265.0,1.6e-08,62499999.99999999,4.769171437010941,7.999604599971528,9.313359756365402,-11.002492031999992,24.93501017599999,24.93501017599999,35.937502207999984,0.39622788980978274,-1.7936677689045923,2.6773378059360007,4.016234290753537,5.240446126094619,6.602455109936353,-1.035000192,11.152498560000002,11.152498560000002,12.187498752000002,0.4072642765445423,-1.8229629955905098,1.6891441705095531,3.049584506084147,0.5020037473700293,3.0906267037806496,2.2340000896000003,3.8589999232,3.8589999232,1.6249998335999996,-0.40373810504817154,-1.8280702037086989,1.2486140492086695,2.077020757528769,2.29117875664149,3.0924933827076533,-2.5331353032192006,7.810459082291198,7.810459082291198,10.343594385510398,0.4048259941956955,-1.818160226690624,2.5256186887787933,125000,0.0019999840000000002,31249999.999999996
Device 3,Device 3/Device3b  1.mat,15,12/24/2008 3:48:03 PM.622341632,3313007283.0,1.6e-08,62499999.99999999,4.684446431805436,8.007805014922365,9.27733687700681,-12.564992128,24.93501017599999,24.93501017599999,37.50000230399999,0.39569146896855617,-1.7945610258127018,2.687733614352149,4.0267692896747525,5.276658123502787,6.637619442585999,-1.035000192,11.152498560000002,11.152498560000002,12.187498752000002,0.40662102869097255,-1.8249779509938473,1.6801955364369334,3.070950503896268,0.4754074915400758,3.107531058636932,2.2652500864,3.8589999232,3.8589999232,1.5937498367999998,-0.4032537037196927,-1.8287097356170308,1.241821835529035,1.9740323324511613,2.155237780670018,2.9226449563349286,-2.1109477772800016,7.388271556351999,7.388271556351999,9.499219333632,0.405986762695766,-1.8127087236119634,2.5279401592511874,125000,0.0019999840000000002,31249999.999999996
Device 3,Device 3/Device3b  1.mat,16,12/24/2008 3:48:31 PM.230341911,3313007311.0,1.6e-08,62499999.99999999,4.698283932655613,8.010128379659097,9.28633558355878,-11.002492031999992,24.93501017599999,24.93501017599999,35.937502207999984,0.3961500265285906,-1.7943685808012102,2.685129128883388,4.047719287529472,5.2555778578381025,6.633636261541346,-0.722500224,11.152498560000002,11.152498560000002,11.874998784000002,0.4065905100806269,-1.8253007163685133,1.6812044134311162,3.0692995040653313,0.4788202411610099,3.106423710474985,2.2340000896000003,3.89024992,3.89024992,1.6562498303999997,-0.40318751510031414,-1.8285498010907855,1.2523243068490373,1.9758865800650858,2.1782493458817678,2.9409008807023147,-2.322041540249603,7.5993653193216,7.5993653193216,9.921406859571203,0.40591925456802663,-1.8133116262736353,2.584026333286962,125000,0.0019999840000000002,31249999.999999996
Device 3,Device 3/Device3b  1.mat,17,12/24/2008 3:48:54 PM.038341999,3313007334.0,1.6e-08,62499999.99999999,4.835408941080574,8.005534817562467,9.352527323813968,-9.439991936000013,24.93501017599999,24.93501017599999,34.375002112000004,0.39711977096372864,-1.7928286883181788,2.666125349081736,3.991801793255425,5.227235640019421,6.577117453180114,-1.035000192,10.839998592,10.839998592,11.874998784,0.40721159784300337,-1.824605318425433,1.6481382108751506,3.082233502740889,0.463481655363598,3.116886043838779,2.2340000896000003,3.9214999168,3.9214999168,1.6874998272,-0.4036904693034525,-1.8262916756243357,1.258146708491868,1.8788324228520785,2.0884237961902485,2.8091858652737627,-2.5331353032192006,7.388271556351999,7.388271556351999,9.9214068595712,0.4032328976771575,-1.8177505554504958,2.630040129306998,125000,0.0019999840000000002,31249999.999999996
Device 3,Device 3/Device3b  1.mat,18,12/24/2008 3:49:17 PM.267341613,3313007357.0,1.6e-08,62499999.99999999,4.810021439520765,7.988814398797647,9.325098484578382,-12.564992128,24.93501017599999,24.93501017599999,37.50000230399999,0.39669991286664025,-1.7931762217148521,2.673967488626195,3.680521825130496,4.834633334991751,6.0761764613180365,-1.035000192,10.527498624,10.527498624,11.562498816,0.40712670334251033,-1.822679029243964,1.7325860581929822,3.558311953990452,0.4749088983328444,3.5898638447198885,2.7652500352000002,4.358999872,4.358999872,1.5937498367999998,-0.40458889366814343,-1.8280775415865032,1.2142521445239174,1.9962545950664967,2.175331899790473,2.952473756457479,-1.6887602513408024,7.5993653193216,7.5993653193216,9.288125570662402,0.40651083958062545,-1.8127748252653888,2.573897668929558,125000,0.0019999840000000002,31249999.999999996
Device 3,Device 3/Device3b  1.mat,19,12/24/2008 3:49:40 PM.032341957,3313007380.0,1.6e-08,62499999.99999999,4.701408932847613,8.03315599373258,9.307783902385198,-12.564992128,21.810009984000004,21.810009984000004,34.375002112000004,0.39584323637902635,-1.7939387523749257,2.343201154295278,3.624494330867712,4.794951780133171,6.010700602117398,-1.035000192,10.214998656,10.214998656,11.249998848,0.4067176189057122,-1.8232839482228036,1.6994688859401097,3.573158702470145,0.45937885442432547,3.602567424064445,2.8277500288,4.3277498752,4.3277498752,1.4999998464000002,-0.404500389715205,-1.8288924542451084,1.2012960108092574,1.9293159184537847,2.099724586141572,2.851508942796176,-1.6887602513408024,7.1771777933823975,7.1771777933823975,8.8659380447232,0.40443614515417053,-1.8156388233357295,2.5169753759721654,125000,0.0019999840000000002,31249999.999999996
Device 3,Device 3/Device3b  1.mat,20,12/24/2008 3:50:03 PM.057342052,3313007403.0,1.6e-08,62499999.99999999,4.846996441792508,7.991791682988431,9.346769966733554,-12.564992128,23.372510079999984,23.372510079999984,35.937502207999984,0.3975691406893042,-1.7931209592704143,2.5005975500826465,3.846256808159233,5.040622839382988,6.340470806116898,-0.722500224,10.839998592,10.839998592,11.562498816000002,0.40704373945993644,-1.8247364756241333,1.7096519995868813,3.574936452288103,0.4566483476223995,3.6039836779991825,2.7340000384,4.4527498624,4.4527498624,1.718749824,-0.40400013285223074,-1.8270993958759254,1.235507777014136,1.919050006573047,2.0805268613374217,2.83043193673237,-1.4776664883712014,7.1771777933823975,7.1771777933823975,8.654844281753599,0.403596757737532,-1.8170120954640545,2.535718206200071,125000,0.0019999840000000002,31249999.999999996
Device 3,Device 3/Device3b  1.mat,21,12/24/2008 3:50:25 PM.842341899,3313007425.0,1.6e-08,62499999.99999999,4.732733934772221,8.030540275962354,9.321391935821499,-11.002492031999992,24.93501017599999,24.93501017599999,35.937502207999984,0.3960556620752545,-1.7935645501995758,2.675030762323852,3.910929301536769,5.121169373437811,6.443736784898675,-1.035000192,10.839998592,10.839998592,11.874998784,0.40788134590355957,-1.8235919566889587,1.682253474009717,3.5645889533476875,0.46946582923195684,3.5953709921432035,2.6715000448,4.5464998528,4.5464998528,1.874999808,-0.4044018649642977,-1.8257490369128329,1.264542619589259,1.975400220035204,2.146408743398344,2.917066424175492,-2.1109477772800016,7.5993653193216,7.5993653193216,9.710313096601602,0.40601980607638455,-1.8132527676996297,2.6051396212102227,125000,0.0019999840000000002,31249999.999999996
Device 3,Device 3/Device3b  1.mat,22,12/24/2008 3:50:48 PM.803341865,3313007448.0,1.6e-08,62499999.99999999,4.606758927032316,8.041525170710651,9.267597039306624,-12.564992128,24.93501017599999,24.93501017599999,37.50000230399999,0.39502357870958127,-1.7954269974118973,2.69055830440655,3.9640567960965134,5.18439898405109,6.526234680771826,-1.035000192,10.839998592,10.839998592,11.874998784,0.4078109747886638,-1.824804092497493,1.660988168865237,3.57556070222418,0.4570262920169189,3.604650796801904,2.6090000512,4.7339998336,4.7339998336,2.1249997824000006,-0.4033292138562337,-1.8209341794575173,1.3133033129866756,1.8936393837618186,2.0817606153933292,2.8141779217982386,-2.1109477772800016,7.5993653193216,7.5993653193216,9.710313096601602,0.4037300503851218,-1.8178269101637055,2.7003855230538027,125000,0.0019999840000000002,31249999.999999996
Device 3,Device 3/Device3b  1.mat,23,12/24/2008 3:51:11 PM.134341716,3313007471.0,1.6e-08,62499999.99999999,5.589364140736515,7.9885689415144,9.749780778616499,-11.630004096,24.619992192000005,24.619992192000005,36.249996288000006,0.41149576058842746,-1.820613100265955,2.525184181166133,4.094469074870272,5.377752547183399,6.75906054594916,-0.8775004160000002,11.309998336,11.309998336,12.187498752,0.4064311945435065,-1.8279548784747908,1.6733092208766065,3.5981127139020797,0.48000416290591097,3.6299888565050447,2.5620003200000006,4.8745000832,4.8745000832,2.3124997631999995,-0.3980387311460106,-1.7954756559220282,1.34284161078477,1.9608381046489862,2.1684684755278867,2.9235494868398693,-1.5215740143104002,7.3443640304128,7.3443640304128,8.865938044723201,0.40283176516687297,-1.8224631080645848,2.5121394604308507,125000,0.0019999840000000002,31249999.999999996
Device 3,Device 3/Device3b  1.mat,24,12/24/2008 3:51:34 PM.082341670,3313007494.0,1.6e-08,62499999.99999999,5.608314138796035,7.992551094287428,9.763916246784108,-10.380004223999997,23.994992255999996,23.994992255999996,34.37499647999999,0.4113120024437773,-1.8208550336371894,2.4575172143557773,3.282559158009856,4.365324123844574,5.461799092977859,-0.8775004160000002,9.12249856,9.12249856,9.999998976,0.40718752808023145,-1.8244251988625786,1.6702369319531798,4.0824491643060234,0.46818730867780367,4.109208017994454,2.9995002752000004,5.749499993600001,5.749499993600001,2.7499997184000002,-0.3978839780512967,-1.7864148797260564,1.3991747237965604,1.9551115530471468,2.182305615290234,2.930003239483826,-2.5770428291584024,6.4999889785343985,6.4999889785343985,9.077031807692801,0.40402598247662014,-1.8211011461067868,2.2184238197905515,125000,0.0019999840000000002,31249999.999999996
Device 3,Device 3/Device3b  1.mat,25,12/24/2008 3:51:56 PM.849341869,3313007516.0,1.6e-08,62499999.99999999,5.5962291400335396,7.98908155098733,9.754137820232325,-10.380004223999997,24.619992192000005,24.619992192000005,34.999996416,0.41139448890023395,-1.8208544829180557,2.524056215499896,3.9128265934704634,5.182087981623466,6.4934003264742595,-0.8775004160000002,10.684998400000001,10.684998400000001,11.562498816000002,0.40650963681229835,-1.8272983082359455,1.6455166573414806,4.090452163486516,0.45569082574529407,4.115756677749541,3.0620002688000003,5.3120000384,5.3120000384,2.2499997695999996,-0.4002443192588736,-1.7991730417002163,1.2906496798310618,1.9246144149234028,2.132933583150269,2.87289859136399,-2.5770428291584024,6.9221765044735974,6.9221765044735974,9.499219333632,0.403113858005996,-1.8202699238840407,2.409474711457566,125000,0.0019999840000000002,31249999.999999996
Device 3,Device 3/Device3b  1.mat,26,12/24/2008 3:52:19 PM.677341938,3313007539.0,1.6e-08,62499999.99999999,5.615734138036227,8.002739061485201,9.776517907482527,-11.005004159999999,25.244992128,25.244992128,36.249996288,0.4113112746524018,-1.820868675958066,2.5822069132281307,3.8668340981800955,5.119230933761221,6.41552268299521,-0.8775004160000002,10.684998400000001,10.684998400000001,11.562498816000002,0.4064004534073343,-1.8272143073111324,1.6654914849449967,4.10168816233595,0.44543385818924336,4.125803812963992,3.1245002624000002,5.2495000448,5.2495000448,2.1249997824,-0.39905090762405165,-1.801419282206624,1.2723581349906072,1.884650143717998,2.08202877876729,2.808335806101451,-1.5215740143104002,7.133270267443199,7.133270267443199,8.654844281753599,0.4046540696955537,-1.8156922228786616,2.54003465395602,125000,0.0019999840000000002,31249999.999999996
Device 3,Device 3/Device3b  1.mat,27,12/24/2008 3:52:42 PM.503341674,3313007562.0,1.6e-08,62499999.99999999,5.626684136914946,8.002669062753409,9.782754545860833,-11.630004096,23.994992255999996,23.994992255999996,35.624996352,0.4111231827635893,-1.8210743784534063,2.452784861718981,3.8879440960184315,5.155106728709745,6.4568749932264495,-0.8775004160000002,10.997498367999999,10.997498367999999,11.874998783999999,0.40654424801220995,-1.8266338449220856,1.703223057521923,4.096869162829416,0.4426530669837564,4.1207133696791765,3.1245002624000002,5.1870000512,5.1870000512,2.0624997888,-0.39981946806226015,-1.8043487635791733,1.2587626427420844,1.8826979485980557,2.0649378307177195,2.7943728832037658,-1.5215740143104002,6.9221765044735974,6.9221765044735974,8.443750518783997,0.4044131517831035,-1.81504751587521,2.477184253426221,125000,0.0019999840000000002,31249999.999999996
Device 3,Device 3/Device3b  1.mat,28,12/24/2008 3:53:05 PM.674341678,3313007585.0,1.6e-08,62499999.99999999,5.612389138378754,7.999104930222241,9.77162174489463,-9.755004288000002,25.244992128,25.244992128,34.999996416,0.4113355242616848,-1.8208160923069914,2.583500752184736,3.8822790965985274,5.145582437062471,6.445859880612642,-0.8775004160000002,10.684998400000001,10.684998400000001,11.562498816000002,0.4064435322019327,-1.8269638986860923,1.6576529117763654,4.580978113256654,0.46217378146079446,4.604233386613482,3.5620002176000005,5.687,5.687,2.1249997823999998,-0.40140540588667356,-1.7978563910691217,1.235167621288398,1.9821974159613023,2.1649968309478864,2.935356515631118,-2.1548553032192004,7.555457793382398,7.555457793382398,9.710313096601599,0.4019096935502754,-1.8223887532513725,2.5739489404945184,125000,0.0019999840000000002,31249999.999999996
Device 3,Device 3/Device3b  1.mat,29,12/24/2008 3:53:28 PM.384341716,3313007608.0,1.6e-08,62499999.99999999,5.65349913416909,8.011744575575289,9.805615921721119,-11.630004096,23.36999232,23.36999232,34.999996416,0.41090821771934255,-1.8212356584376468,2.3833273204421017,3.813891603601408,5.055900243237526,6.333079537917599,-0.8775004160000002,10.684998400000001,10.684998400000001,11.562498816000002,0.40660766841148954,-1.82671376693464,1.6871726205278912,4.597665611547853,0.43921851207705437,4.6185974036454915,3.5620002176000005,5.687,5.687,2.1249997823999998,-0.40144228989226544,-1.7956151818593853,1.231326202087069,1.899193659611552,2.076289366677996,2.813878833725581,-2.5770428291584024,6.4999889785343985,6.4999889785343985,9.077031807692801,0.40462266705764327,-1.8156557596031877,2.3099747226601086,125000,0.0019999840000000002,31249999.999999996
Device 3,Device 3/Device3b  1.mat,30,12/24/2008 3:53:51 PM.311341762,3313007631.0,1.6e-08,62499999.99999999,5.664569133035523,8.022822322118449,9.821049917153506,-11.005004159999999,24.619992192000005,24.619992192000005,35.624996352000004,0.4107182609821893,-1.8215389864088407,2.5068594905518786,5.441566661183487,7.069586926651431,8.921306352860238,-0.8750001919999999,15.062498176000002,15.062498176000002,15.937498368000002,0.40743694338778924,-1.827038308550078,1.6883736058644427,4.59129620497449,0.4746125264374601,4.615761897245622,3.5305003136,5.4055001216,5.4055001216,1.874999808,-0.39781518739767713,-1.8084211271157413,1.17109596247277,1.9972374111044902,2.1691762116265574,2.948606910627782,-2.5719765921280002,6.716148978534399,6.716148978534399,9.288125570662398,0.4023063811662075,-1.8200414589774847,2.277736294494568,125000,0.0019999840000000002,31249999.999999996
Device 3,Device 3/Device3b  1.mat,31,12/24/2008 3:54:14 PM.192341804,3313007654.0,1.6e-08,62499999.99999999,5.597224139931651,7.995568440355899,9.760022169905602,-11.630004096,23.36999232,23.36999232,34.999996416,0.41142126761219,-1.8207477824348381,2.3944609871952816,5.837041620686848,7.55998570960481,9.551148559783766,-0.8750001919999999,15.687498112,15.687498112,16.562498304000002,0.4076904097505744,-1.8267473575264885,1.642472422432424,4.588095205302272,0.48549577001491406,4.613710410897077,3.5930003072,5.4055001216,5.4055001216,1.8124998144000002,-0.399024238917012,-1.8074997349527415,1.1716166902961234,2.026952657930195,2.2168556647562743,3.0038285763092847,-2.3608828291584025,6.505055215564798,6.505055215564798,8.865938044723201,0.3999388845734024,-1.82429373069562,2.165588032176379,125000,0.0019999840000000002,31249999.999999996
Device 3,Device 3/Device3b  1.mat,32,12/24/2008 3:54:36 PM.997341632,3313007676.0,1.6e-08,62499999.99999999,5.632439136325634,8.00748447486702,9.790003995895455,-10.380004223999997,25.244992128,25.244992128,35.624996352,0.4110574630743993,-1.8211626266983132,2.5786498288033575,5.808874123571201,7.534190624021948,9.513519167090344,-0.8750001919999999,15.687498112,15.687498112,16.562498304000002,0.407161940330641,-1.8269174669240775,1.6489689920704635,4.573568206789838,0.5039629528657465,4.60125035180873,3.5930003072,5.343000128,5.343000128,1.7499998207999998,-0.3998085859212442,-1.8082585097794828,1.1612061330024548,2.0595826874349834,2.2761900078356128,3.0696778003811076,-2.3608828291584025,6.716148978534399,6.716148978534399,9.077031807692801,0.3980487421140465,-1.8278727204981449,2.1879002994062025,125000,0.0019999840000000002,31249999.999999996
Device 3,Device 3/Device3b  1.mat,33,12/24/2008 3:54:59 PM.934341907,3313007699.0,1.6e-08,62499999.99999999,5.6235441372364825,8.010710752185318,9.787529587113607,-10.380004223999997,25.244992128,25.244992128,35.624996352,0.41118607073214514,-1.8211212206543386,2.5793017434387013,4.987399207690242,6.554841574406851,8.236510117910482,-0.8750001919999999,13.499998336,13.499998336,14.374998528,0.40695476570596034,-1.8273690273911893,1.63904349569655,4.600597204022067,0.4612766843386207,4.623664219336228,3.5930003072,5.4055001216,5.4055001216,1.8124998144000002,-0.39609137839814973,-1.8118343478747019,1.1690944379122783,1.9455059291761079,2.096390173092755,2.860042845535581,-2.3608828291584025,6.505055215564798,6.505055215564798,8.865938044723201,0.4021195492225147,-1.8191050811719212,2.2744607570194075,125000,0.0019999840000000002,31249999.999999996
Device 3,Device 3/Device3b  1.mat,34,12/24/2008 3:55:22 PM.830341815,3313007722.0,1.6e-08,62499999.99999999,5.602844139356162,7.989248575773855,9.758071287678844,-11.630004096,25.244992128,25.244992128,36.874996224,0.41135311990305823,-1.820680342386157,2.587088307079281,5.176464188329986,6.73045721062301,8.490867785867948,-0.8750001919999999,14.124998272,14.124998272,14.999998463999999,0.40714872233097354,-1.8270198115399896,1.6635517862507998,4.596042204488499,0.46685090135918256,4.619691949636835,3.6555003008,5.4055001216,5.4055001216,1.7499998208000003,-0.39611113931102615,-1.8124989341469155,1.1700996907434356,1.9739579909242029,2.1277812037126713,2.902406415512214,-1.727601540249602,7.771617793382398,7.771617793382398,9.499219333632,0.4024628730696699,-1.8184839987210673,2.6776462978603464,125000,0.0019999840000000002,31249999.999999996
Device 3,Device 3/Device3b  1.mat,35,12/24/2008 3:55:45 PM.707341670,3313007745.0,1.6e-08,62499999.99999999,5.563074143428611,7.968214173222684,9.71803637756264,-10.380004223999997,25.244992128,25.244992128,35.624996352,0.41163984701831785,-1.8204296461197413,2.5977462058370726,4.929254213644289,6.426484979115198,8.09921331300289,-0.8750001919999999,13.499998336,13.499998336,14.374998528,0.40685100578645056,-1.8276054560029023,1.666828346689723,4.594156204681625,0.47003110898927075,4.6181382045617,3.6555003008,5.4055001216,5.4055001216,1.7499998208000003,-0.39742229245907407,-1.810675072030919,1.1704933638106716,1.9681064718146855,2.1605694122933228,2.922585032079711,-2.3608828291584025,7.5605240304128,7.5605240304128,9.921406859571203,0.4032338442540378,-1.8188347221826269,2.5869303877987537,125000,0.0019999840000000002,31249999.999999996
Device 3,Device 3/Device3b  1.mat,36,12/24/2008 3:56:08 PM.607341766,3313007768.0,1.6e-08,62499999.99999999,5.580904141602819,7.988396751081654,9.744792131720995,-11.630004096,24.619992192000005,24.619992192000005,36.249996288000006,0.41150908324833946,-1.8205331973423495,2.526476897527413,4.2024092880732145,5.539869399999941,6.953444958690601,-0.8750001919999999,11.624998528,11.624998528,12.49999872,0.40513627506105226,-1.825070300968137,1.6718329687029114,4.586574205458023,0.475919672987877,4.611199678750615,3.8430002816,5.2180001408,5.2180001408,1.3749998592,-0.39681873104364,-1.811251914770888,1.131592753366472,1.9831127052366682,2.1790468364455577,2.9463504742468256,-1.727601540249602,6.716148978534399,6.716148978534399,8.443750518784,0.4013963851657771,-1.8198646974147468,2.279480678635574,125000,0.0019999840000000002,31249999.999999996
Device 3,Device 3/Device3b  1.mat,37,12/24/2008 3:56:31 PM.430341720,3313007791.0,1.6e-08,62499999.99999999,5.581289141563395,7.981624333487337,9.73946176555207,-11.630004096,23.994992255999996,23.994992255999996,35.624996352,0.4115599179906957,-1.8204036736333895,2.4636877102253165,4.279376780191744,5.53516665571743,6.996508810357515,-0.8750001919999999,11.937498496,11.937498496,12.812498688,0.40529158335777404,-1.8226960472993452,1.7062078844705986,4.6100702030520315,0.4471567948163122,4.6317055688178845,3.9055002752,5.1555001472,5.1555001472,1.2499998719999996,-0.3926432813980931,-1.8123377096935733,1.1130889195350557,1.9037971791135226,2.0315171748765337,2.784152605555044,-1.9386953032192,6.716148978534399,6.716148978534399,8.654844281753599,0.3969638178735271,-1.821809252802404,2.412277604731181,125000,0.0019999840000000002,31249999.999999996
Device 3,Device 3/Device3b  1.mat,38,12/24/2008 3:56:54 PM.422341823,3313007814.0,1.6e-08,62499999.99999999,5.597994139852803,7.999158339822744,9.763404761423244,-12.255004032000002,25.869992063999995,25.869992063999995,38.124996096,0.41142676866688616,-1.820604958119556,2.6496896007237583,4.407826767038464,5.706092240387414,7.210299956591974,-0.8750001919999999,12.249998464,12.249998464,13.124998656,0.4052595645983961,-1.8195209848587868,1.6989582316614322,4.606372703430655,0.45491377217126755,4.628781267571643,3.9055002752,5.0930001536,5.0930001536,1.1874998784000002,-0.3890348359248268,-1.8168960380267496,1.1002896570811385,1.9273586205611377,2.0591317633131028,2.820413953825973,-1.9386953032192,7.349430267443199,7.349430267443199,9.288125570662398,0.3942723308411364,-1.82278132586941,2.605798435181291,125000,0.0019999840000000002,31249999.999999996
Device 3,Device 3/Device3b  1.mat,39,12/24/2008 3:57:17 PM.486341953,3313007837.0,1.6e-08,62499999.99999999,5.612584138358787,7.989520606332668,9.763889605539944,-11.630004096,25.244992128,25.244992128,36.874996224,0.4112497507050589,-1.8205657342247978,2.585546656905688,4.542909253206014,5.876064832056932,7.427392704940349,-0.8750001919999999,12.249998464,12.249998464,13.124998656,0.404732943859491,-1.8213112103971276,1.6492999563429416,5.067211156240793,0.45185784342406743,5.087317997982336,4.405500224,5.5930001024,5.5930001024,1.1874998783999997,-0.39144926186525814,-1.8086511047740603,1.0994005298308893,1.9994327862393741,2.101906537692257,2.9009899275734137,-2.5719765921280002,7.349430267443199,7.349430267443199,9.9214068595712,0.39433641571244543,-1.8208130424849003,2.53342150470366,125000,0.0019999840000000002,31249999.999999996
Device 3,Device 3/Device3b  1.mat,40,12/24/2008 3:57:40 PM.336341857,3313007860.0,1.6e-08,62499999.99999999,5.554949144260611,7.9704908419927465,9.71525523378629,-12.255004032000002,25.244992128,25.244992128,37.49999616,0.4116705190085862,-1.8202687727699112,2.598489851322348,4.503601757231103,5.840862859317245,7.375507286220164,-0.8750001919999999,12.249998464,12.249998464,13.124998656,0.4046884398525837,-1.8210491490627043,1.6609024964136319,5.055512157438771,0.47162840701302333,5.077463592022385,4.3430002303999995,5.5930001024,5.5930001024,1.249999872,-0.38986682630350755,-1.8164818956617261,1.1015342603711853,2.059565799933946,2.198654403027328,3.01262219141548,-1.727601540249602,7.5605240304128,7.5605240304128,9.288125570662402,0.393421513539388,-1.8264579056387988,2.5096157267767087,125000,0.0019999840000000002,31249999.999999996
Device 3,Device 3/Device3b  1.mat,41,12/24/2008 3:58:00 PM.860342025,3313007880.0,1.6e-08,62499999.99999999,5.6255241370337306,8.00286175705409,9.78224504492031,-11.630004096,25.869992063999995,25.869992063999995,37.499996159999995,0.41113176370666715,-1.820913457163347,2.644586385354727,4.084371800160256,5.3201088760874145,6.707134369860828,-0.8750001919999999,11.312498560000002,11.312498560000002,12.187498752000002,0.4056811004494949,-1.8207472750858418,1.6866366373743507,5.082880154636288,0.42179836612205546,5.100351412212559,4.405500224,5.5930001024,5.5930001024,1.1874998783999997,-0.39256527156435916,-1.8051333646221241,1.0965911268403616,1.9211862389319063,1.9714309551370781,2.752725299686479,-2.5719765921280002,7.138336504473598,7.138336504473598,9.710313096601599,0.3955301330653477,-1.8200902530802872,2.5931888319138188,125000,0.0019999840000000002,31249999.999999996
Device 3,Device 3/Device3b  1.mat,42,12/24/2008 3:58:26 PM.035341739,3313007906.0,1.6e-08,62499999.99999999,5.623819137208323,7.990096630805177,9.770823192425231,-11.630004096,24.619992192000005,24.619992192000005,36.249996288000006,0.41107874815641676,-1.820754949236803,2.519745952530028,4.270839281065983,5.538350474193727,6.99381113125727,-0.8750001919999999,11.937498496,11.937498496,12.812498688,0.4050300995492761,-1.8216115681852079,1.7068660093847872,5.075338155408588,0.42757574336513776,5.093317033924013,4.405500224,5.5930001024,5.5930001024,1.1874998783999997,-0.39251068618834384,-1.804397288202424,1.0981056284436743,1.9506464844919438,1.9929710372742697,2.7887192872131927,-2.3608828291584025,6.505055215564798,6.505055215564798,8.865938044723201,0.3938253854066742,-1.8219097020568786,2.3326317730836914,125000,0.0019999840000000002,31249999.999999996
Device 3,Device 3/Device3b  1.mat,43,12/24/2008 3:58:48 PM.815341949,3313007928.0,1.6e-08,62499999.99999999,5.5857091411107875,7.985449477281086,9.745129550872957,-12.255004032000002,24.619992192000005,24.619992192000005,36.87499622400001,0.4114951531190183,-1.8204391904405832,2.5263894198096706,4.302289277845504,5.618564449947873,7.076578234463492,-0.8750001919999999,11.937498496,11.937498496,12.812498688,0.40390821355692813,-1.8226093426585632,1.6869026386034207,5.0762646553137145,0.43234640741866764,5.0946428988492505,4.405500224,5.5930001024,5.5930001024,1.1874998783999997,-0.392012509812148,-1.8047791109448252,1.0978198498786471,1.9666271267237942,2.0131783618456995,2.814339953198551,-1.9386953032192,6.927242741504,6.927242741504,8.865938044723201,0.3930719680837643,-1.8222981862505883,2.461409373672522,125000,0.0019999840000000002,31249999.999999996
Device 3,Device 3/Device3b  1.mat,44,12/24/2008 3:59:11 PM.907341957,3313007951.0,1.6e-08,62499999.99999999,5.617364137869314,7.993644897461613,9.770012211053492,-11.005004159999999,25.869992063999995,25.869992063999995,36.87499622399999,0.4111995766954763,-1.820651034186177,2.6478976182579874,4.235611784673279,5.519014295413933,6.957005532802637,-0.8750001919999999,11.937498496,11.937498496,12.812498688,0.40330832954921697,-1.8231102365628575,1.715896076223324,5.077624155174502,0.43011449433413185,5.095808624688321,4.405500224,5.5930001024,5.5930001024,1.1874998783999997,-0.3924298358936718,-1.8048699947726765,1.0975687107445264,1.9452728816617897,2.0072627277571575,2.795208443456743,-2.3608828291584025,7.138336504473598,7.138336504473598,9.499219333632,0.39340024661885625,-1.8222411160053273,2.553776095369063,125000,0.0019999840000000002,31249999.999999996
Device 3,Device 3/Device3b  1.mat,45,12/24/2008 3:59:34 PM.819341659,3313007974.0,1.6e-08,62499999.99999999,5.6277841368023065,8.007678498386719,9.78748533710108,-12.255004032000002,23.994992255999996,23.994992255999996,36.249996288,0.4111232659323321,-1.8209980962194094,2.4515993055992653,4.314214276624384,5.645048901028141,7.104859035873173,-0.8750001919999999,11.937498496,11.937498496,12.812498688,0.4059491556057197,-1.822480969440057,1.68018794401498,5.081459654781748,0.40987986191448506,5.09796368409757,4.4680002176,5.5930001024,5.5930001024,1.1249998847999994,-0.3919981088686289,-1.8059608720187301,1.0971047361217248,1.9178036724740817,1.9208782002720663,2.7143588536587284,-2.1497890661888013,6.082867689625599,6.082867689625599,8.2326567558144,0.39564378568200886,-1.8192597313244603,2.2409961311587088,125000,0.0019999840000000002,31249999.999999996
Device 3,Device 3/Device3b  1.mat,46,12/24/2008 3:59:57 PM.823341846,3313007997.0,1.6e-08,62499999.99999999,5.571384142577667,7.9667783055217996,9.72161909526899,-12.255004032000002,25.244992128,25.244992128,37.49999616,0.41158227524492996,-1.8202677082441283,2.5967888559103733,4.48767425886208,5.810952798711845,7.342097294541278,-0.8750001919999999,12.249998464,12.249998464,13.124998656,0.4066778579892878,-1.8196124535435008,1.6684603829899751,5.075028155440332,0.4463285969080922,5.0946167662474915,4.405500224,5.5930001024,5.5930001024,1.1874998783999997,-0.3938915362252795,-1.80609316965292,1.09782548109494,1.9486115406169169,2.074860120911451,2.8464243284468527,-1.727601540249602,6.927242741504,6.927242741504,8.654844281753602,0.39604566457454254,-1.821594551957149,2.433664816687342,125000,0.0019999840000000002,31249999.999999996
Device 3,Device 3/Device3b  1.mat,47,12/24/2008 4:00:20 PM.686341762,3313008020.0,1.6e-08,62499999.99999999,5.6220691373875225,8.005333656050183,9.7822813458955,-12.255004032000002,24.619992192000005,24.619992192000005,36.87499622400001,0.41119212901788754,-1.8208712150920117,2.516794530994571,4.333279274672129,5.583069882049297,7.067388384696921,-0.8750001919999999,11.937498496,11.937498496,12.812498688,0.40606274413499804,-1.8191028525347686,1.6890961478568762,5.087584154154598,0.40642727899894854,5.103792282089804,4.4680002176,5.5930001024,5.5930001024,1.1249998847999994,-0.3884540490762595,-1.8078140979649013,1.095851828066538,1.9053626504597052,1.9022257081301361,2.6923724620561007,-2.3608828291584025,6.505055215564798,6.505055215564798,8.865938044723201,0.39284801583122836,-1.819763585138361,2.4161052407277417,125000,0.0019999840000000002,31249999.999999996
Device 3,Device 3/Device3b  1.mat,48,12/24/2008 4:00:43 PM.700341701,3313008043.0,1.6e-08,62499999.99999999,5.648089134723075,8.005092405592883,9.79706156435988,-12.255004032000002,24.619992192000005,24.619992192000005,36.87499622400001,0.41084321888367054,-1.8210360026123356,2.5129975993581115,4.398639267979264,5.725188211972565,7.21982045983962,-0.8750001919999999,12.562498432000002,12.562498432000002,13.437498624000002,0.4065965802373932,-1.8182153811841884,1.740001500297566,5.080609154868838,0.4278165356026659,5.098589645448251,4.405500224,5.5930001024,5.5930001024,1.1874998783999997,-0.3916549009653264,-1.8053416935325861,1.0969700429594549,1.947473323046985,2.004993255898664,2.7951118582587697,-1.727601540249602,6.927242741504,6.927242741504,8.654844281753602,0.39367340142576634,-1.8224375219321762,2.478341867083403,125000,0.0019999840000000002,31249999.999999996
Device 3,Device 3/Device3b  1.mat,49,12/24/2008 4:01:06 PM.489341735,3313008066.0,1.6e-08,62499999.99999999,5.603269139312642,7.994146158993329,9.762325432955063,-11.630004096,24.619992192000005,24.619992192000005,36.249996288000006,0.4113845245527645,-1.8207650468473027,2.521939302380695,4.694301737703423,6.116377499849031,7.710158398195517,-0.8750001919999999,12.8749984,12.8749984,13.749998592,0.4067065669071219,-1.8270638306569056,1.6698746945345846,5.089821153925529,0.4082727915518793,5.106169410749057,4.2805002368,5.7180000896,5.7180000896,1.4374998528000003,-0.3956533263856871,-1.8025538646330375,1.119821852671588,1.9282992543689301,1.9097408082162461,2.7139358815134544,-2.3608828291584025,6.716148978534399,6.716148978534399,9.077031807692801,0.3994710411136597,-1.8169305966109468,2.4746896285512348,125000,0.0019999840000000002,31249999.999999996
Device 3,Device 3/Device3b  1.mat,50,12/24/2008 4:01:29 PM.606341838,3313008089.0,1.6e-08,62499999.99999999,5.582224141467651,7.981350551813724,9.739773251802193,-11.005004159999999,26.494992000000003,26.494992000000003,37.49999616,0.41157727692808904,-1.8203704720315614,2.720288379926865,4.45961176173568,5.753725589877863,7.279663126067482,-0.8750001919999999,12.249998464,12.249998464,13.124998656,0.40681942850389124,-1.8199536224597497,1.6827699650186319,5.0486636581400575,0.4891691369167504,5.07230629768511,4.2805002368,5.655500096,5.655500096,1.3749998592,-0.39284310834613423,-1.8165406705801124,1.1149760610042512,2.0787618223633495,2.267930087259717,3.0764846163784503,-2.3608828291584025,7.771617793382398,7.771617793382398,10.1325006225408,0.39630406969448323,-1.826768040157375,2.526135756378631,125000,0.0019999840000000002,31249999.999999996
Device 3,Device 3/Device3b  1.mat,51,12/24/2008 4:01:52 PM.609341621,3313008112.0,1.6e-08,62499999.99999999,5.643629135179778,8.013618025580667,9.801460282802836,-11.630004096,25.869992063999995,25.869992063999995,37.499996159999995,0.41101341141006736,-1.8210623839760365,2.6394018153999177,4.541436753356799,5.911719424787081,7.454735028298782,-0.8750001919999999,12.562498432000002,12.562498432000002,13.437498624000002,0.4061058281766743,-1.8215260834815465,1.6851703493567152,5.083921154529689,0.40850058149709007,5.1003065624095525,4.4680002176,5.5930001024,5.5930001024,1.1249998847999994,-0.3898950343493209,-1.807464251628673,1.0966007697697455,1.895701311116113,1.9114659100409472,2.6920968381943493,-1.9386953032192,7.5605240304128,7.5605240304128,9.499219333632,0.39379462905276313,-1.8195983509145028,2.8084145871527473,125000,0.0019999840000000002,31249999.999999996
Device 3,Device 3/Device3b  1.mat,52,12/24/2008 4:02:15 PM.783341884,3313008135.0,1.6e-08,62499999.99999999,5.634419136122882,7.993895762215548,9.78003315222783,-11.005004159999999,25.869992063999995,25.869992063999995,36.87499622399999,0.41106806233185494,-1.820800312046213,2.6451844959346555,4.135791794894848,5.355848613056704,6.766822602721382,-0.8750001919999999,11.624998528,11.624998528,12.49999872,0.4060679181020754,-1.8195194255939506,1.7179404885425589,5.535324608305971,0.36599356622285245,5.547411090755235,4.9680001663999995,5.968000064,5.968000064,0.9999998976000004,-0.3889113471617761,-1.80959879720964,1.075817163423435,2.1356119058562184,1.6866351704517009,2.7213188733846434,-1.727601540249602,6.082867689625599,6.082867689625599,7.810469229875201,0.3906554908392839,-1.8129063305798594,2.2352645803907665,125000,0.0019999840000000002,31249999.999999996
Device 3,Device 3/Device3check  1.mat,0,12/24/2008 4:06:51 PM.178341865,3313008411.0,8e-09,124999999.99999999,4.705714490234827,5.904856999462073,7.550568524800122,-3.9374991871999994,11.9374991872,11.9374991872,15.8749983744,0.4080908100663644,-1.8332966786088556,1.581006668304624,0.21955260586785288,0.0112411900512373,0.21984019445299988,0.10546914880000013,0.3984378688000003,0.3984378688000003,0.2929687200000002,-0.008139268577462097,0.5282672430152244,1.8123977273190741,1.245725977624909,0.010514952183127703,1.2457703542583394,1.1816405440000002,1.2988280512,1.2988280512,0.11718750719999993,0.02090252770965734,-0.01296496733185748,1.04259027095989,5.948498999656776,0.05076588778078248,5.948715619718245,3.69164931728,8.305103604512,8.305103604512,4.613454287232001,-0.1319202454691242,201.05567074969565,1.3961171008045874,125000,0.0009999920000000001,62499999.99999999
Device 3,Device 3/Device3check  1.mat,1,12/24/2008 4:07:09 PM.563341617,3313008429.0,4e-09,249999999.99999997,6.281571529932797,8.229311205165875,10.352763099633396,-12.564992128,17.12250969600001,17.12250969600001,29.68750182400001,-0.0037236928424339505,-1.9579405917341723,1.6539072256571135,0.19277002837114876,0.009481392226172152,0.19300305862021983,0.04350001919999996,0.26225003264,0.26225003264,0.21875001344000006,0.04450919705961048,0.575751267196023,1.3587869255276432,1.382965976744284,0.0018909424745557437,1.3829672694954547,1.33437500672,1.4218749977599998,1.4218749977599998,0.08749999103999984,-0.57294916265812,16.462912206001445,1.028133513440806,5.330002430816626,0.1605184703706272,5.332418971896456,3.3876223264767984,8.031685111807999,8.031685111807999,4.644062785331201,-0.33401872291460055,1.8128339039264079,1.5061991854236385,125000,0.0004999960000000001,124999999.99999999
Device 4,Device 4/Device4  1.mat,0,12/24/2008 4:15:19 PM.065341949,3313008919.0,8e-09,124999999.99999999,4.6951281475688695,5.913480200219254,7.55072687894872,-3.9374991871999994,11.9374991872,11.9374991872,15.8749983744,0.40812883736387934,-1.8333165060235257,1.5809735113690202,4.681485086465919,5.925545413481038,7.551714445212359,-0.21874956799999978,11.9374991872,11.9374991872,12.1562487552,0.40561082083371186,-1.8335243465561937,1.5807667614826384,1.9181051009671295,0.6843141616906011,2.036519837921161,0.9887694384000001,4.3627930832,4.3627930832,3.3740236447999994,-0.39671639652253526,-1.8124363435812882,2.1422787060367905,2.7834016473888274,3.134585173800871,4.192010131488123,-1.8297720371200001,8.76317707984,8.76317707984,10.59294911696,0.406489384216647,-1.8311620382822442,2.090447495347335,125000,0.0009999920000000001,62499999.99999999
Device 4,Device 4/Device4  1.mat,1,12/24/2008 4:15:42 PM.386342048,3313008942.0,1.6e-08,62499999.99999999,5.512539133243395,8.027657027426478,9.738139711748316,-9.280004351999999,25.719992063999996,25.719992063999996,34.999996415999995,0.41081037279389027,-1.821550726899024,2.6411607170690727,6.251604149915648,8.055987032646756,10.19713104345606,-0.8000001279999998,16.69999808,16.69999808,17.499998208,0.4078172754329639,-1.8281627369398725,1.6377153543316587,2.05257923617751,0.5830412516622395,2.1337803593451046,1.1715003264,3.421500096,3.421500096,2.2499997696,-0.39933339869871654,-1.816913489891505,1.6034921687301122,2.3827030278549968,2.587251945427105,3.5172640429836517,-2.372704118067199,8.604171556352,8.604171556352,10.9768756744192,0.40308513492259657,-1.8254362317394608,2.4462683071849183,125000,0.0019999840000000002,31249999.999999996
Device 4,Device 4/Device4  1.mat,2,12/24/2008 4:16:05 PM.100341796,3313008965.0,1.6e-08,62499999.99999999,5.519339132547074,8.01691742712118,9.73314283740585,-11.155004159999997,25.094992128,25.094992128,36.249996288,0.41072564516614374,-1.82131811995962,2.578303077147536,6.265274148515841,8.036654660633852,10.190263896992498,-0.8000001279999998,16.69999808,16.69999808,17.499998208,0.4077174296088145,-1.8257098698490206,1.638818999077026,2.0761417337647106,0.5433230298549825,2.146057877469836,1.2340003200000003,2.9215001471999997,2.9215001471999997,1.6874998271999995,-0.39531739904304963,-1.8222222340419605,1.3613333442080306,2.219078341551896,2.4061222952930654,3.2731839523392328,-2.5837978810368,7.126515215564798,7.126515215564798,9.710313096601599,0.40124580096438134,-1.8228148018208377,2.1772425012873846,125000,0.0019999840000000002,31249999.999999996
Device 4,Device 4/Device4  1.mat,3,12/24/2008 4:16:27 PM.720341682,3313008987.0,1.6e-08,62499999.99999999,5.5882791254876185,8.048933377518889,9.798683181943291,-11.780004095999999,25.094992128,25.094992128,36.874996224,0.40985080486344677,-1.8222863075964963,2.5610576096841537,6.283526646646785,8.033042451947745,10.198650800665488,-0.8000001279999998,16.69999808,16.69999808,17.499998208,0.40775498204478705,-1.8253031289510027,1.6374713093334152,2.070771234314649,0.5552789662971556,2.1439282253091068,1.2340003200000003,2.9215001471999997,2.9215001471999997,1.6874998271999995,-0.39666369808905644,-1.8230478800463417,1.3626856126579445,2.2905276696917434,2.4769179227395335,3.373668537602917,-1.7394228291584017,7.759796504473599,7.759796504473599,9.499219333632,0.4003197368606938,-1.8252364883000256,2.3001063732203946,125000,0.0019999840000000002,31249999.999999996
Device 4,Device 4/Device4  1.mat,4,12/24/2008 4:16:43 PM.700341701,3313009003.0,1.6e-08,62499999.99999999,5.527204131741698,8.021988536924423,9.741780412249568,-11.155004159999997,25.094992128,25.094992128,36.249996288,0.41060948046102425,-1.821436764572759,2.576017018043735,6.279866647021569,8.029617422191528,10.193698104767261,-1.1125000959999998,16.69999808,16.69999808,17.812498176,0.4077681887652308,-1.8243743103403995,1.6382668888526288,2.089442732402688,0.5316528849315502,2.1560208074242815,1.2965003136000002,2.8590001536000003,2.8590001536000003,1.56249984,-0.39574386986767185,-1.822085120611484,1.3260540639287903,2.1604770242014313,2.3383907312581136,3.1836664687332004,-2.7948916440064013,7.548702741504,7.548702741504,10.343594385510402,0.39825308595627534,-1.8259868625338849,2.371072100560733,125000,0.0019999840000000002,31249999.999999996
Device 4,Device 4/Device4  1.mat,5,12/24/2008 4:17:08 PM.691341876,3313009028.0,1.6e-08,62499999.99999999,5.553279129071617,8.038445263251642,9.770133639601623,-11.155004159999997,24.469992192000007,24.469992192000007,35.624996352000004,0.41025877487410867,-1.821988657178836,2.5045708784181757,6.264034148642818,8.023122994551066,10.1788322709954,-0.8000001279999998,16.69999808,16.69999808,17.499998208,0.40773692446955684,-1.8224936858174785,1.6406595211895447,2.0823257331314684,0.531415686599184,2.1490656320422588,1.2965003136000002,2.79650016,2.79650016,1.4999998463999997,-0.39150789471235986,-1.8235783992077832,1.301263264511137,2.1722493011747197,2.34122300550577,3.193742661512278,-2.372704118067199,7.126515215564798,7.126515215564798,9.499219333631997,0.39599457372838265,-1.8273385642778437,2.2313993238861336,125000,0.0019999840000000002,31249999.999999996
Device 4,Device 4/Device4  1.mat,6,12/24/2008 4:17:36 PM.012341976,3313009056.0,1.6e-08,62499999.99999999,5.511094133391362,8.017612105547578,9.729042215044796,-12.405004032,23.219992320000003,23.219992320000003,35.624996352000004,0.41074671306333804,-1.8213892312277238,2.386667855556539,6.28332414666752,8.025904057466246,10.192904309947595,-0.8000001279999998,16.69999808,16.69999808,17.499998208,0.4076369819251041,-1.8239821612825549,1.6383944724863075,2.0791242334593023,0.5292684737015491,2.1454329855327807,1.2965003136000002,2.8590001536000003,2.8590001536000003,1.56249984,-0.3913626534162941,-1.8216867707878392,1.3325982087900161,2.1762735926719725,2.3351916030848936,3.19206619187002,-2.161610355097601,7.126515215564798,7.126515215564798,9.2881255706624,0.3976428227875055,-1.8259600435008736,2.232571252349202,125000,0.0019999840000000002,31249999.999999996
Device 4,Device 4/Device4  1.mat,7,12/24/2008 4:17:58 PM.807342052,3313009078.0,1.6e-08,62499999.99999999,5.546619129753602,8.025230513472323,9.755475824628743,-11.780004095999999,25.094992128,25.094992128,36.874996224,0.41031418886775056,-1.8216365510369041,2.5724006270042725,6.263244148723713,8.028709169662953,10.182750031182726,-0.8000001279999998,16.69999808,16.69999808,17.499998208,0.40768909380131896,-1.8238727688832757,1.6400282859600253,2.099257231397683,0.5116866915697399,2.1607184439220797,1.2965003136000002,2.8590001536000003,2.8590001536000003,1.56249984,-0.39425749405430044,-1.8169267367834623,1.3231710784170556,2.105948972101228,2.2507745955134473,3.082370411372219,-1.5283290661888007,7.548702741504,7.548702741504,9.077031807692801,0.39745593486332376,-1.8254619479112033,2.4489927341806546,125000,0.0019999840000000002,31249999.999999996
Device 4,Device 4/Device4  1.mat,8,12/24/2008 4:18:21 PM.564342021,3313009101.0,1.6e-08,62499999.99999999,5.553239129075713,8.0366236795989,9.768612234713146,-11.780004095999999,25.094992128,25.094992128,36.874996224,0.41025484005365864,-1.821884143942833,2.5689413731485793,6.28001664700621,8.025679144281888,10.190688632945095,-0.8000001279999998,16.69999808,16.69999808,17.499998208,0.40772777582007136,-1.823381299896968,1.6387506950228272,2.103927230919475,0.5014855687517794,2.1628679036572684,1.3590003072,2.79650016,2.79650016,1.4374998527999998,-0.39288059160252686,-1.8157633295233533,1.2929592950504747,2.0684316997961676,2.207434350299535,3.025091090794456,-1.7394228291584017,7.3376089785344,7.3376089785344,9.077031807692801,0.3965990926364477,-1.8257443295012674,2.4255828199234095,125000,0.0019999840000000002,31249999.999999996
Device 4,Device 4/Device4  1.mat,9,12/24/2008 4:18:44 PM.291341781,3313009124.0,1.6e-08,62499999.99999999,5.595634124734465,8.029946848197964,9.787296237612168,-10.530004223999995,25.094992128,25.094992128,35.624996352,0.40971243527579143,-1.822173469450226,2.56403724979336,6.23265415185613,8.024718481831641,10.160811212167058,-1.1125000959999998,16.69999808,16.69999808,17.812498176,0.40765880374307323,-1.8233268607661308,1.6435693697371916,2.1046962308407298,0.4964399385731342,2.162452042641795,1.3590003072,2.79650016,2.79650016,1.4374998527999998,-0.3915181491494708,-1.8151290754413612,1.2932079439706832,2.064111877030758,2.1850341802988202,3.0058163965840583,-2.5837978810368,7.3376089785344,7.3376089785344,9.9214068595712,0.39615467644451513,-1.8253873464341843,2.4411367862898015,125000,0.0019999840000000002,31249999.999999996
Device 4,Device 4/Device4  1.mat,10,12/24/2008 4:19:07 PM.218341827,3313009147.0,1.6e-08,62499999.99999999,5.546439129772034,8.04127437314361,9.768576178975241,-11.155004159999997,25.094992128,25.094992128,36.249996288,0.41036738542210827,-1.8220158173190475,2.568950855090998,6.253336649738241,8.023565811583248,10.172601810145084,-1.1125000959999998,16.69999808,16.69999808,17.812498176,0.4076203728692565,-1.823320200456552,1.641664383574434,2.546031185648026,0.5264192466897311,2.599883078443659,1.7340002688,3.2965001088,3.2965001088,1.56249984,-0.39677830954122284,-1.8207183065800598,1.2679416763515958,2.2718737360456456,2.4538275758650347,3.344051441681134,-2.372704118067199,8.181984030412801,8.181984030412801,10.55468814848,0.39752567449314324,-1.8258846260268273,2.4467279206385424,125000,0.0019999840000000002,31249999.999999996
Device 4,Device 4/Device4  1.mat,11,12/24/2008 4:19:30 PM.450341701,3313009170.0,1.6e-08,62499999.99999999,5.588144125501442,8.045699305847984,9.795949779755867,-11.780004095999999,25.719992063999996,25.719992063999996,37.499996159999995,0.4098058336258848,-1.8223785466542097,2.6255741038150755,6.242936650803201,8.034674281280779,10.174981515079853,-0.8000001279999998,16.69999808,16.69999808,17.499998208,0.4076411567795162,-1.8238732568511071,1.641280434293638,2.999861639175783,0.5555851135074962,3.0508760500140855,2.1090002304,3.7965000576,3.7965000576,1.6874998272,-0.396252253139835,-1.8193508614041112,1.2443966897909444,2.390224720817129,2.583044885621547,3.519274797048527,-1.5283290661888007,8.393077793382398,8.393077793382398,9.9214068595712,0.3964169875825214,-1.8298594563583739,2.3848884436138182,125000,0.0019999840000000002,31249999.999999996
Device 4,Device 4/Device4  1.mat,12,12/24/2008 4:19:53 PM.252341747,3313009193.0,1.6e-08,62499999.99999999,5.579459126390785,8.036718612778307,9.783619483812863,-12.405004032,25.719992063999996,25.719992063999996,38.124996096,0.40994394931076517,-1.8219068837514802,2.62888311494065,6.227899152343041,7.985416048525157,10.12687500267473,-1.1125000959999998,16.69999808,16.69999808,17.812498176,0.40738159264301416,-1.8159849892872333,1.6490771413283134,2.999856139176346,0.5552896983688753,3.050816858624688,2.171500224,3.6090000768,3.6090000768,1.4374998528000003,-0.38637519891213684,-1.8253287489637278,1.1829618898942829,2.4025053115716495,2.5873583078953244,3.530786709157739,-1.5283290661888007,8.393077793382398,8.393077793382398,9.9214068595712,0.38641623349755266,-1.8354089841904742,2.377112662062939,125000,0.0019999840000000002,31249999.999999996
Device 4,Device 4/Device4  1.mat,13,12/24/2008 4:20:15 PM.825341701,3313009215.0,1.6e-08,62499999.99999999,5.570964127260675,8.040726914782287,9.782071898392978,-10.530004223999995,25.094992128,25.094992128,35.624996352,0.41004680929132764,-1.8220622983323813,2.565406632527682,6.220446653106177,7.980925988644362,10.118751711567924,-0.8000001279999998,16.69999808,16.69999808,17.499998208,0.4072517466692664,-1.81571910011141,1.6504010134874925,3.0028226388725767,0.5571272800498134,3.054068533399564,2.171500224,3.6715000704,3.6715000704,1.4999998464000002,-0.385416288632094,-1.8254148932646175,1.2021668899201672,2.4212301727221046,2.5953223142926136,3.5493736721237275,-2.7948916440064013,8.393077793382398,8.393077793382398,11.1879694373888,0.38593068197160024,-1.8356056510437742,2.364664464409715,125000,0.0019999840000000002,31249999.999999996
Device 4,Device 4/Device4  1.mat,14,12/24/2008 4:20:38 PM.450341701,3313009238.0,1.6e-08,62499999.99999999,5.594369124864,8.042437176487358,9.796824058998794,-11.780004095999999,26.344992000000005,26.344992000000005,38.124996096000004,0.40977685794420254,-1.8220992994025227,2.689135973183169,6.251544149921793,7.981846986455536,10.13862345555898,-0.8000001279999998,16.69999808,16.69999808,17.499998208,0.4073210615344764,-1.8159571625376556,1.6471662206611921,2.996093639561626,0.5601630023886492,3.04800913487258,2.171500224,3.6090000768,3.6090000768,1.4374998528000003,-0.386713448829739,-1.8246244365822166,1.1840515946980166,2.440819673925684,2.6024117744959705,3.567933256754944,-1.3172353032191997,8.604171556352,8.604171556352,9.9214068595712,0.386360376596962,-1.835313588004458,2.4115281697218585,125000,0.0019999840000000002,31249999.999999996
Device 4,Device 4/Device4  1.mat,15,12/24/2008 4:21:01 PM.131341934,3313009261.0,1.6e-08,62499999.99999999,5.581439126188034,8.042882250094165,9.78981192915484,-12.405004032,24.469992192000007,24.469992192000007,36.87499622400001,0.40984572241379813,-1.8222698579604066,2.499536494580291,6.237934151315457,7.979227528968695,10.128173301992792,-0.8000001279999998,16.69999808,16.69999808,17.499998208,0.40724136747832074,-1.8156499502436323,1.6488657512124278,2.998840639280333,0.5603682173356838,3.0507470755208876,2.171500224,3.6090000768,3.6090000768,1.4374998528000003,-0.3861253732144628,-1.8249638523799407,1.1829889490867727,2.3908039621027175,2.603773660189475,3.534908889731466,-2.5837978810368,7.548702741504,7.548702741504,10.1325006225408,0.3858993930200541,-1.8359532109019367,2.1354730707295393,125000,0.0019999840000000002,31249999.999999996
Device 4,Device 4/Device4  1.mat,16,12/24/2008 4:21:23 PM.753341674,3313009283.0,1.6e-08,62499999.99999999,5.5714391272120345,8.027979358962618,9.771867095706892,-11.155004159999997,25.719992063999996,25.719992063999996,36.87499622399999,0.4100284436239415,-1.821805279259329,2.63204480905186,6.251996649875458,7.976215245143763,10.134469485223079,-0.8000001279999998,16.69999808,16.69999808,17.499998208,0.4073270042381742,-1.8152442645382596,1.6478413699256802,2.996164139554407,0.5627414235226994,3.048553339028227,2.171500224,3.6090000768,3.6090000768,1.4374998528000003,-0.38580082129603543,-1.8251047829325509,1.1838402269682524,2.4313187658419477,2.6232413552455283,3.5766892720790837,-2.5837978810368,7.759796504473599,7.759796504473599,10.343594385510398,0.3855573543326891,-1.8356811769006702,2.169547286382786,125000,0.0019999840000000002,31249999.999999996
Device 4,Device 4/Device4  1.mat,17,12/24/2008 4:21:46 PM.376341819,3313009306.0,1.6e-08,62499999.99999999,5.604344123842561,8.061294050503314,9.818000551391755,-11.155004159999997,25.094992128,25.094992128,36.249996288,0.4096024017478653,-1.8227132092885203,2.5560186105757197,6.247646650320898,7.975285122373516,10.131054310900634,-0.8000001279999998,16.69999808,16.69999808,17.499998208,0.4071222252438617,-1.8152760451402792,1.648396856586923,2.9921206399684612,0.5662759579541049,3.0452347010833356,2.171500224,3.6090000768,3.6090000768,1.4374998528000003,-0.38589316324209216,-1.8250277228937943,1.1851303531764255,2.4214885514879794,2.6234105293728223,3.5701385982355838,-2.372704118067199,7.759796504473599,7.759796504473599,10.132500622540798,0.3855557274425702,-1.8357504869777186,2.173528083281867,125000,0.0019999840000000002,31249999.999999996
Device 4,Device 4/Device4  1.mat,18,12/24/2008 4:22:09 PM.167341709,3313009329.0,1.6e-08,62499999.99999999,5.570419127316482,8.034308369393734,9.77648608798087,-9.905004288,26.344992000000005,26.344992000000005,36.249996288000006,0.41005816531826694,-1.8219357223439223,2.694730168172419,6.2278066523525135,7.972652484051399,10.116756561790798,-0.8000001279999998,16.69999808,16.69999808,17.499998208,0.40722344375443914,-1.8140234135815247,1.6507264930217795,3.0151596376092678,0.5373315388834192,3.0626643340312163,2.2340002176000002,3.6715000704,3.6715000704,1.4374998527999998,-0.3813379425151273,-1.8291995043309577,1.1987928385111035,2.3549703736511023,2.519886526339232,3.449016318662527,-2.7948916440064013,7.9708902674432,7.9708902674432,10.7657819114496,0.3827834337252241,-1.837650765675347,2.311061917658361,125000,0.0019999840000000002,31249999.999999996
Device 4,Device 4/Device4  1.mat,19,12/24/2008 4:22:31 PM.861341953,3313009351.0,1.6e-08,62499999.99999999,5.556444128747522,8.024694353011496,9.76062450948439,-11.780004095999999,25.094992128,25.094992128,36.874996224,0.41030089707705886,-1.8214837711053724,2.571043697420715,6.23589165152461,8.01020909099864,10.151344461255936,-1.1125000959999998,16.69999808,16.69999808,17.812498176,0.4074734876781158,-1.820926232175687,1.6451020989129017,3.0362336354512904,0.5153109021203209,3.079652580225538,2.2340002176000002,3.6715000704,3.6715000704,1.4374998527999998,-0.39026696971230485,-1.8212333885191503,1.192179953665786,2.225482081945342,2.4000886723209085,3.273101912874531,-1.7394228291584017,8.181984030412801,8.181984030412801,9.921406859571203,0.3934076879116197,-1.8277014909944953,2.4997645194698963,125000,0.0019999840000000002,31249999.999999996
Device 4,Device 4/Device4  1.mat,20,12/24/2008 4:22:54 PM.662342071,3313009374.0,1.6e-08,62499999.99999999,5.586594125660162,8.038079136692001,9.788807390718436,-11.780004095999999,24.469992192000007,24.469992192000007,36.249996288000006,0.40984375051653615,-1.8221657955851118,2.499792999829785,6.247374150348801,8.016534199573886,10.163390396289229,-0.8000001279999998,16.69999808,16.69999808,17.499998208,0.40749546612585996,-1.8208331577780672,1.643152277816403,3.045252634527744,0.5013790841378569,3.0862508961698305,2.2965002112,3.6715000704,3.6715000704,1.3749998592,-0.3919929897627668,-1.8172233442234804,1.189631107100362,2.193387386223444,2.354500346667542,3.21785955388076,-2.5837978810368,7.3376089785344,7.3376089785344,9.9214068595712,0.39218795774158477,-1.8294331382967555,2.280276331415768,125000,0.0019999840000000002,31249999.999999996
Device 4,Device 4/Device4  1.mat,21,12/24/2008 4:23:17 PM.617341995,3313009397.0,1.6e-08,62499999.99999999,5.553919129006082,8.027572190374165,9.761553819101156,-11.780004095999999,24.469992192000007,24.469992192000007,36.249996288000006,0.4102417163651037,-1.8217755271306462,2.506772246045272,6.236399151472641,8.010689402932032,10.152035218946802,-0.8000001279999998,16.69999808,16.69999808,17.499998208,0.40748299373366764,-1.820941864218288,1.6449901640247167,3.050882633951232,0.49428385054310453,3.0906635810215457,2.2965002112,3.734000064,3.734000064,1.4374998527999998,-0.39326740333254756,-1.8136674303465228,1.2081548075723643,2.1606577204625332,2.320884101133135,3.170953294497872,-2.7948916440064013,7.3376089785344,7.3376089785344,10.132500622540801,0.3918246945150303,-1.829903482333487,2.3140072707051105,125000,0.0019999840000000002,31249999.999999996
Device 4,Device 4/Device4  1.mat,22,12/24/2008 4:23:40 PM.499341964,3313009420.0,1.6e-08,62499999.99999999,5.532939131154435,8.01795019851631,9.74171139045639,-9.905004288,25.094992128,25.094992128,34.999996416,0.41049460033826535,-1.8215220841377555,2.576035269591817,6.256854149378049,8.009248852667072,10.163478293898116,-1.1125000959999998,16.69999808,16.69999808,17.812498176,0.40735013138493514,-1.821067685045386,1.6431380672132923,3.5069145872535548,0.583401244628963,3.5551099750255823,2.6090001792,4.1715000192,4.1715000192,1.5624998399999996,-0.38975797980925087,-1.827621276416211,1.173381428002092,2.4527253621571687,2.65573861447848,3.61508081384097,-2.372704118067199,8.393077793382398,8.393077793382398,10.765781911449597,0.39264305421992146,-1.831106615822968,2.3216846940870672,125000,0.0019999840000000002,31249999.999999996
Device 4,Device 4/Device4  1.mat,23,12/24/2008 4:24:03 PM.266341686,3313009443.0,1.6e-08,62499999.99999999,5.53402413104333,8.022756819025636,9.746283910301004,-12.405004032,25.094992128,25.094992128,37.49999616,0.4104907926335112,-1.8214691103082805,2.5748267092318846,6.253811649689601,8.013176919654155,10.164701889158945,-1.1125000959999998,16.69999808,16.69999808,17.812498176,0.4073666408475958,-1.8209920872816294,1.6429402713532806,3.471931590835814,0.6173136293759837,3.5263841379601653,2.5465001856000002,4.1715000192,4.1715000192,1.6249998335999996,-0.391732386610443,-1.8261500179833543,1.1829397637924386,2.605954102821541,2.854363977297958,3.865021410148803,-1.9505165921279999,8.8152653193216,8.8152653193216,10.7657819114496,0.39387619493814113,-1.8313390811758297,2.2807804624767174,125000,0.0019999840000000002,31249999.999999996
Device 4,Device 4/Device4  1.mat,24,12/24/2008 4:24:21 PM.476341724,3313009461.0,1.6e-08,62499999.99999999,5.55112412929229,8.032633889873551,9.764127524134258,-12.405004032,23.219992320000003,23.219992320000003,35.624996352000004,0.41030043321778026,-1.8218117610754414,2.3780918738112056,6.255839149481985,8.010839980248855,10.164107469588512,-1.1125000959999998,16.69999808,16.69999808,17.812498176,0.4074330587036222,-1.821089904115767,1.6430363541478856,3.532324084651622,0.5476206872524473,3.5745212065557492,2.7340001664,4.1715000192,4.1715000192,1.4374998527999998,-0.3885843647638012,-1.82695807060085,1.1670094477406872,2.3120389685133964,2.5001664938793047,3.4053423747167075,-2.7948916440064013,7.3376089785344,7.3376089785344,10.132500622540801,0.39217272875447184,-1.8312994218696714,2.1547345820535355,125000,0.0019999840000000002,31249999.999999996
Device 4,Device 4/Device4  1.mat,25,12/24/2008 4:24:48 PM.885341644,3313009488.0,1.6e-08,62499999.99999999,5.568834127478786,8.038120499966833,9.778716414303029,-9.905004288,25.719992063999996,25.719992063999996,35.624996352,0.4100587222172332,-1.8220286961467147,2.6302012426068675,6.251281649948673,8.013828648585447,10.163659374254625,-0.8000001279999998,16.69999808,16.69999808,17.499998208,0.4074693439130889,-1.8210812200395143,1.643108792321637,3.5252450853765116,0.5466222198937766,3.567372809681216,2.7340001664,4.1715000192,4.1715000192,1.4374998527999998,-0.38838870459299135,-1.827230313229166,1.169347932427833,2.3075012969846025,2.4981006536052224,3.400745375815199,-2.372704118067199,8.393077793382398,8.393077793382398,10.765781911449597,0.3922807334244022,-1.8307852706044525,2.4680112345577996,125000,0.0019999840000000002,31249999.999999996
Device 4,Device 4/Device4  1.mat,26,12/24/2008 4:25:11 PM.948341846,3313009511.0,1.6e-08,62499999.99999999,5.559079128477698,8.037357464233763,9.772536813159137,-9.905004288,25.719992063999996,25.719992063999996,35.624996352,0.4102083417401884,-1.8219432364156407,2.6318644335385804,6.284259146571777,8.023640862639425,10.191698862990812,-0.8000001279999998,16.69999808,16.69999808,17.499998208,0.4074880749776053,-1.822708705481929,1.6385882574143573,4.002860536468686,0.5466113236101041,4.0400094571073915,3.1715001216000003,4.671499968,4.671499968,1.4999998463999997,-0.39144927387751866,-1.8225444524263135,1.1563091665000085,2.3249646618075515,2.5166530114450762,3.426222855955151,-2.5837978810368,7.9708902674432,7.9708902674432,10.55468814848,0.39316672051370566,-1.83188802557551,2.3264366045509615,125000,0.0019999840000000002,31249999.999999996
Device 4,Device 4/Device4  1.mat,27,12/24/2008 4:25:30 PM.201341629,3313009530.0,1.6e-08,62499999.99999999,5.579714126364674,8.036055596247746,9.783220291802603,-11.780004095999999,25.719992063999996,25.719992063999996,37.499996159999995,0.409944623890904,-1.8220095245240888,2.6289903832126598,6.253419149729794,8.025248145760623,10.173979499843785,-0.8000001279999998,16.69999808,16.69999808,17.499998208,0.4075057258448073,-1.822732965391963,1.641442080776398,4.025803034119373,0.5232268419372686,4.059662103876183,3.2340001151999997,4.671499968,4.671499968,1.4374998528000003,-0.3904134340272912,-1.822849002421525,1.1507115243753,2.230195383484927,2.3853527870955094,3.2655289567575103,-2.7948916440064013,7.9708902674432,7.9708902674432,10.7657819114496,0.3941426479732603,-1.827245759986241,2.4409185687815347,125000,0.0019999840000000002,31249999.999999996
Device 4,Device 4/Device4  1.mat,28,12/24/2008 4:25:57 PM.371341705,3313009557.0,1.6e-08,62499999.99999999,5.5295191315046415,8.023991164840648,9.74474299502643,-10.530004223999995,25.094992128,25.094992128,35.624996352,0.4105419881857175,-1.8215876883031707,2.5752338610477574,6.287819146207232,8.011394666537988,10.184258152582524,-0.8000001279999998,16.69999808,16.69999808,17.499998208,0.40748040650794654,-1.8211180024367957,1.6397854247012793,4.01782953493586,0.5233592003433469,4.051772331262818,3.2340001151999997,4.6089999744,4.6089999744,1.3749998592,-0.3884498727949853,-1.8233872914269686,1.1375268888722359,2.2570684638860095,2.4065437910106953,3.2993652523964174,-2.5837978810368,7.548702741504,7.548702741504,10.1325006225408,0.3922387792068258,-1.8282427939858632,2.287925756634909,125000,0.0019999840000000002,31249999.999999996
Device 4,Device 4/Device4  1.mat,29,12/24/2008 4:26:20 PM.099341869,3313009580.0,1.6e-08,62499999.99999999,5.51819913266381,8.022106953490011,9.736771623128705,-12.405004032,25.094992128,25.094992128,37.49999616,0.4106907864619508,-1.8213713533713893,2.577342172470125,6.287051646285826,7.96671981715922,10.148676911212748,-0.8000001279999998,16.69999808,16.69999808,17.499998208,0.40716681147865885,-1.8141440955195127,1.6455345091879945,4.01544203518034,0.5292091087455281,4.050165060670054,3.2340001151999997,4.6089999744,4.6089999744,1.3749998592,-0.37914590729467046,-1.828451312380843,1.1379783059106963,2.2741096411830193,2.4424849766524592,3.337260481486952,-1.7394228291584017,7.9708902674432,7.9708902674432,9.710313096601602,0.3824000475857208,-1.8336778189700702,2.3884531374343556,125000,0.0019999840000000002,31249999.999999996
Device 4,Device 4/Device4  1.mat,30,12/24/2008 4:26:42 PM.906342029,3313009602.0,1.6e-08,62499999.99999999,5.524299132039171,8.017214271697153,9.736200777436405,-11.780004095999999,24.469992192000007,24.469992192000007,36.249996288000006,0.4105486293942849,-1.8214940932083632,2.5132998744961266,6.247474150338562,7.9752198424712315,10.13089654447697,-1.1125000959999998,16.69999808,16.69999808,17.812498176,0.4070903645918624,-1.8139908663741116,1.6484225267411587,3.992244537555764,0.5411494705675556,4.0287540502169366,3.1715001216000003,4.6089999744,4.6089999744,1.4374998527999994,-0.37941716602499054,-1.8287421220762838,1.1440261472779205,2.3403643740037103,2.5002684121657914,3.4247113069541824,-2.5837978810368,7.548702741504,7.548702741504,10.1325006225408,0.3809483440070916,-1.8375035676328206,2.2041865911954925,125000,0.0019999840000000002,31249999.999999996
Device 4,Device 4/Device4  1.mat,31,12/24/2008 4:27:05 PM.682342052,3313009625.0,1.6e-08,62499999.99999999,5.5295841314979866,8.035085146373921,9.75391685307975,-10.530004223999995,26.969991936,26.969991936,37.499996159999995,0.4106245701926282,-1.8215131023621045,2.7650422227542735,6.26753664828416,7.968263214241269,10.137812105627903,-0.8000001279999998,16.69999808,16.69999808,17.499998208,0.4070396030512914,-1.8141580244934379,1.6472980467579554,3.9670215401385986,0.5772249397338163,4.008796394302699,3.109000128,4.6089999744,4.6089999744,1.4999998463999997,-0.3808210477233001,-1.8295904327162469,1.1497216423738332,2.458674828772704,2.6388584704907405,3.606751438749448,-2.372704118067199,8.393077793382398,8.393077793382398,10.765781911449597,0.382218889637956,-1.836819002293368,2.3270463562336556,125000,0.0019999840000000002,31249999.999999996
Device 4,Device 4/Device4  1.mat,32,12/24/2008 4:27:28 PM.733341693,3313009648.0,1.6e-08,62499999.99999999,5.567454127620097,8.02304529873628,9.765541527674152,-12.405004032,25.719992063999996,25.719992063999996,38.124996096,0.410129156502277,-1.821468603371497,2.633749699503423,6.256894149373953,7.966009016466027,10.129463166766936,-0.8000001279999998,16.69999808,16.69999808,17.499998208,0.40678246900493076,-1.813692114366066,1.6486557880766954,4.015533035171022,0.5194557749692715,4.04899244981992,3.2340001151999997,4.6089999744,4.6089999744,1.3749998592,-0.37701577679690285,-1.8293989917488642,1.138307870790173,2.2495957446768857,2.3884684125580815,3.2810764045136276,-1.7394228291584017,7.9708902674432,7.9708902674432,9.710313096601602,0.3807003551112592,-1.834261210684058,2.42935222614079,125000,0.0019999840000000002,31249999.999999996
Device 4,Device 4/Device4  1.mat,33,12/24/2008 4:27:51 PM.491342067,3313009671.0,1.6e-08,62499999.99999999,5.517119132774401,8.037089437747756,9.74850809896478,-11.780004095999999,25.719992063999996,25.719992063999996,37.499996159999995,0.41078190064251896,-1.8214689496451375,2.638351612666893,6.244859150606337,7.967878984757539,10.123505387298046,-0.8000001279999998,16.69999808,16.69999808,17.499998208,0.40710259812400956,-1.8131028403445166,1.6496260377313055,4.022312034476852,0.506267543562052,4.054047474852959,3.2965001088,4.6089999744,4.6089999744,1.3124998655999995,-0.3745968619717992,-1.8315364488622659,1.1368885053737976,2.186159535779365,2.308688976966472,3.17951856548213,-1.7394228291584017,7.759796504473599,7.759796504473599,9.499219333632,0.3788541469402384,-1.8361594550963005,2.440557066946056,125000,0.0019999840000000002,31249999.999999996
Device 4,Device 4/Device4  1.mat,34,12/24/2008 4:28:14 PM.507341861,3313009694.0,1.6e-08,62499999.99999999,5.539159130517506,8.026050625000522,9.751911223358565,-9.905004288,25.719992063999996,25.719992063999996,35.624996352,0.4104530397392094,-1.8216022716471767,2.637430907122431,6.269214148112384,7.961216560039711,10.13331215105619,-0.8000001279999998,16.69999808,16.69999808,17.499998208,0.4069886515479038,-1.8129234690800384,1.6480295712847817,4.506027984944333,0.5417246367982903,4.538474830074055,3.6715000704,5.1089999232,5.1089999232,1.4374998527999998,-0.37858396744844003,-1.8305273714972414,1.1257085506667084,2.326165363131323,2.478719155368232,3.399278445173516,-2.5837978810368,7.759796504473599,7.759796504473599,10.343594385510398,0.37909553134175245,-1.8371692987033539,2.2827775451850343,125000,0.0019999840000000002,31249999.999999996
Device 4,Device 4/Device4  1.mat,35,12/24/2008 4:28:37 PM.256341934,3313009717.0,1.6e-08,62499999.99999999,5.493639135178754,8.009912040670176,9.712814311353874,-12.405004032,26.344992000000005,26.344992000000005,38.749996032000006,0.4109751737863507,-1.8208997172858425,2.7123953115425885,6.264311648614401,7.959492573103542,10.128925039324585,-0.8000001279999998,16.69999808,16.69999808,17.499998208,0.407116506908642,-1.8132952791681956,1.6487433775216866,4.515327983992012,0.5346487144603128,4.546871017622497,3.734000064,5.1089999232,5.1089999232,1.3749998592,-0.3791306370991393,-1.8303962685058481,1.1236298332191164,2.3058108581307417,2.441410508939175,3.358161548620356,-1.7394228291584017,8.393077793382398,8.393077793382398,10.1325006225408,0.38027516564455666,-1.8346138965201564,2.499307335833963,125000,0.0019999840000000002,31249999.999999996
Device 4,Device 4/Device4  1.mat,36,12/24/2008 4:29:00 PM.003341674,3313009740.0,1.6e-08,62499999.99999999,5.5174491327406106,8.014005895607905,9.729672935264492,-12.405004032,23.219992320000003,23.219992320000003,35.624996352000004,0.4106958778578698,-1.8212083455124877,2.38651314124248,6.256879149375489,7.96451772625992,10.12828116226037,-0.8000001279999998,16.69999808,16.69999808,17.499998208,0.4070297008319153,-1.8134025713893054,1.6488481917570497,4.513971484130919,0.5368706142155903,4.54578580841149,3.734000064,5.1089999232,5.1089999232,1.3749998592,-0.3792121404759285,-1.8302914053868233,1.1238980758280213,2.3110662484536335,2.4536196651815487,3.3706492944397466,-2.372704118067199,7.3376089785344,7.3376089785344,9.710313096601599,0.3801593427419584,-1.8351588786844135,2.1769126175893128,125000,0.0019999840000000002,31249999.999999996
Device 4,Device 4/Device4  1.mat,37,12/24/2008 4:29:22 PM.756341934,3313009762.0,1.6e-08,62499999.99999999,5.532734131175427,8.01928078271004,9.742690143806076,-9.905004288,26.344992000000005,26.344992000000005,36.249996288000006,0.41053537308005306,-1.821414488911121,2.704077786641799,6.275291647490048,7.9619656665503395,10.137661591135542,-0.8000001279999998,16.69999808,16.69999808,17.499998208,0.40701212755439803,-1.812786762947303,1.6473225042945427,4.505103985038951,0.5427339918026738,4.537678051809306,3.734000064,5.1089999232,5.1089999232,1.3749998592,-0.3781025794045737,-1.8313320532508504,1.125906215660869,2.343204851678229,2.480001117414913,3.4118930990445175,-2.7948916440064013,8.181984030412801,8.181984030412801,10.976875674419203,0.37847161538804663,-1.8376714036587851,2.398077487452383,125000,0.0019999840000000002,31249999.999999996
Device 4,Device 4/Device4  1.mat,38,12/24/2008 4:29:45 PM.561341762,3313009785.0,1.6e-08,62499999.99999999,5.547294129684482,8.03411508759809,9.763169434256643,-9.905004288,25.719992063999996,25.719992063999996,35.624996352,0.4103115405821614,-1.821903193537641,2.6343896044408135,6.275539147464705,7.961819855630255,10.137700281862264,-0.8000001279999998,16.69999808,16.69999808,17.499998208,0.4068675491197491,-1.812727766754467,1.6473162172567468,4.501123485446554,0.5508263722439544,4.534702010452062,3.6715000704,5.1089999232,5.1089999232,1.4374998527999998,-0.37819039732506987,-1.8318931488100538,1.1266451271603373,2.3714475084134574,2.5063091579366437,3.450412856502462,-2.372704118067199,8.393077793382398,8.393077793382398,10.765781911449597,0.3776987519168155,-1.8395025386758557,2.4324850800289757,125000,0.0019999840000000002,31249999.999999996
Device 4,Device 4/Device4  1.mat,39,12/24/2008 4:30:08 PM.632341861,3313009808.0,1.6e-08,62499999.99999999,5.604204123856898,8.044986679347026,9.80453540626611,-12.405004032,25.094992128,25.094992128,37.49999616,0.4096239474141593,-1.8223324936299208,2.5595289412654587,6.280684146937857,7.968534666987139,10.146158785105444,-0.8000001279999998,16.69999808,16.69999808,17.499998208,0.40693100964983,-1.8125332568577464,1.6459429064441204,4.485936987001652,0.5613147477162741,4.520918589993989,3.6715000704,5.1089999232,5.1089999232,1.4374998527999998,-0.376949464785283,-1.834327525659877,1.1300800537544722,2.3975049225144245,2.5530232064383136,3.502278878972014,-1.7394228291584017,8.393077793382398,8.393077793382398,10.1325006225408,0.3778796474642674,-1.8396201651623236,2.3964618705195537,125000,0.0019999840000000002,31249999.999999996
Device 4,Device 4/Device4  1.mat,40,12/24/2008 4:30:31 PM.418341636,3313009831.0,1.6e-08,62499999.99999999,5.554239128973314,8.029419512093874,9.763255092591407,-11.780004095999999,24.469992192000007,24.469992192000007,36.249996288000006,0.41018172505530437,-1.8218350361991766,2.5063354342311945,6.285396646455297,7.956624525060185,10.139728045468512,-0.8000001279999998,16.69999808,16.69999808,17.499998208,0.4069719820090719,-1.8123231669043798,1.6469867835817649,4.517607983758541,0.5180141864661877,4.547210198825114,3.734000064,5.1089999232,5.1089999232,1.3749998592,-0.3763833625443182,-1.8299365351964252,1.123546020485272,2.2363052813603193,2.359867559534328,3.2511592101868163,-2.7948916440064013,7.3376089785344,7.3376089785344,10.132500622540801,0.3772254824566239,-1.8362683034956646,2.256920840893784,125000,0.0019999840000000002,31249999.999999996
Device 4,Device 4/Device4  1.mat,41,12/24/2008 4:30:54 PM.366342067,3313009854.0,1.6e-08,62499999.99999999,5.522519132221442,8.010972544341508,9.730051319080765,-12.405004032,25.719992063999996,25.719992063999996,38.124996096,0.41063109958516514,-1.821114197165602,2.643356259957513,6.267294148308993,7.953540209558911,10.126093906660088,-0.8000001279999998,16.69999808,16.69999808,17.499998208,0.4069443592711077,-1.8121185085221527,1.6492043461117967,4.515450483979469,0.5328718435480422,4.546784080525125,3.734000064,5.1089999232,5.1089999232,1.3749998592,-0.377061892600125,-1.8311141369072523,1.1236513176605347,2.3002970890419756,2.4291375074063413,3.345455982036422,-1.7394228291584017,7.9708902674432,7.9708902674432,9.710313096601602,0.37823664812801094,-1.8353715935120134,2.3826020459522583,125000,0.0019999840000000002,31249999.999999996
Device 4,Device 4/Device4  1.mat,42,12/24/2008 4:31:17 PM.297341823,3313009877.0,1.6e-08,62499999.99999999,5.540304130400259,8.030319392599468,9.756074999941792,-12.405004032,26.344992000000005,26.344992000000005,38.749996032000006,0.4104437237950147,-1.8215042764627787,2.7003679246169376,6.268276648208385,7.953554850429553,10.126713528942448,-0.8000001279999998,16.69999808,16.69999808,17.499998208,0.4068528947928879,-1.8122282722786345,1.6491034363982857,4.4756939880505335,0.5809046318064526,4.513234634486212,3.6090000768,5.1089999232,5.1089999232,1.4999998463999997,-0.37788648444993495,-1.834308389647049,1.132004058499744,2.47377225470029,2.633667418373508,3.6132745866771776,-2.372704118067199,8.604171556352,8.604171556352,10.9768756744192,0.37879938010854297,-1.8383107606828812,2.3812670058559062,125000,0.0019999840000000002,31249999.999999996
Device 4,Device 4/Device4  1.mat,43,12/24/2008 4:31:39 PM.989341735,3313009899.0,1.6e-08,62499999.99999999,5.5480541296066574,8.032188660228913,9.762016149267293,-11.155004159999997,26.344992000000005,26.344992000000005,37.49999616,0.41028462594788034,-1.821736787412453,2.6987244844885225,6.258006649260033,7.958282682390382,10.124075783745273,-0.8000001279999998,16.69999808,16.69999808,17.499998208,0.40689700338079543,-1.8124592069604732,1.6495330968198314,4.5326939822137335,0.5085561339682205,4.5611340780329295,3.7965000576,5.1089999232,5.1089999232,1.3124998656,-0.37595587066486974,-1.8306496741045977,1.1201161456326554,2.203504688095051,2.314954150886149,3.196004635660261,-2.5837978810368,7.3376089785344,7.3376089785344,9.9214068595712,0.3764646050113723,-1.8372907108628973,2.2958693165407524,125000,0.0019999840000000002,31249999.999999996
Device 4,Device 4/Device4  1.mat,44,12/24/2008 4:32:02 PM.810341835,3313009922.0,1.6e-08,62499999.99999999,5.560629128318978,8.033509052994244,9.770254040056994,-12.405004032,23.844992255999998,23.844992255999998,36.249996288,0.4101103854921079,-1.8219175589483279,2.440570343231413,6.2677441482629135,7.959210102365221,10.130826331631424,-0.8000001279999998,16.69999808,16.69999808,17.499998208,0.40711909624993114,-1.8122108633210376,1.6484339513211956,4.532415482242253,0.5167427221775095,4.56177741068026,3.7965000576,5.1089999232,5.1089999232,1.3124998656,-0.37688012217501576,-1.8307431909370722,1.1199581792918163,2.243364256794023,2.359221113686087,3.2555502533248077,-2.161610355097601,7.548702741504,7.548702741504,9.7103130966016,0.37760768840776254,-1.835832088043602,2.3187179291103583,125000,0.0019999840000000002,31249999.999999996
Device 4,Device 4/Device4  1.mat,45,12/24/2008 4:32:25 PM.586341857,3313009945.0,1.6e-08,62499999.99999999,5.545809129836546,8.027665025570228,9.757018226248315,-11.780004095999999,23.844992255999998,23.844992255999998,35.624996352,0.4103887477290225,-1.8216424246024685,2.443881081604648,6.2428091508162575,7.957099147107481,10.113757606864711,-1.1125000959999998,16.69999808,16.69999808,17.812498176,0.4068919986618359,-1.8121692704799643,1.6512159702804108,4.51331648419799,0.5358860212438286,4.545019198452065,3.734000064,5.1089999232,5.1089999232,1.3749998592,-0.37725664991547664,-1.830564280060969,1.124087644105005,2.333182119812432,2.440363194129316,3.37625699902621,-2.5837978810368,7.126515215564798,7.126515215564798,9.710313096601599,0.37800844248663307,-1.8361427054218344,2.110773918460665,125000,0.0019999840000000002,31249999.999999996
Device 4,Device 4/Device4  1.mat,46,12/24/2008 4:32:43 PM.916341781,3313009963.0,1.6e-08,62499999.99999999,5.54744912966861,8.038518558431738,9.766881409155765,-11.780004095999999,24.469992192000007,24.469992192000007,36.249996288000006,0.410336210095564,-1.8218417213068068,2.505404864347089,6.272924147732481,7.949940856741866,10.126753526619423,-1.1125000959999998,16.69999808,16.69999808,17.812498176,0.40696386542766944,-1.8116732439528456,1.6490969229281618,4.534734482004787,0.5057156952107348,4.56284617170749,3.7965000576,5.1089999232,5.1089999232,1.3124998656,-0.37455714561324804,-1.8311523858747558,1.1196958501207,2.2040940618812623,2.2992465172645535,3.1850534031273976,-2.5837978810368,7.548702741504,7.548702741504,10.1325006225408,0.37517668353111955,-1.8378176697410096,2.370039615063265,125000,0.0019999840000000002,31249999.999999996
Device 4,Device 4/Device4  1.mat,47,12/24/2008 4:33:11 PM.449341773,3313009991.0,1.6e-08,62499999.99999999,5.582389126090754,8.04409168190512,9.79134716686072,-11.780004095999999,24.469992192000007,24.469992192000007,36.249996288000006,0.40981840441661244,-1.8223053562068616,2.499144578880816,6.274551647565825,7.950937901220552,10.128544411070946,-0.8000001279999998,16.69999808,16.69999808,17.499998208,0.40694638755478874,-1.811494595697331,1.6488053368997588,4.533760982104473,0.5091530735321985,4.562261006906576,3.7965000576,5.0464999295999995,5.0464999295999995,1.2499998719999996,-0.3747056214026967,-1.8314576365015145,1.1061401182353132,2.2162091551256133,2.3214328196238676,3.2094599787642473,-2.372704118067199,7.548702741504,7.548702741504,9.9214068595712,0.3751580198179396,-1.8377374036466947,2.352016473628224,125000,0.0019999840000000002,31249999.999999996
Device 4,Device 4/Device4  1.mat,48,12/24/2008 4:33:34 PM.243341922,3313010014.0,1.6e-08,62499999.99999999,5.598914124398593,8.039530545780904,9.797034794718975,-11.155004159999997,25.094992128,25.094992128,36.249996288,0.40962760983690916,-1.82236174712177,2.561488517069194,6.287524146237441,7.946695256756742,10.13325837987362,-0.8000001279999998,16.69999808,16.69999808,17.499998208,0.4068820659307959,-1.8114332608427763,1.648038316398706,4.517272983792846,0.5319747757301772,4.548489020775787,3.734000064,5.1089999232,5.1089999232,1.3749998592,-0.37559027958766744,-1.8321625238520907,1.1232301319985625,2.2863311256839074,2.423015620490287,3.331413320711042,-2.372704118067199,7.548702741504,7.548702741504,9.9214068595712,0.3770966580069518,-1.8357655184379376,2.265915998646736,125000,0.0019999840000000002,31249999.999999996
Device 4,Device 4/Device4  1.mat,49,12/24/2008 4:33:57 PM.303341865,3313010037.0,1.6e-08,62499999.99999999,5.582254126104578,8.03601087088189,9.784632432817471,-12.405004032,25.094992128,25.094992128,37.49999616,0.40985130397274644,-1.8220262432475884,2.564735292848802,6.24120415098061,7.914917912908981,10.07961084676909,-0.8000001279999998,16.69999808,16.69999808,17.499998208,0.4067207198619128,-1.8089865830218073,1.6568098048500557,4.541067981356237,0.49793053491319594,4.5682855896821675,3.7965000576,5.1089999232,5.1089999232,1.3124998656,-0.37032113473680145,-1.8325031533789602,1.118362637996862,2.1809750729608313,2.2656274964098886,3.1447925561736256,-1.5283290661888007,7.759796504473599,7.759796504473599,9.2881255706624,0.3711690559955009,-1.8387590959692144,2.4675066370403784,125000,0.0019999840000000002,31249999.999999996
Device 4,Device 4/Device4  1.mat,50,12/24/2008 4:34:20 PM.279341697,3313010060.0,1.6e-08,62499999.99999999,5.538689130565634,8.030883336431868,9.75562219688857,-9.905004288,26.344992000000005,26.344992000000005,36.249996288000006,0.4104511396011804,-1.8216719188110109,2.700493261045144,6.219881653164034,7.918426994275911,10.06918138892353,-1.1125000959999998,16.69999808,16.69999808,17.812498176,0.40686034255846554,-1.809009452239586,1.6585258954983781,4.538354981634048,0.5022840777947719,4.566065618684068,3.7965000576,5.0464999295999995,5.0464999295999995,1.2499998719999996,-0.37042558610733733,-1.8331148849634966,1.105218442098165,2.171230984862155,2.2841117422340087,3.151414038275002,-2.372704118067199,7.9708902674432,7.9708902674432,10.343594385510398,0.371594879012355,-1.8390332614593752,2.5293059466747336,125000,0.0019999840000000002,31249999.999999996
Device 4,Device 4/Device4  1.mat,51,12/24/2008 4:34:43 PM.141341686,3313010083.0,1.6e-08,62499999.99999999,5.597014124593153,8.043828778534907,9.799476951821543,-12.405004032,24.469992192000007,24.469992192000007,36.87499622400001,0.4096642531735194,-1.8223577328707252,2.4970712531194317,6.233491651770369,7.922911451315009,10.081118193834916,-0.8000001279999998,16.69999808,16.69999808,17.499998208,0.4067507482170977,-1.8090127847441262,1.6565620756448272,4.527675482727629,0.5157179364537475,4.556951861373234,3.734000064,5.1089999232,5.1089999232,1.3749998592,-0.3713422333987976,-1.8332452564617696,1.1211441504366488,2.2441951218450713,2.3455675987964972,3.2462438456525686,-2.161610355097601,7.3376089785344,7.3376089785344,9.499219333632,0.3725184903257341,-1.838324634996658,2.2603382023691982,125000,0.0019999840000000002,31249999.999999996
Device 4,Device 4/Device4  1.mat,52,12/24/2008 4:35:05 PM.974341869,3313010105.0,1.6e-08,62499999.99999999,5.543414130081794,8.031364690600261,9.758701707246264,-11.155004159999997,25.719992063999996,25.719992063999996,36.87499622399999,0.410346646497,-1.8217496526376344,2.635595680202191,6.23062915206349,7.8868341241335385,10.051014482734598,-0.8000001279999998,16.69999808,16.69999808,17.499998208,0.4067321760586417,-1.8065388734336099,1.6615236311406052,4.547013980747367,0.48902313271191794,4.5732351530879525,3.7965000576,5.1089999232,5.1089999232,1.3124998656,-0.3662311298512474,-1.8337442573953202,1.1171522460965706,2.1712563161137113,2.226372751361904,3.1098375549649626,-2.5837978810368,7.126515215564798,7.126515215564798,9.710313096601599,0.36697415101308856,-1.8404503604851778,2.291603689777002,125000,0.0019999840000000002,31249999.999999996
Device 4,Device 4/Device4  1.mat,53,12/24/2008 4:35:29 PM.018342018,3313010129.0,1.6e-08,62499999.99999999,5.544779129942018,8.025942056009884,9.755015196619057,-11.780004095999999,25.094992128,25.094992128,36.874996224,0.4104198927513963,-1.82148550418281,2.5725220947577356,6.238604151246849,7.88190582479186,10.052095362999811,-1.1125000959999998,16.69999808,16.69999808,17.812498176,0.40663501867915763,-1.8061877385698664,1.6613449710664383,4.543860481070284,0.49262677514386577,4.570486758652838,3.7965000576,5.1089999232,5.1089999232,1.3124998656,-0.36565675962117533,-1.8345875770074813,1.117824029033155,2.145121219507971,2.2447223695180467,3.104887045062682,-1.7394228291584017,7.548702741504,7.548702741504,9.288125570662402,0.3671637276452184,-1.8404896164543543,2.4312326445201182,125000,0.0019999840000000002,31249999.999999996
Device 4,Device 4/Device4  1.mat,54,12/24/2008 4:35:51 PM.768342018,3313010151.0,1.6e-08,62499999.99999999,5.50299913422029,8.01106949173925,9.719065483507384,-11.155004159999997,24.469992192000007,24.469992192000007,35.624996352000004,0.41084499569931465,-1.8212244510379327,2.5177309725429855,6.227086652426241,7.885352199767477,10.047655820697823,-0.8000001279999998,16.387498112,16.387498112,17.18749824,0.4067198742759573,-1.8065521977182974,1.6309772552362234,4.53266648221655,0.5027667090804167,4.560464866959169,3.734000064,5.1089999232,5.1089999232,1.3749998592,-0.3668127340531402,-1.83474213603143,1.1202805135535632,2.200174472890443,2.2896927538529175,3.1754465226492625,-2.5837978810368,7.548702741504,7.548702741504,10.1325006225408,0.3676952598392804,-1.8411487033362626,2.377209846760747,125000,0.0019999840000000002,31249999.999999996
Device 4,Device 4/Device4  1.mat,55,12/24/2008 4:36:10 PM.032341957,3313010170.0,1.6e-08,62499999.99999999,5.561769128202243,8.02986953624489,9.76791075944786,-10.530004223999995,26.344992000000005,26.344992000000005,36.874996224,0.4102044671709482,-1.8217058304225835,2.6970958937680938,6.256451649419265,7.8673485031718595,10.051783906943163,-0.8000001279999998,16.69999808,16.69999808,17.499998208,0.4067868350200024,-1.8056247123888391,1.6613964480936219,4.546672980782285,0.4849688617871235,4.572464323652921,3.7965000576,5.0464999295999995,5.0464999295999995,1.2499998719999996,-0.36491701861633263,-1.8336707994491976,1.1036717997984014,2.1583019140677933,2.203189703299415,3.08420362832827,-2.5837978810368,7.3376089785344,7.3376089785344,9.9214068595712,0.3658175977393421,-1.8404861778813213,2.3790935563199507,125000,0.0019999840000000002,31249999.999999996
Device 4,Device 4/Device4  1.mat,56,12/24/2008 4:36:37 PM.456341743,3313010197.0,1.6e-08,62499999.99999999,5.574644126883842,8.03730039551758,9.7813524008282,-11.780004095999999,26.344992000000005,26.344992000000005,38.124996096000004,0.4099932386339997,-1.8219378336651098,2.6933895151113605,6.234101651707906,7.864858716635186,10.035936729396997,-0.8000001279999998,16.387498112,16.387498112,17.18749824,0.4062895610989424,-1.8056746803842305,1.6328817681759769,4.547000480748748,0.48676288603879614,4.57298059028837,3.7965000576,5.1089999232,5.1089999232,1.3124998656,-0.36371973648445177,-1.8349344149930749,1.1172144342904,2.1413823267782535,2.2088192791873267,3.0764266410151677,-1.7394228291584017,7.548702741504,7.548702741504,9.288125570662402,0.36514144243090896,-1.8408857771931888,2.45372427896186,125000,0.0019999840000000002,31249999.999999996
Device 4,Device 4/Device4  1.mat,57,12/24/2008 4:37:00 PM.422341823,3313010220.0,1.6e-08,62499999.99999999,5.508479133659139,8.014624219176373,9.725098649400254,-12.405004032,25.094992128,25.094992128,37.49999616,0.41078862020346374,-1.8212202992899138,2.580435739800707,6.226584152477697,7.859536700677878,10.02709665641999,-0.8000001279999998,16.387498112,16.387498112,17.18749824,0.4066685709604489,-1.8052039772998332,1.6343213467985942,4.5424039812194295,0.492040761219099,4.5689756006460795,3.7965000576,5.1089999232,5.1089999232,1.3124998656,-0.364604705464403,-1.834686699072447,1.118193741826408,2.171761252394735,2.2472255363554545,3.1251511241300323,-2.5837978810368,7.126515215564798,7.126515215564798,9.710313096601599,0.3655816868438654,-1.841148921372183,2.280374590700362,125000,0.0019999840000000002,31249999.999999996
Device 4,Device 4/Device4  1.mat,58,12/24/2008 4:37:23 PM.491342067,3313010243.0,1.6e-08,62499999.99999999,5.557744128614401,8.024480855479457,9.761189107844606,-12.405004032,23.844992255999998,23.844992255999998,36.249996288,0.41015840810846543,-1.8217316021073253,2.4428368298732073,6.217984153358337,7.868110803184277,10.02848415976216,-1.1125000959999998,16.387498112,16.387498112,17.499998208,0.4066813169623517,-1.8058625727728317,1.634095228245208,4.529208982570598,0.5078240650107931,4.557589197020973,3.734000064,5.1089999232,5.1089999232,1.3749998592,-0.3660308941157769,-1.835493778503664,1.1209873690545544,2.219177977808018,2.3132279084348077,3.205584853587526,-2.372704118067199,7.126515215564798,7.126515215564798,9.499219333631997,0.36730932244834535,-1.8414481990109597,2.2231560046177434,125000,0.0019999840000000002,31249999.999999996
Device 4,Device 4/Device4  1.mat,59,12/24/2008 4:37:46 PM.420341968,3313010266.0,1.6e-08,62499999.99999999,5.544609129959425,8.034942361636688,9.762324987361012,-10.530004223999995,26.344992000000005,26.344992000000005,36.874996224,0.410370860120418,-1.8217999721333349,2.698639108420184,6.245834150506498,7.86828113606372,10.045909230715228,-0.8000001279999998,16.387498112,16.387498112,17.18749824,0.4068684307771812,-1.807117511732854,1.6312608182737158,4.556537479772159,0.48027223540850644,4.581778609303674,3.8590000512,5.1089999232,5.1089999232,1.249999872,-0.3671302118530395,-1.8327838078484362,1.1150691377417843,2.115814650207376,2.1917091001235827,3.0463519845212703,-2.5837978810368,7.548702741504,7.548702741504,10.1325006225408,0.3680166004810729,-1.8394892106152458,2.4779483066498855,125000,0.0019999840000000002,31249999.999999996
Device 4,Device 4/Device4  1.mat,60,12/24/2008 4:38:09 PM.366342067,3313010289.0,1.6e-08,62499999.99999999,5.503009134219266,8.02400040184511,9.729732369397997,-11.780004095999999,23.844992255999998,23.844992255999998,35.624996352,0.4108344048657248,-1.821345163933532,2.450734650317555,6.233184151801858,7.859124822849451,10.030873723230807,-0.8000001279999998,16.69999808,16.69999808,17.499998208,0.4066874423208215,-1.8069298644610574,1.6648597660365283,4.546361980814131,0.48623630575677895,4.572289689600626,3.7965000576,5.1089999232,5.1089999232,1.3124998656,-0.36654210495608464,-1.8331813575353888,1.1173832521635902,2.1485764022202574,2.2038671453173007,3.0778906657623124,-2.5837978810368,7.126515215564798,7.126515215564798,9.710313096601599,0.3678839017370756,-1.8394291788467758,2.3153893329735116,125000,0.0019999840000000002,31249999.999999996
Device 4,Device 4/Device4  1.mat,61,12/24/2008 4:38:32 PM.283341884,3313010312.0,1.6e-08,62499999.99999999,5.525289131937795,8.02952823233322,9.746904309848649,-12.405004032,23.219992320000003,23.219992320000003,35.624996352000004,0.4105471090401289,-1.821627876970909,2.3822940681317273,6.232296651892738,7.86883143146626,10.037929550162463,-0.8000001279999998,16.69999808,16.69999808,17.499998208,0.40684963381102607,-1.807132426990867,1.663689508533133,4.543463981110886,0.49829570222151964,4.570707117558991,3.7965000576,5.1089999232,5.1089999232,1.3124998656,-0.3677990097066268,-1.8344030200278432,1.1177701374855291,2.1558633589179683,2.2639186660059076,3.126191700554371,-2.161610355097601,6.9154214525952,6.9154214525952,9.077031807692801,0.3686487863677263,-1.8406007591577758,2.212091296694595,125000,0.0019999840000000002,31249999.999999996
Device 4,Device 4/Device4  1.mat,62,12/24/2008 4:38:55 PM.160341739,3313010335.0,1.6e-08,62499999.99999999,5.573429127008257,8.031832908125972,9.776167556759619,-13.030003968000003,25.719992063999996,25.719992063999996,38.749996032,0.410039034793657,-1.8217183347348018,2.630886992747603,6.251664149909506,7.845684840812563,10.031853032447186,-0.8000001279999998,16.387498112,16.387498112,17.18749824,0.40660569369988897,-1.8064760449640054,1.6335464703276665,4.550617980378317,0.4790291562950582,4.575761459683315,3.7965000576,5.1089999232,5.1089999232,1.3124998656,-0.36499305286835987,-1.833568009295734,1.1165354593361143,2.114230602610052,2.18093515218227,3.0375070664999555,-2.372704118067199,7.548702741504,7.548702741504,9.9214068595712,0.3663581334394335,-1.8404844045241273,2.4851638452983695,125000,0.0019999840000000002,31249999.999999996
Device 4,Device 4/Device4  1.mat,63,12/24/2008 4:39:18 PM.100341796,3313010358.0,1.6e-08,62499999.99999999,5.570294127329283,8.031581519172132,9.774174050223703,-10.530004223999995,26.344992000000005,26.344992000000005,36.874996224,0.4100267078349126,-1.8219645306003416,2.6953675947070987,6.256484149415938,7.849580937115845,10.037903904711648,-0.8000001279999998,16.69999808,16.69999808,17.499998208,0.4066739769710657,-1.8065084541191003,1.6636937590288408,4.546570480792781,0.4856840310013083,4.572438311752929,3.7965000576,5.1089999232,5.1089999232,1.3124998656,-0.3660064647660471,-1.8330896927228266,1.1173469328318548,2.119160064162918,2.2044534401668963,3.0578512631268784,-2.5837978810368,7.548702741504,7.548702741504,10.1325006225408,0.3670184182933836,-1.8400305939167305,2.4686297965274133,125000,0.0019999840000000002,31249999.999999996
Device 4,Device 4/Device4  1.mat,64,12/24/2008 4:39:41 PM.048341751,3313010381.0,1.6e-08,62499999.99999999,5.52324913214669,8.017555744438772,9.735886250924583,-12.405004032,25.094992128,25.094992128,37.49999616,0.4106278634599953,-1.821254081746723,2.577576553507578,6.245711650519041,7.852949490880376,10.033829265427416,-0.8000001279999998,16.69999808,16.69999808,17.499998208,0.40683858217343427,-1.8064811562349985,1.664369368685747,4.539756981490482,0.4958511435876222,4.566756158104868,3.7965000576,5.1089999232,5.1089999232,1.3124998656,-0.3669690910644955,-1.8336109777487946,1.1187371837519249,2.1607742442196924,2.256228821739361,3.1240220598661863,-1.7394228291584017,8.181984030412801,8.181984030412801,9.921406859571203,0.36784299988200037,-1.840462238263438,2.6190544988543603,125000,0.0019999840000000002,31249999.999999996
Device 4,Device 4/Device4  1.mat,65,12/24/2008 4:40:03 PM.930341720,3313010403.0,1.6e-08,62499999.99999999,5.548069129605122,8.022339542731192,9.753922431808952,-9.905004288,26.344992000000005,26.344992000000005,36.249996288000006,0.4103394696833424,-1.8215782220994847,2.7009638618905942,3.8345043974266884,5.009053879368347,6.308252114516326,-0.8000001279999998,11.074998656000002,11.074998656000002,11.874998784000002,0.4085617846792368,-1.8191586887140418,1.755636657341993,4.582883477074329,0.45827779966516596,4.605739843511229,3.8590000512,5.2339999104,5.2339999104,1.3749998592,-0.3998848458406722,-1.8133166382103718,1.13640806650725,1.9914213175646502,2.0849421445477447,2.8831827222987925,-2.372704118067199,7.548702741504,7.548702741504,9.9214068595712,0.400726719476971,-1.8211896792380668,2.618183954531102,125000,0.0019999840000000002,31249999.999999996
Device 4,Device 4/Device4  1.mat,66,12/24/2008 4:40:26 PM.848341941,3313010426.0,1.6e-08,62499999.99999999,5.553744129024003,8.025834707088483,9.760025440344643,-11.155004159999997,23.844992255999998,23.844992255999998,34.999996415999995,0.41019389957338354,-1.821861407001905,2.443128084219214,5.3868942384619505,6.922761606216815,8.771730604212843,-0.8000001279999998,14.512498304000001,14.512498304000001,15.312498432000002,0.4067456650572282,-1.8253639078084836,1.6544623813492414,4.564947478910976,0.4750684027299999,4.589600796636687,3.734000064,5.1714999168,5.1714999168,1.4374998528000003,-0.3966836500704129,-1.8161136446195683,1.1267864343647787,2.055742431516539,2.1577163633191145,2.980237716906589,-2.5837978810368,6.9154214525952,6.9154214525952,9.499219333632,0.39652509516469636,-1.8249537871455925,2.320426123515151,125000,0.0019999840000000002,31249999.999999996
Device 4,Device 4/Device4  1.mat,67,12/24/2008 4:40:49 PM.882341861,3313010449.0,1.6e-08,62499999.99999999,5.553179129081858,8.021277965745645,9.755957084952092,-10.530004223999995,25.094992128,25.094992128,35.624996352,0.4102523177410927,-1.8216266354257544,2.5722737307554726,5.917586684119042,7.566392142146252,9.605629714536965,-0.8000001279999998,15.762498176000001,15.762498176000001,16.562498304000002,0.4074892751344197,-1.8243187004642067,1.6409645847731729,4.557222979701964,0.48388806228047454,4.582840706760514,3.7965000576,5.1714999168,5.1714999168,1.3749998592000003,-0.3953365571026342,-1.8175763188773248,1.1284485426628745,2.0836439607308086,2.200680553687529,3.030605064086777,-2.161610355097601,7.548702741504,7.548702741504,9.7103130966016,0.39569082307134734,-1.8255221102130854,2.4908236414429266,125000,0.0019999840000000002,31249999.999999996
Device 4,Device 4/Device4  1.mat,68,12/24/2008 4:41:12 PM.865341663,3313010472.0,1.6e-08,62499999.99999999,5.561234128257027,8.032870411457345,9.77007328921117,-11.780004095999999,23.844992255999998,23.844992255999998,35.624996352,0.41015014308988973,-1.8219060175502408,2.440615494904361,5.865846689417217,7.548511274978884,9.559716515264993,-0.8000001279999998,15.762498176000001,15.762498176000001,16.562498304000002,0.40727867200866497,-1.8243335031476546,1.648845773912896,4.541751481286246,0.49941133539220917,4.569126634235917,3.734000064,5.1714999168,5.1714999168,1.4374998528000003,-0.39512320075060514,-1.8189581392432435,1.1318355411842982,2.134764115121631,2.265681851585137,3.112961946412659,-2.5837978810368,6.9154214525952,6.9154214525952,9.499219333632,0.3954207402243384,-1.8266109495531344,2.2214924472701796,125000,0.0019999840000000002,31249999.999999996
Device 4,Device 4/Device4  1.mat,69,12/24/2008 4:41:35 PM.800342082,3313010495.0,1.6e-08,62499999.99999999,5.573889126961153,8.041500526048063,9.784373802655287,-11.155004159999997,25.094992128,25.094992128,36.249996288,0.41010493769864975,-1.8219931157341502,2.564803086446852,2.7764720057692163,3.686418521726277,4.615027444788025,-0.8000001279999998,8.262498944,8.262498944,9.062499072000001,0.4129284478741691,-1.811617125021154,1.7903466540228798,4.594994975834113,0.4376494124847132,4.6157898388237895,3.9215000448,5.7339998592,5.7339998592,1.8124998143999997,-0.40105473825455545,-1.8043115006948085,1.242257567918464,1.9082959712074288,1.998101907954311,2.7629702764049346,-1.3172353032191997,6.9154214525952,6.9154214525952,8.2326567558144,0.40788454427083504,-1.812954889295382,2.5028939006876567,125000,0.0019999840000000002,31249999.999999996
Device 4,Device 4/Device4  1.mat,70,12/24/2008 4:41:58 PM.676342010,3313010518.0,1.6e-08,62499999.99999999,5.565529127817219,8.038726917514081,9.777333221638061,-9.280004351999999,25.094992128,25.094992128,34.37499648,0.41017080054610217,-1.8220673013149653,2.5666499810462295,4.05188687516672,5.332076268529588,6.696926502699931,-0.8000001279999998,12.012498560000001,12.012498560000001,12.812498688000002,0.4585485089396648,-1.713038067637254,1.7937330736953803,4.571237978266828,0.4647323015716525,4.594800623103585,3.734000064,5.3589998976,5.3589998976,1.6249998336000004,-0.4022301462425287,-1.808051523933064,1.1663182664888367,2.0440022407952223,2.1215820133471865,2.9460236590587976,-2.372704118067199,7.548702741504,7.548702741504,9.9214068595712,0.40250143264378335,-1.8189007061981273,2.5623360892884604,125000,0.0019999840000000002,31249999.999999996
Device 4,Device 4/Device4  1.mat,71,12/24/2008 4:42:21 PM.607341766,3313010541.0,1.6e-08,62499999.99999999,5.540934130335747,8.021292326635054,9.749004135092669,-11.155004159999997,24.469992192000007,24.469992192000007,35.624996352000004,0.41040828735321816,-1.8215578694376466,2.5099991602134457,4.38464934109184,5.700328326972088,7.191584865634105,-0.8000001279999998,12.012498560000001,12.012498560000001,12.812498688000002,0.4077277489627114,-1.8246152555012554,1.6703548361645901,4.570331978359604,0.471842587819558,4.594624012919518,3.6715000704,5.3589998976,5.3589998976,1.6874998272000004,-0.4014819061103579,-1.8110215429319483,1.1663630979447177,2.039418973013626,2.1432390405615256,2.9584968028502314,-1.3172353032191997,7.548702741504,7.548702741504,8.8659380447232,0.4017701467516448,-1.8217115288835561,2.551533175304276,125000,0.0019999840000000002,31249999.999999996
Device 4,Device 4/Device4  1.mat,72,12/24/2008 4:42:44 PM.972342014,3313010564.0,1.6e-08,62499999.99999999,5.52997413145805,8.029089172932707,9.749199292326548,-10.530004223999995,25.094992128,25.094992128,35.624996352,0.4105369886171027,-1.8217125675438672,2.5740567379468695,4.006461879818239,5.245037172957872,6.600163008604151,-0.8000001279999998,11.074998656000002,11.074998656000002,11.874998784000002,0.40700618648853926,-1.8241689707387765,1.6779886559714257,4.573679478016819,0.46250095915745026,4.597004579598955,3.7965000576,5.2339999104,5.2339999104,1.4374998527999998,-0.4006265265076458,-1.8119162969503424,1.138567477967711,2.018802711746963,2.108142552302856,2.9188746820970044,-2.5837978810368,6.704327689625599,6.704327689625599,9.2881255706624,0.40089848155255026,-1.822486213620245,2.2968878145905927,125000,0.0019999840000000002,31249999.999999996
Device 4,Device 4/Device4  1.mat,73,12/24/2008 4:43:07 PM.815341949,3313010587.0,1.6e-08,62499999.99999999,4.719096452980732,7.998876088907958,9.287189565107347,-11.312492031999994,24.62501017599999,24.62501017599999,35.937502207999984,0.3972919116791879,-1.791760387175817,2.651502911980817,4.024519130161154,5.261842677409114,6.624480552529157,-0.7200003839999995,11.467498368000001,11.467498368000001,12.187498752,0.4049652389429855,-1.821103427502223,1.7310788788747868,4.549139600542514,0.47057078778274447,4.573413164315967,3.9372501632,5.062250048,5.062250048,1.1249998848000002,-0.3981592927442861,-1.8340393690417938,1.106886665630427,2.037654275638245,2.1742069982602934,2.979800499750085,-2.4959828291584025,7.4254240304128,7.4254240304128,9.921406859571203,0.3957572557831512,-1.8247409483329067,2.4919198553848045,125000,0.0019999840000000002,31249999.999999996
Device 4,Device 4/Device4  1.mat,74,12/24/2008 4:43:30 PM.835341930,3313010610.0,1.6e-08,62499999.99999999,4.633171437871095,8.041379567631973,9.280628368997084,-14.277492224000014,24.785010175999986,24.785010175999986,39.0625024,0.39610548244123084,-1.7925459642726296,2.670617677009557,4.008839166582784,5.271319327375355,6.622506996197823,-0.6925003519999997,11.4949984,11.4949984,12.187498752,0.406013126056334,-1.8198267771483783,1.7357472640798444,4.551819093919335,0.4673983676941249,4.575753303871591,3.9377501568000004,5.0627500416,5.0627500416,1.1249998847999998,-0.39836831671727346,-1.8333400568969158,1.1064298499913352,1.9960620518229837,2.1478714752912866,2.932169092855619,-1.4810440143103987,7.384894030412801,7.384894030412801,8.8659380447232,0.39519245092664057,-1.8244378974420865,2.51857713404267,125000,0.0019999840000000002,31249999.999999996
Device 4,Device 4/Device4  1.mat,75,12/24/2008 4:43:49 PM.259341716,3313010629.0,1.6e-08,62499999.99999999,4.704658942263286,8.02282273263311,9.300510758139712,-12.714992128000006,24.785010175999986,24.785010175999986,37.50000230399999,0.3966356662162623,-1.7918977772065592,2.6649085002464408,4.14004915314688,5.417649235270774,6.818425788032177,-0.6925003519999997,11.4949984,11.4949984,12.187498752,0.4056608847438209,-1.8225517309994044,1.6858727743544892,5.028101295148032,0.479892862153702,5.050950385166676,4.375250112,5.5627499904,5.5627499904,1.1874998784000006,-0.39936743192332996,-1.8318184399408663,1.1013273871658582,2.0655220323406045,2.2096143296062976,3.024694488983301,-1.6921377772799997,7.595987793382399,7.595987793382399,9.288125570662398,0.39640284108761137,-1.8236968776886393,2.5113239770326885,125000,0.0019999840000000002,31249999.999999996
Device 4,Device 4/Device4  1.mat,76,12/24/2008 4:44:16 PM.580341815,3313010656.0,1.6e-08,62499999.99999999,4.693221441560567,8.005873388454555,9.280104321153328,-9.589991936000018,24.785010175999986,24.785010175999986,34.375002112000004,0.3969424272975374,-1.7928604410685098,2.670768486891289,3.316774237450241,4.385378479761365,5.4984121119617555,-0.6925003519999997,9.619998592000002,9.619998592000002,10.312498944000001,0.4127978949161257,-1.8101190943542593,1.7495957734909984,5.044974043420263,0.4606979437296303,5.065965425675634,4.4065001088,5.750249971200001,5.750249971200001,1.3437498624000002,-0.40404194057366144,-1.8289691703238704,1.1350748550426804,2.001763272173267,2.1424194460201527,2.932067066168017,-2.536512829158401,7.1738002674432,7.1738002674432,9.7103130966016,0.40220738434416514,-1.8199870204549105,2.446669910868989,125000,0.0019999840000000002,31249999.999999996
Device 4,Device 4/Device4  1.mat,77,12/24/2008 4:44:39 PM.386342048,3313010679.0,1.6e-08,62499999.99999999,5.548019129610243,8.036035371924783,9.765161583985565,-9.905004288,25.094992128,25.094992128,34.999996416,0.41032178904028566,-1.8219850105074429,2.56984914301415,3.462229078171648,4.423635144817074,5.617435187360695,-0.8525004799999998,9.772498432000003,9.772498432000003,10.624998912000002,0.41239588827607354,-1.80834631126549,1.739672663066635,5.048622365853082,0.4668467260323428,5.070161107755756,4.4300001792,5.8362500352,5.8362500352,1.4062498559999996,-0.4055912733520929,-1.8269411414845345,1.1510975511749257,2.0144576042130415,2.1579108317752937,2.952053284929811,-2.4959828291584025,7.636517793382398,7.636517793382398,10.1325006225408,0.403402563294781,-1.8193845127358832,2.5868495776708063,125000,0.0019999840000000002,31249999.999999996
Device 4,Device 4/Device4  1.mat,78,12/24/2008 4:45:02 PM.337341785,3313010702.0,1.6e-08,62499999.99999999,5.5221091322634255,8.019901821673226,9.737171791537042,-10.530004223999995,23.219992320000003,23.219992320000003,33.749996544,0.41063791991271675,-1.8215606788812613,2.3846752236805977,3.021704123281408,3.947606425285321,4.971347131071196,-0.8525004799999998,9.459998464000002,9.459998464000002,10.312498944000001,0.40981607703881767,-1.8122954617743912,1.9029044270263256,5.057143114980557,0.45881694545639135,5.077913890056938,4.2425001984,6.5549999616,6.5549999616,2.3124997632,-0.40132354860087976,-1.8123526724261636,1.2908844268579158,2.001994628447317,2.1277200905482596,2.9215022293427406,-2.4959828291584025,6.581048978534398,6.581048978534398,9.077031807692801,0.4052659303166285,-1.817332443593569,2.252625006558683,125000,0.0019999840000000002,31249999.999999996
Device 4,Device 4/Device4  1.mat,79,12/24/2008 4:45:25 PM.196341991,3313010725.0,1.6e-08,62499999.99999999,5.5785441264844815,8.045269799176292,9.790123631122983,-11.155004159999997,25.094992128,25.094992128,36.249996288,0.4100136345631479,-1.8222428528886847,2.5632967543149876,2.7078491554201602,3.597129573009919,4.502420261762799,-0.8525004799999998,7.897498624,7.897498624,8.749999104,0.40638246887809565,-1.8173444481733985,1.7540562996906803,5.061032864582246,0.4573795185855891,5.081658162490188,4.336250188799999,6.9299999232,6.9299999232,2.5937497344000002,-0.3973666817662185,-1.7967264148936084,1.3637280788293047,1.9690758226747858,2.1258787763061684,2.897692213985363,-1.4405140143104,7.636517793382398,7.636517793382398,9.077031807692798,0.4072033864331658,-1.8148285888138858,2.6353792016024555,125000,0.0019999840000000002,31249999.999999996
Device 4,Device 4/Device4  1.mat,80,12/24/2008 4:45:48 PM.148341655,3313010748.0,1.6e-08,62499999.99999999,5.580669126266882,8.042823100222622,9.7893243545376,-11.780004095999999,23.219992320000003,23.219992320000003,34.999996416,0.40993178835970506,-1.8222963597933879,2.3719708816509844,2.8706841387458555,3.7789612783962543,4.745669159145556,-0.8525004799999998,8.209998592000002,8.209998592000002,9.062499072000001,0.40883643708324463,-1.8132287275286485,1.7299980922981553,5.039786116757914,0.4821880815220319,5.062800553905685,4.1800002048,6.8362499327999995,6.8362499327999995,2.6562497279999997,-0.4000225454846951,-1.8022492945347717,1.35029019215979,2.0374330493746533,2.2023421121874804,3.000240691977647,-2.0737953032192005,6.792142741504,6.792142741504,8.865938044723201,0.4050686811439924,-1.8197049713635673,2.2638659490438657,125000,0.0019999840000000002,31249999.999999996
Device 4,Device 4/Device4  1.mat,81,12/24/2008 4:46:11 PM.142341613,3313010771.0,1.6e-08,62499999.99999999,5.521604132315138,8.024820292021538,9.740936962799845,-11.155004159999997,25.094992128,25.094992128,36.249996288,0.41062149144401794,-1.8216881030552068,2.576240070522634,3.226546602305537,4.279452881016912,5.359507434241822,-0.8525004799999998,9.147498496,9.147498496,9.999998976,0.4062796697058851,-1.822755414506467,1.7067797009771373,5.056585615037644,0.4599973733398467,5.077465476562612,4.0550002176,6.742499942399999,6.742499942399999,2.6874997247999994,-0.40035108510670614,-1.8026138710160247,1.3279262997499686,2.009254565143367,2.130115219684096,2.928223822845393,-1.4405140143104,7.214330267443199,7.214330267443199,8.654844281753599,0.40437409417713344,-1.8189293420412123,2.463722278043944,125000,0.0019999840000000002,31249999.999999996
Device 4,Device 4/Device4  1.mat,82,12/24/2008 4:46:34 PM.055341720,3313010794.0,1.6e-08,62499999.99999999,5.553219129077762,8.025295230342277,9.759283079699536,-9.280004351999999,25.094992128,25.094992128,34.37499648,0.41024986841273503,-1.8217885709372494,2.571397091677826,3.232149101731841,4.211830561875256,5.309077556202431,-0.8525004799999998,9.147498496,9.147498496,9.999998976,0.4062361697389604,-1.8202348183362371,1.7229920639063299,5.051573615550874,0.46967844204232495,5.07336119670668,4.305000192,6.0862500096,6.0862500096,1.7812498176,-0.404785748372988,-1.8234038500619454,1.199648472407371,2.0432626147328214,2.163936116155396,2.9761622313923857,-2.4959828291584025,7.4254240304128,7.4254240304128,9.921406859571203,0.40341501054599604,-1.820609875526023,2.4949661520766107,125000,0.0019999840000000002,31249999.999999996
Device 4,Device 4/Device4  1.mat,83,12/24/2008 4:46:57 PM.093341827,3313010817.0,1.6e-08,62499999.99999999,5.530074131447811,8.02272388044301,9.744014488963922,-10.530004223999995,25.094992128,25.094992128,35.624996352,0.41051922132041,-1.821706688951596,2.575426397038162,2.567059169837057,3.452360935349924,4.302160946475005,-0.8525004799999998,7.584998656000001,7.584998656000001,8.437499136,0.41148197446787776,-1.8048146009903134,1.7630671540112426,5.062246864457932,0.45956767637930024,5.083064603749085,4.2425001984,7.273749887999999,7.273749887999999,3.031249689599999,-0.3958604505210934,-1.781212538356404,1.4309772656902973,1.9564304618978547,2.1316143596992387,2.893337161603854,-2.0737953032192005,6.792142741504,6.792142741504,8.865938044723201,0.4080846245166287,-1.8129299711129239,2.347511666334432,125000,0.0019999840000000002,31249999.999999996
Device 4,Device 4/Device4  1.mat,84,12/24/2008 4:47:17 PM.864341735,3313010837.0,1.6e-08,62499999.99999999,5.555739128819714,8.037292233102448,9.770583590952352,-11.780004095999999,23.844992255999998,23.844992255999998,35.624996352,0.41016950823974324,-1.8221643566126264,2.440488025513714,2.9468916309422077,3.8233561066707167,4.82723753330344,-0.8525004799999998,8.209998592000002,8.209998592000002,9.062499072000001,0.40711371929433876,-1.8131571948159442,1.7007654036824713,5.0685408638134275,0.44835711113708887,5.08833279053697,4.4300001792,5.7737500416,5.7737500416,1.3437498623999993,-0.40551303480488204,-1.8274262508763657,1.1347036994784883,1.9706548040217984,2.0894847716320575,2.872181569381793,-2.0737953032192005,7.003236504473597,7.003236504473597,9.077031807692798,0.4060459745209643,-1.8129196227383446,2.4382986713409522,125000,0.0019999840000000002,31249999.999999996
Device 4,Device 4/Device4  1.mat,85,12/24/2008 4:47:43 PM.112341880,3313010863.0,1.6e-08,62499999.99999999,5.595809124716546,8.042842654361094,9.797979267332176,-11.155004159999997,23.844992255999998,23.844992255999998,34.999996415999995,0.4097004388623726,-1.8225045318981992,2.4336642898911323,2.7057866556313606,3.5494600143383046,4.463176875184224,-0.8525004799999998,7.897498624,7.897498624,8.749999104,0.4066930168954313,-1.8158619130453373,1.769479194945421,5.071162113545011,0.4438536668026403,5.09054920999576,4.3675001856,6.6174999552,6.6174999552,2.2499997695999996,-0.39975151106279755,-1.8074843340186004,1.299957957818369,1.9439134461288097,2.068216101703332,2.8383652565139164,-2.4959828291584025,6.792142741504,6.792142741504,9.288125570662402,0.4078647584185314,-1.8112026584712937,2.392976987692598,125000,0.0019999840000000002,31249999.999999996
Device 4,Device 4/Device4  1.mat,86,12/24/2008 4:48:06 PM.087341785,3313010886.0,1.6e-08,62499999.99999999,5.5438141300408335,8.028680847826005,9.756720312927316,-10.530004223999995,23.844992255999998,23.844992255999998,34.37499647999999,0.41037994018144985,-1.8218471377131653,2.443955703476117,2.806429145325568,3.7160507416489335,4.656723919478412,-0.8525004799999998,8.209998592000002,8.209998592000002,9.062499072000001,0.4051536176200338,-1.8207943200078842,1.76304172932794,5.060453614641562,0.4604446699042567,5.081358094051439,4.1800002048,7.0862499072,7.0862499072,2.9062497024000002,-0.3962194406423044,-1.7873691878342681,1.3945582610081377,1.9989143482580647,2.134119892291932,2.9240598978728336,-2.7070765921280007,6.581048978534398,6.581048978534398,9.288125570662398,0.40532044073701695,-1.8177727150876173,2.250654640598134,125000,0.0019999840000000002,31249999.999999996
Device 4,Device 4/Device4  1.mat,87,12/24/2008 4:48:28 PM.988341808,3313010908.0,1.6e-08,62499999.99999999,5.570444127313922,8.03598409170402,9.777877484282886,-11.155004159999997,25.094992128,25.094992128,36.249996288,0.41009875457155265,-1.821942275818572,2.5665071144875853,2.9817041273774088,3.99738136884179,4.986944686998537,-0.8525004799999998,8.834998528,8.834998528,9.687499008,0.412285899139441,-1.8070007451343348,1.771625530765104,5.03963136677376,0.4844161066715,5.0628591998368595,4.2737501952,6.3049999871999995,6.3049999871999995,2.0312497919999997,-0.40547322920676454,-1.820581014828251,1.2453437352954957,2.0347969104626893,2.214797379932388,3.0076113281113757,-2.0737953032192005,7.4254240304128,7.4254240304128,9.499219333632,0.4054743913341805,-1.8190005646097902,2.4688775311521325,125000,0.0019999840000000002,31249999.999999996
Device 4,Device 4/Device4  1.mat,88,12/24/2008 4:48:47 PM.305341720,3313010927.0,1.6e-08,62499999.99999999,5.573934126956546,8.032689665477037,9.777159347863387,-11.155004159999997,25.094992128,25.094992128,36.249996288,0.41001324990353066,-1.8220162973336012,2.566695625502313,3.2235266026147857,4.190652187176184,5.287030311209665,-0.8525004799999998,9.147498496,9.147498496,9.999998976,0.4058283294417013,-1.8208494333549434,1.7301770478987601,5.060591864627404,0.4560118152876429,5.081096023105153,4.336250188799999,5.9925000191999995,5.9925000191999995,1.6562498304000002,-0.40469725290860603,-1.8262277092111308,1.1793715355802055,1.981383433430965,2.11961640345351,2.901491686712866,-1.651607777280001,7.214330267443199,7.214330267443199,8.8659380447232,0.4048774265736808,-1.8168340911863818,2.4864211400227716,125000,0.0019999840000000002,31249999.999999996
Device 4,Device 4/Device4  1.mat,89,12/24/2008 4:49:14 PM.743341922,3313010954.0,1.6e-08,62499999.99999999,5.502329134288898,8.00739303339959,9.715655875615433,-9.905004288,25.094992128,25.094992128,34.999996416,0.4108843471265448,-1.8211182227485974,2.5829436992497814,3.0380991216025603,3.986874983576517,5.012506200230629,-0.8525004799999998,8.522498560000002,8.522498560000002,9.374999040000002,0.40852433090667595,-1.814790200029741,1.7002469861499376,5.065301114145178,0.4501543531373861,5.08526442956597,4.3675001856,6.1487500032,6.1487500032,1.7812498176,-0.4044131683336915,-1.8238793923442855,1.2091308305327988,1.951381099087622,2.0966538777617285,2.864235618277538,-2.7070765921280007,7.4254240304128,7.4254240304128,10.1325006225408,0.4067937729937307,-1.8128072947269314,2.5924627090833465,125000,0.0019999840000000002,31249999.999999996
Device 4,Device 4/Device4  1.mat,90,12/24/2008 4:49:37 PM.691341876,3313010977.0,1.6e-08,62499999.99999999,5.526589131804675,8.027370564757282,9.745864026124785,-11.155004159999997,23.219992320000003,23.219992320000003,34.37499648,0.41062840241478055,-1.8216469241805322,2.382548356693305,2.8469566411755514,3.7962849238315752,4.7452019282265,-0.8525004799999998,8.209998592000002,8.209998592000002,9.062499072000001,0.4094899867335975,-1.8121858354448324,1.7301684345956707,5.062494864432538,0.4560584839839228,5.082995533464448,4.117500211199999,6.6799999488,6.6799999488,2.5624997376000005,-0.4005056515619911,-1.8040628057904378,1.314185681419844,1.9785632207576915,2.1186089259849896,2.898830143316148,-1.8627015402496023,6.792142741504,6.792142741504,8.654844281753602,0.4061991844036386,-1.8156933575712482,2.343063375812028,125000,0.0019999840000000002,31249999.999999996
Device 4,Device 4/Device4  1.mat,91,12/24/2008 4:50:00 PM.669342041,3313011000.0,1.6e-08,62499999.99999999,5.566019127767042,8.03658900572898,9.775854529281442,-11.155004159999997,25.094992128,25.094992128,36.249996288,0.4101185403263184,-1.8220544698537156,2.5670382116298294,3.4990815743979513,4.692575527329611,5.853532005890464,-0.8525004799999998,9.772498432000003,9.772498432000003,10.624998912000002,0.4055310503784603,-1.8265466905449108,1.6695045695771111,5.037048367038259,0.4883085665343599,5.060662161025337,3.9925002239999996,6.429999974399999,6.429999974399999,2.4374997503999998,-0.4031454918808835,-1.816269858994042,1.2705847120008544,2.065557493602619,2.2176855234026136,3.0306198772012727,-2.0737953032192005,7.4254240304128,7.4254240304128,9.499219333632,0.403948582106977,-1.820304653522914,2.450133745334653,125000,0.0019999840000000002,31249999.999999996
Device 4,Device 4/Device4  1.mat,92,12/24/2008 4:50:23 PM.612341880,3313011023.0,1.6e-08,62499999.99999999,5.591894125117442,8.04237890139248,9.795363102003208,-11.155004159999997,23.219992320000003,23.219992320000003,34.37499648,0.4096999257311807,-1.8225490724347844,2.370508584337357,3.3426915904122887,4.458106945369411,5.572100555891288,-0.8525004799999998,9.459998464000002,9.459998464000002,10.312498944000001,0.4065469516130754,-1.8230717431483914,1.697743672984886,5.031199867637145,0.4940841018155087,5.055402180616184,3.9300002303999997,6.6799999488,6.6799999488,2.7499997184000002,-0.4008834954768394,-1.8091644223859218,1.3213587584412125,2.070801062674784,2.24561655749476,3.054670320095056,-2.0737953032192005,6.792142741504,6.792142741504,8.865938044723201,0.4046968391596755,-1.8203232246225276,2.2235272647336424,125000,0.0019999840000000002,31249999.999999996
Device 4,Device 4/Device4  1.mat,93,12/24/2008 4:50:41 PM.980341911,3313011041.0,1.6e-08,62499999.99999999,5.553169129082883,8.02749007143196,9.761059585062364,-10.530004223999995,23.219992320000003,23.219992320000003,33.749996544,0.41028912273996526,-1.8218141544914805,2.378839317355898,3.4625015781437436,4.6168058997484644,5.77094566727154,-0.8525004799999998,9.772498432000003,9.772498432000003,10.624998912000002,0.40572541257411776,-1.8252383120962967,1.6933963678469992,5.054670615233742,0.46373507780569906,5.075898467354809,4.0237502208,6.3674999808,6.3674999808,2.3437497599999997,-0.404416230319385,-1.8170526108453684,1.254457712610292,2.003896161064147,2.147970177824074,2.9375799068534647,-2.4959828291584025,6.792142741504,6.792142741504,9.288125570662402,0.40320044457895565,-1.820721447012069,2.312155909583164,125000,0.0019999840000000002,31249999.999999996
Device 4,Device 4/Device4  1.mat,94,12/24/2008 4:51:09 PM.536341667,3313011069.0,1.6e-08,62499999.99999999,5.52722413173965,8.018078888399021,9.738572568044829,-9.905004288,25.094992128,25.094992128,34.999996416,0.41062065910806106,-1.8214624971263138,2.576865547045794,3.787971544815617,4.988698763065551,6.263852151267986,-0.8525004799999998,10.397498368,10.397498368,11.249998848,0.40525193419861205,-1.8261778492493002,1.6599207830751952,5.041824866549145,0.47596113203153806,5.064241007708663,4.117500211199999,6.0550000128,6.0550000128,1.9374998016000005,-0.40594404147104046,-1.8227348656933502,1.1956382019700935,2.05249501155006,2.171938925468849,2.9883196730612105,-2.2848890661888013,7.4254240304128,7.4254240304128,9.7103130966016,0.40152289921401885,-1.8222996635757673,2.484815830565495,125000,0.0019999840000000002,31249999.999999996
Device 4,Device 4/Device4  1.mat,95,12/24/2008 4:51:32 PM.612341880,3313011092.0,1.6e-08,62499999.99999999,5.541269130301442,8.037289874061821,9.762360989746712,-9.905004288,25.719992063999996,25.719992063999996,35.624996352,0.4105200840421229,-1.8217403221402613,2.634607764557507,3.612001562834944,4.687822284454079,5.917958521360753,-0.8525004799999998,10.0849984,10.0849984,10.93749888,0.4054047668407501,-1.824270988734092,1.704134688271031,5.043172616411137,0.4747597929031751,5.065470057149347,4.2112502015999995,6.023750015999999,6.023750015999999,1.8124998143999997,-0.40567320856941746,-1.824098980279616,1.1891788813356319,2.0430852959719275,2.182294725127991,2.9894159620130067,-2.4959828291584025,7.4254240304128,7.4254240304128,9.921406859571203,0.40228359240181055,-1.8216419543033802,2.483904590317596,125000,0.0019999840000000002,31249999.999999996
Device 4,Device 4/Device4  1.mat,96,12/24/2008 4:51:55 PM.454341888,3313011115.0,1.6e-08,62499999.99999999,5.552754129125378,8.029540698459671,9.762510038240125,-12.405004032,23.219992320000003,23.219992320000003,35.624996352000004,0.410218995400201,-1.821915043129521,2.3784858841677403,3.3582940888145925,4.394190050624848,5.530555612954041,-0.8525004799999998,9.459998464000002,9.459998464000002,10.312498944000001,0.40775112141231235,-1.8180325400002406,1.7104969420870038,5.041404866592153,0.48068527415990553,5.06426908464521,4.2737501952,6.0862500096,6.0862500096,1.8124998143999997,-0.40527220752363835,-1.8239947718183276,1.2018022557398107,2.0263683586948384,2.192368970050044,2.9854062413611153,-2.2848890661888013,6.581048978534398,6.581048978534398,8.8659380447232,0.4031836205080709,-1.8214520354692865,2.2044065184019805,125000,0.0019999840000000002,31249999.999999996
Device 4,Device 4/Device4  1.mat,97,12/24/2008 4:52:18 PM.124341964,3313011138.0,1.6e-08,62499999.99999999,5.556329128759297,8.03654255047261,9.770302428924904,-11.780004095999999,24.469992192000007,24.469992192000007,36.249996288000006,0.41021399528835406,-1.8219819669427928,2.5045276100724156,3.440434080403456,4.514145500530571,5.67574631758344,-0.8525004799999998,9.459998464000002,9.459998464000002,10.312498944000001,0.4065453395024945,-1.8210633773851017,1.6667408891572486,5.031445867611955,0.4956259758490382,5.055797921856225,4.2112502015999995,6.0862500096,6.0862500096,1.874999808,-0.4038341252097203,-1.8272342120163005,1.2038159166309097,2.082493968393196,2.2533262040735473,3.068266629606779,-2.0737953032192005,7.4254240304128,7.4254240304128,9.499219333632,0.40406393020456965,-1.8200914988173071,2.4200713063076993,125000,0.0019999840000000002,31249999.999999996
Device 4,Device 4/Device4  1.mat,98,12/24/2008 4:52:36 PM.375341892,3313011156.0,1.6e-08,62499999.99999999,5.4909741354516495,7.9972752698231435,9.70088700570849,-11.780004095999999,24.469992192000007,24.469992192000007,36.249996288000006,0.4109607817717659,-1.8208761605917623,2.522448944885208,3.8738490360217606,5.028105961719225,6.347326674763411,-0.8525004799999998,10.709998336000002,10.709998336000002,11.562498816000002,0.40521090006368227,-1.8247034594477396,1.6873242681178378,5.048982365816217,0.46902983254659464,5.07072104479647,4.2425001984,5.805000038399999,5.805000038399999,1.5624998399999992,-0.4049771283248881,-1.8266245683832985,1.1448076096311863,2.025566202395554,2.1665310075972077,2.965935779339687,-1.8627015402496023,7.214330267443199,7.214330267443199,9.077031807692801,0.40100048170275115,-1.8227196267505796,2.4323959802829385,125000,0.0019999840000000002,31249999.999999996
Device 4,Device 4/Device4  1.mat,99,12/24/2008 4:53:03 PM.575341701,3313011183.0,1.6e-08,62499999.99999999,5.565229127847938,8.036004538595519,9.774924254937984,-12.405004032,24.469992192000007,24.469992192000007,36.87499622400001,0.4100858923646465,-1.8220833654709623,2.5033434074579697,3.415321582974976,4.530626356907013,5.6737110167010805,-0.8525004799999998,9.459998464000002,9.459998464000002,10.312498944000001,0.4064580235619231,-1.822541163778301,1.6673387904589505,5.055147615184896,0.4603165492065215,5.07606232593562,4.1800002048,6.117500006399999,6.117500006399999,1.9374998015999996,-0.4046198249505873,-1.8233016494828203,1.2051664486354432,2.0209204508601193,2.138530449883238,2.942351432746005,-1.4405140143104,7.636517793382398,7.636517793382398,9.077031807692798,0.4031031577134831,-1.820370911690918,2.5953792291410522,125000,0.0019999840000000002,31249999.999999996
Device 4,Device 4/Device4  1.mat,100,12/24/2008 4:53:17 PM.520341873,3313011197.0,1.6e-08,62499999.99999999,5.5177491327098895,8.0191458033235,9.73407699304262,-11.155004159999997,25.094992128,25.094992128,36.249996288,0.4106890930851747,-1.8215050183566457,2.5780556436872764,3.2723840976117775,4.309123634387403,5.410826570750401,-0.8525004799999998,9.459998464000002,9.459998464000002,10.312498944000001,0.40798304717323386,-1.8181658110267922,1.7483462721090395,5.039597866777191,0.4816707378930735,5.062563911553874,4.2112502015999995,6.3049999871999995,6.3049999871999995,2.0937497856,-0.404097888606073,-1.8200734143662745,1.2454163734724644,2.0365126805681055,2.1938120239136754,2.9933584974711773,-1.651607777280001,7.4254240304128,7.4254240304128,9.077031807692801,0.4041241296879513,-1.8204854873074632,2.4806330537040187,125000,0.0019999840000000002,31249999.999999996
Device 4,Device 4/Device4  1.mat,101,12/24/2008 4:53:17 PM.520341873,3313011197.0,1.6e-08,62499999.99999999,5.5177491327098895,8.0191458033235,9.73407699304262,-11.155004159999997,25.094992128,25.094992128,36.249996288,0.4106890930851747,-1.8215050183566457,2.5780556436872764,3.2723840976117775,4.309123634387403,5.410826570750401,-0.8525004799999998,9.459998464000002,9.459998464000002,10.312498944000001,0.40798304717323386,-1.8181658110267922,1.7483462721090395,5.039597866777191,0.4816707378930735,5.062563911553874,4.2112502015999995,6.3049999871999995,6.3049999871999995,2.0937497856,-0.404097888606073,-1.8200734143662745,1.2454163734724644,2.0365126805681055,2.1938120239136754,2.9933584974711773,-1.651607777280001,7.4254240304128,7.4254240304128,9.077031807692801,0.4041241296879513,-1.8204854873074632,2.4806330537040187,125000,0.0019999840000000002,31249999.999999996
Device 4,Device 4/Device4  1.mat,102,12/24/2008 4:53:17 PM.520341873,3313011197.0,1.6e-08,62499999.99999999,5.5177491327098895,8.0191458033235,9.73407699304262,-11.155004159999997,25.094992128,25.094992128,36.249996288,0.4106890930851747,-1.8215050183566457,2.5780556436872764,3.2723840976117775,4.309123634387403,5.410826570750401,-0.8525004799999998,9.459998464000002,9.459998464000002,10.312498944000001,0.40798304717323386,-1.8181658110267922,1.7483462721090395,5.039597866777191,0.4816707378930735,5.062563911553874,4.2112502015999995,6.3049999871999995,6.3049999871999995,2.0937497856,-0.404097888606073,-1.8200734143662745,1.2454163734724644,2.0365126805681055,2.1938120239136754,2.9933584974711773,-1.651607777280001,7.4254240304128,7.4254240304128,9.077031807692801,0.4041241296879513,-1.8204854873074632,2.4806330537040187,125000,0.0019999840000000002,31249999.999999996
Device 4,Device 4/Device4  1.mat,103,12/24/2008 4:53:17 PM.520341873,3313011197.0,1.6e-08,62499999.99999999,5.5177491327098895,8.0191458033235,9.73407699304262,-11.155004159999997,25.094992128,25.094992128,36.249996288,0.4106890930851747,-1.8215050183566457,2.5780556436872764,3.2723840976117775,4.309123634387403,5.410826570750401,-0.8525004799999998,9.459998464000002,9.459998464000002,10.312498944000001,0.40798304717323386,-1.8181658110267922,1.7483462721090395,5.039597866777191,0.4816707378930735,5.062563911553874,4.2112502015999995,6.3049999871999995,6.3049999871999995,2.0937497856,-0.404097888606073,-1.8200734143662745,1.2454163734724644,2.0365126805681055,2.1938120239136754,2.9933584974711773,-1.651607777280001,7.4254240304128,7.4254240304128,9.077031807692801,0.4041241296879513,-1.8204854873074632,2.4806330537040187,125000,0.0019999840000000002,31249999.999999996
Device 4,Device 4/Device4  1.mat,104,12/24/2008 4:54:49 PM.765341758,3313011289.0,1.6e-08,62499999.99999999,5.510614133440515,8.016347943719401,9.727728536634265,-9.905004288,25.094992128,25.094992128,34.999996416,0.41087788979738293,-1.8212589627345908,2.579738120106168,4.415248980582402,5.778102384213219,7.2719248292996275,-0.8525004799999998,12.584998144000004,12.584998144000004,13.437498624000003,0.4086273023245329,-1.8168021075016363,1.730628195342895,2.3762078895083527,0.1360751309996879,2.3801009170701812,2.2112504064,2.8362503423999996,2.8362503423999996,0.6249999359999996,-0.35238124312486585,-1.7765449751327627,1.191651295984257,1.9969925506399888,2.1747528385301242,2.9525462157274425,-2.4959828291584025,7.636517793382398,7.636517793382398,10.1325006225408,0.4008941926004464,-1.8225417793554672,2.5864177003241005,125000,0.0019999840000000002,31249999.999999996
Device 4,Device 4/Device4  1.mat,105,12/24/2008 4:55:12 PM.170341968,3313011312.0,1.6e-08,62499999.99999999,5.50404913411277,8.010371105059171,9.71908442763486,-11.155004159999997,25.094992128,25.094992128,36.249996288,0.4108543114937998,-1.8210951914372335,2.582032527327975,4.25717899676877,5.567454665240239,7.008575066305164,-0.8525004799999998,11.959998208000002,11.959998208000002,12.812498688000002,0.40539045847051874,-1.8236428202699,1.7064807175283876,2.376291639499776,0.13610077541050328,2.3801859963086653,2.2112504064,2.8362503423999996,2.8362503423999996,0.6249999359999996,-0.3531401899518343,-1.777005677788747,1.1916087006639926,1.9737570379623994,2.154897503474005,2.9222080855723815,-2.4959828291584025,6.792142741504,6.792142741504,9.288125570662402,0.40231588968318216,-1.8205407644155582,2.3243186462450716,125000,0.0019999840000000002,31249999.999999996
Device 4,Device 4/Device4  1.mat,106,12/24/2008 4:55:32 PM.380342006,3313011332.0,1.6e-08,62499999.99999999,5.47517413706957,8.00131552034332,9.695286580979566,-11.155004159999997,25.094992128,25.094992128,36.249996288,0.41112771438598267,-1.8209819581979134,2.588370330097506,4.20162900245709,5.448814789720106,6.88064451101502,-0.8525004799999998,11.647498240000001,11.647498240000001,12.49999872,0.4050211127649788,-1.8239058838033226,1.6927917466676075,2.375647639565722,0.13554825521591568,2.3795115122365478,2.2112504064,2.8675003392,2.8675003392,0.6562499327999998,-0.3533251237984224,-1.7755999340985757,1.205079414179754,1.9598164058558871,2.143895268329153,2.904680234763547,-2.4959828291584025,6.792142741504,6.792142741504,9.288125570662402,0.40304130148698253,-1.819268185036434,2.3383443933741326,125000,0.0019999840000000002,31249999.999999996
Device 4,Device 4/Device4  1.mat,107,12/24/2008 4:56:03 PM.794342041,3313011363.0,1.6e-08,62499999.99999999,5.549334129475585,8.028750647692236,9.759915278494024,-9.280004351999999,25.719992063999996,25.719992063999996,34.999996415999995,0.4102850517272668,-1.8219522554039058,2.635267963921163,5.179776402294784,6.7535718033618615,8.511217050512476,-0.8525004799999998,14.147497984000001,14.147497984000001,14.999998464,0.40715671456866764,-1.827019835923436,1.6622179765875145,2.377797389345587,0.13778396506121443,2.381786062140485,2.2112504064,3.3050002943999996,3.3050002943999996,1.0937498879999996,-0.2795689245923449,-1.3122709781758035,1.3876142559293643,2.076542813027557,2.256529677656865,3.0665870671615685,-2.2848890661888013,7.847611556351999,7.847611556351999,10.1325006225408,0.4031128132502649,-1.8212078769217563,2.5590701925237505,125000,0.0019999840000000002,31249999.999999996
Device 4,Device 4/Device4b  1.mat,0,12/24/2008 5:10:17 PM.909341812,3313012217.0,8e-09,124999999.99999999,4.704082552901939,5.906170593173221,7.550579033437142,-3.9374991871999994,11.9374991872,11.9374991872,15.8749983744,0.4081069504205067,-1.8332992706279567,1.5810044679137494,4.692436210344523,5.9132981704585985,7.548910705585376,-0.20703081919999988,11.9374991872,11.9374991872,12.1445300064,0.4053848128569922,-1.8325923060086444,1.5813538737936779,1.9577395760585214,0.6321705427293448,2.057275830500255,1.0668944432,3.53759772,3.53759772,2.4707032768,-0.400263441158727,-1.8267234478503116,1.719554406634809,2.6102503317883192,2.9158258711032645,3.913495535348947,-1.895211105024,8.583219643104,8.583219643104,10.478430748128,0.4057878643282576,-1.8314908133275383,2.1932360892137,125000,0.0009999920000000001,62499999.99999999
Device 4,Device 4/Device4b  1.mat,1,12/24/2008 5:10:41 PM.321341991,3313012241.0,1.6e-08,62499999.99999999,4.723208934187005,8.021934300248473,9.309142417725003,-12.564992128,24.93501017599999,24.93501017599999,37.50000230399999,0.3955062928578504,-1.793232780873465,2.6785507254161964,4.715314021535743,6.136988449147331,7.739303169320824,-1.0900003839999997,12.972498176000002,12.972498176000002,14.062498560000002,0.4027056232744206,-1.8215348006795469,1.6761842626121632,2.068661725007462,0.5133499597712756,2.1314055254005564,1.3285003008,2.70350016,2.70350016,1.3749998592,-0.39064457313828754,-1.8164305402190355,1.2684119130693956,2.170474447227142,2.3508228667854127,3.1995823910421737,-2.737474118067198,7.817214030412802,7.817214030412802,10.55468814848,0.3963427314818217,-1.8292075706736286,2.4431982287121428,125000,0.0019999840000000002,31249999.999999996
Device 4,Device 4/Device4b  1.mat,2,12/24/2008 5:11:04 PM.392341613,3313012264.0,1.6e-08,62499999.99999999,4.733708934832125,8.022024485295516,9.314551901320336,-14.127492224000008,24.93501017599999,24.93501017599999,39.0625024,0.3953436017099046,-1.7928147545069169,2.6769951405247374,4.568306536589311,5.94221758144339,7.495290147650028,-1.0900003839999997,12.659998208000001,12.659998208000001,13.749998592,0.4016446947352355,-1.8208120836666124,1.6890604577821775,2.097064722098995,0.47613479620869253,2.150438279242822,1.3910002944,2.70350016,2.70350016,1.3124998656,-0.38930095548082705,-1.8134373347157515,1.257185656568536,2.0181171016163084,2.1712745833841787,2.9643262223119686,-2.1041928291584004,7.183932741504002,7.183932741504002,9.288125570662402,0.3961834898942087,-1.8254419517578049,2.4234622651959787,125000,0.0019999840000000002,31249999.999999996
Device 4,Device 4/Device4b  1.mat,3,12/24/2008 5:11:27 PM.117341995,3313012287.0,1.6e-08,62499999.99999999,4.8797964438077415,8.015424735674866,9.38399952185992,-12.564992128,24.93501017599999,24.93501017599999,37.50000230399999,0.39763979797075405,-1.792505917706617,2.6571836579823103,4.313976562632704,5.636533277790777,7.09795049113384,-1.0900003839999997,12.034998272,12.034998272,13.124998655999999,0.4029125073099685,-1.8186023134093963,1.695559624856936,2.1183277199216635,0.4559607399938982,2.1668439088693723,1.4535002880000003,2.70350016,2.70350016,1.2499998719999996,-0.39048861202555,-1.806900878360515,1.2476672403277296,1.9599413492919902,2.083227101781686,2.8602806243902417,-2.737474118067198,6.761745215564799,6.761745215564799,9.499219333631997,0.3981337806107478,-1.8227844509533995,2.364014620770393,125000,0.0019999840000000002,31249999.999999996
Device 4,Device 4/Device4b  1.mat,4,12/24/2008 5:11:49 PM.868341922,3313012309.0,1.6e-08,62499999.99999999,4.746296435605501,8.02264720385374,9.321491190369905,-14.127492224000008,23.372510079999984,23.372510079999984,37.50000230399999,0.39592176446772265,-1.7931140373221341,2.507378873473193,4.26034156812493,5.5485587866460095,6.995499616607796,-1.0900003839999997,12.034998272,12.034998272,13.124998655999999,0.403686754949055,-1.8188724841123227,1.7203915276370094,2.1204027197091837,0.45527723069942866,2.168728902039959,1.4535002880000003,2.70350016,2.70350016,1.2499998719999996,-0.391252423215184,-1.805748677330316,1.2465828059270212,1.9469565497442038,2.08348109295191,2.851584344058569,-1.6820053032191984,7.395026504473599,7.395026504473599,9.077031807692798,0.39996361614584636,-1.8215645388734703,2.5933044975090915,125000,0.0019999840000000002,31249999.999999996
Device 4,Device 4/Device4b  1.mat,5,12/24/2008 5:12:12 PM.598341941,3313012332.0,1.6e-08,62499999.99999999,4.766433936842749,7.999430918513856,9.311809034465952,-11.002492031999992,24.93501017599999,24.93501017599999,35.937502207999984,0.39615503986380374,-1.7934717982333979,2.6777836705743887,4.346396559312897,5.611627297764602,7.097994363186254,-0.7775004159999996,12.34749824,12.34749824,13.124998655999999,0.403591309934145,-1.815458206166771,1.7395756615474782,2.119590219792384,0.45461248011186856,2.167795010353376,1.4535002880000003,2.70350016,2.70350016,1.2499998719999996,-0.3892062836065037,-1.8072211910526976,1.2471198370178451,1.955086192743689,2.0805026216636757,2.854969908739222,-2.737474118067198,6.761745215564799,6.761745215564799,9.499219333631997,0.39709795316306,-1.823445626014087,2.3684120784834612,125000,0.0019999840000000002,31249999.999999996
Device 4,Device 4/Device4b  1.mat,6,12/24/2008 5:12:35 PM.713341712,3313012355.0,1.6e-08,62499999.99999999,4.784671437963261,8.006531773777597,9.327252104117893,-12.564992128,21.810009984000004,21.810009984000004,34.375002112000004,0.3959576314347047,-1.7929467374801273,2.338310334119852,4.201921574107137,5.457892163833967,6.8880136314460945,-0.7775004159999996,12.034998272,12.034998272,12.812498687999998,0.4050072014652837,-1.812289662275238,1.7472378708799576,3.013272628279296,0.5616129360137269,3.0651624789291634,2.2035002112,3.641000064,3.641000064,1.4374998527999998,-0.3917735511154016,-1.8174924953743687,1.1878652727316463,2.3785639237621594,2.602839785788822,3.52595253653648,-2.5263803550976,7.817214030412802,7.817214030412802,10.343594385510402,0.4003387373479653,-1.8225528573038954,2.217050272063957,125000,0.0019999840000000002,31249999.999999996
Device 4,Device 4/Device4b  1.mat,7,12/24/2008 5:12:58 PM.433341979,3313012378.0,1.6e-08,62499999.99999999,4.852546442133502,8.017417612825511,9.371562951370876,-14.127492224000008,24.93501017599999,24.93501017599999,39.0625024,0.3970764300349277,-1.7925152391921146,2.660709884294432,3.067146690308096,4.069056846011596,5.095548295909062,-0.7775004159999996,8.909998592,8.909998592,9.687499008,0.406489154957201,-1.8177804338281764,1.7485848577185215,3.0811861213249525,0.48489958986356907,3.1191081299780827,2.391000192,3.8285000448,3.8285000448,1.4374998528000003,-0.40006187486079986,-1.8030351616924127,1.227434216853169,2.049127619771594,2.2255300873568156,3.0252120870843475,-1.6820053032191984,7.606120267443201,7.606120267443201,9.288125570662398,0.41007013794140423,-1.8142185589098128,2.5142436458971913,125000,0.0019999840000000002,31249999.999999996
Device 4,Device 4/Device4b  1.mat,8,12/24/2008 5:13:21 PM.034341812,3313012401.0,1.6e-08,62499999.99999999,4.704046433009661,8.05630213824848,9.329097329680827,-12.564992128,23.372510079999984,23.372510079999984,35.937502207999984,0.3957493384203476,-1.7938184525492142,2.5053345735433137,3.287841667708928,4.3388128167186935,5.4438221398614255,-0.7775004159999996,9.534998528000001,9.534998528000001,10.312498944000001,0.4061967545283468,-1.8197430229522393,1.7515264611938108,3.0789996215488507,0.49778413343792505,3.118978632982361,2.3285001984,3.8285000448,3.8285000448,1.4999998464000002,-0.3975053118799647,-1.8140677660661866,1.2274851787423744,2.1184964077836117,2.2833220811080848,3.1147370283649667,-2.737474118067198,7.183932741504002,7.183932741504002,9.9214068595712,0.4082681289783373,-1.8173894438348437,2.30643315184624,125000,0.0019999840000000002,31249999.999999996
Device 4,Device 4/Device4b  1.mat,9,12/24/2008 5:13:43 PM.692341804,3313012423.0,1.6e-08,62499999.99999999,4.712458933526525,8.012636680530548,9.29567726281187,-12.564992128,24.93501017599999,24.93501017599999,37.50000230399999,0.39550401279001884,-1.7940500439762712,2.6824307117195834,4.087429085831169,5.391755872751646,6.765952107652735,-1.0900003839999997,12.34749824,12.34749824,13.437498624,0.42300871104390947,-1.787104411428823,1.8249461485301042,3.0629041231970304,0.5041915188913542,3.1041247970433377,2.2660002048,3.8285000448,3.8285000448,1.56249984,-0.39067584232352837,-1.8205096026551264,1.233358932104349,2.1614176804206946,2.3556650824284415,3.1970117875615927,-2.737474118067198,7.183932741504002,7.183932741504002,9.9214068595712,0.4037860814716513,-1.8231730429048607,2.2470773393623587,125000,0.0019999840000000002,31249999.999999996
Device 4,Device 4/Device4b  1.mat,10,12/24/2008 5:14:06 PM.568341732,3313012446.0,1.6e-08,62499999.99999999,4.820333940154367,8.030499366090053,9.366137910760063,-11.002492031999992,24.93501017599999,24.93501017599999,35.937502207999984,0.3964220964728043,-1.7927752599234164,2.662251016756224,4.699296523175934,6.187960908754545,7.770086744754386,-1.0900003839999997,12.972498176000002,12.972498176000002,14.062498560000002,0.40686499530041825,-1.8210066201500434,1.6695435459273067,3.065605122920448,0.5122231962153633,3.1081035009177507,2.2660002048,3.7660000512,3.7660000512,1.4999998463999997,-0.39111246947400347,-1.8208210195182384,1.211671377767178,2.197578886392438,2.380851256747863,3.2400317388377093,-2.5263803550976,8.0283077933824,8.0283077933824,10.55468814848,0.39968395800424195,-1.827630890702885,2.4778485028860797,125000,0.0019999840000000002,31249999.999999996
Device 4,Device 4/Device4b  1.mat,11,12/24/2008 5:14:29 PM.472342014,3313012469.0,1.6e-08,62499999.99999999,4.731846434717692,8.020283520337209,9.312106014664092,-12.564992128,24.93501017599999,24.93501017599999,37.50000230399999,0.3960381332194155,-1.7931573420487121,2.677698271125133,3.6392716317224965,4.833311764999249,6.050223188208868,-1.0900003839999997,10.159998464000001,10.159998464000001,11.249998848,0.41086711633050943,-1.8150269299655595,1.6792766395462193,3.068186622656102,0.5005606722994247,3.1087505750861895,2.2660002048,4.0160000256,4.0160000256,1.7499998208000003,-0.3918801896333175,-1.8174142179956276,1.2918373245459416,2.1283874171413157,2.315671565515745,3.1452134739606503,-2.5263803550976,7.606120267443201,7.606120267443201,10.1325006225408,0.4078912548904597,-1.819125245668274,2.418316063572339,125000,0.0019999840000000002,31249999.999999996
Device 4,Device 4/Device4b  1.mat,12,12/24/2008 5:14:52 PM.089341640,3313012492.0,1.6e-08,62499999.99999999,4.8083964394209255,8.032427239589337,9.361653896504217,-12.564992128,24.93501017599999,24.93501017599999,37.50000230399999,0.3965461249638151,-1.7926162672338946,2.6635261730099957,4.23579157063885,5.569395354360531,6.997149051082719,-1.0900003839999997,11.722498304000002,11.722498304000002,12.812498688000002,0.404923502083249,-1.8234248253912135,1.6753249385456632,3.077707621681151,0.4873486093670192,3.116054054666931,2.3285001984,3.7035000576,3.7035000576,1.3749998592,-0.39377612149248026,-1.8101537354208208,1.1885224044984868,2.071407299890458,2.2209074415930408,3.0369652724657263,-2.5263803550976,6.9728389785344005,6.9728389785344005,9.499219333632,0.40297359934769067,-1.820379627360288,2.295989039371899,125000,0.0019999840000000002,31249999.999999996
Device 4,Device 4/Device4b  1.mat,13,12/24/2008 5:15:14 PM.865341663,3313012514.0,1.6e-08,62499999.99999999,4.870796443254782,7.973953068383713,9.34390633131612,-12.564992128,24.93501017599999,24.93501017599999,37.50000230399999,0.39689447038202247,-1.7924201344252222,2.6685852032174444,4.293251564754946,5.6164494148597415,7.069406837065548,-1.0900003839999997,12.034998272,12.034998272,13.124998655999999,0.41267536345470707,-1.805563746500759,1.70240566845006,3.088550620570828,0.4735295373864161,3.1246400046414697,2.391000192,3.641000064,3.641000064,1.249999872,-0.3952434875339854,-1.8012981524890501,1.1652542560395782,2.02807903847837,2.169474507656567,2.9698020515999133,-1.8930990661887996,7.183932741504002,7.183932741504002,9.077031807692801,0.4009096618023807,-1.8216705205934265,2.4189937971232194,125000,0.0019999840000000002,31249999.999999996
Device 4,Device 4/Device4b  1.mat,14,12/24/2008 5:15:37 PM.571341991,3313012537.0,1.6e-08,62499999.99999999,4.693946432389117,8.038462370376868,9.308598733971909,-12.564992128,21.810009984000004,21.810009984000004,34.375002112000004,0.3956363426982241,-1.7941350794250832,2.342996041327247,3.562519139581952,4.711624253180802,5.906855823790631,-1.0900003839999997,10.159998464000001,10.159998464000001,11.249998848,0.41167610547899475,-1.8108881049439123,1.7200349504180015,3.1037551190138877,0.45012000453309275,3.1362244590089188,2.4535001856000003,3.8285000448,3.8285000448,1.3749998592,-0.39767459299499197,-1.7944518628489552,1.2207353443094593,1.9477316860418283,2.0773809655143696,2.8476605128934795,-1.8930990661887996,7.183932741504002,7.183932741504002,9.077031807692801,0.40662591692832123,-1.817268243347202,2.5227490106271406,125000,0.0019999840000000002,31249999.999999996
Device 4,Device 4/Device4b  1.mat,15,12/24/2008 5:16:00 PM.285341739,3313012560.0,1.6e-08,62499999.99999999,4.681446431621117,8.029410727886146,9.294481014517768,-11.002492031999992,24.93501017599999,24.93501017599999,35.937502207999984,0.3959098297781919,-1.7943750697768521,2.682775954574771,3.7606816192901125,4.91179735427763,6.186152236338451,-0.7775004159999996,10.472498432000002,10.472498432000002,11.249998848,0.40743521210921485,-1.8219974602181712,1.6928937458866378,3.10825411855319,0.449049449601059,3.1405236941774355,2.3285001984,3.8910000384,3.8910000384,1.56249984,-0.39730379849659336,-1.7951423447394865,1.2389653501465236,1.9433493795225796,2.086177127782017,2.8510948457341123,-2.5263803550976,6.9728389785344005,6.9728389785344005,9.499219333632,0.40660181052529476,-1.817730244877308,2.4456706478801844,125000,0.0019999840000000002,31249999.999999996
Device 4,Device 4/Device4b  1.mat,16,12/24/2008 5:16:23 PM.456341743,3313012583.0,1.6e-08,62499999.99999999,4.639446429040636,8.046234463730618,9.287968142347617,-12.564992128,24.93501017599999,24.93501017599999,37.50000230399999,0.39540693158196494,-1.7947071338186438,2.6846571600855476,3.2896066675281914,4.354054760466062,5.457041770426823,-0.7775004159999996,9.222498560000002,9.222498560000002,9.999998976,0.40851913555582325,-1.820623609934539,1.6900179525799495,3.579220070326272,0.4805267259065384,3.611332475158838,2.70350016,4.890999936,4.890999936,2.187499776,-0.4021835931409353,-1.7986532117267817,1.3543477288905332,2.035708811447143,2.1896633967717802,2.9897719237703853,-2.5263803550976,6.761745215564799,6.761745215564799,9.288125570662398,0.40856639812514906,-1.8172518871618621,2.2616257654321665,125000,0.0019999840000000002,31249999.999999996
Device 4,Device 4/Device4b  1.mat,17,12/24/2008 5:16:41 PM.630342006,3313012601.0,1.6e-08,62499999.99999999,4.778896437608445,8.044101107013654,9.356570620758708,-12.564992128,23.372510079999984,23.372510079999984,35.937502207999984,0.3959870258158823,-1.7930347430612728,2.4979782686773273,3.348709161476096,4.454510120049401,5.572837110285611,-0.7775004159999996,9.534998528000001,9.534998528000001,10.312498944000001,0.4068494672532124,-1.825281123343683,1.710977432016011,3.5889170693332995,0.4708883925087613,3.619677003373561,2.5785001728,5.203499904,5.203499904,2.6249997312,-0.39775952819644017,-1.7928641122434499,1.4375591797694398,1.988197516028049,2.1322177597971863,2.9153527981934935,-2.1041928291584004,6.5506514525952015,6.5506514525952015,8.654844281753602,0.40705383168769427,-1.81922541940781,2.2469498225581246,125000,0.0019999840000000002,31249999.999999996
Device 4,Device 4/Device4b  1.mat,18,12/24/2008 5:17:08 PM.905341625,3313012628.0,1.6e-08,62499999.99999999,4.740396435243005,7.9992160901160725,9.298323312277137,-12.564992128,21.810009984000004,21.810009984000004,34.375002112000004,0.39607148655320773,-1.7939872894014623,2.345585247095348,3.3919141570519042,4.4732497719481135,5.613826250521384,-0.7775004159999996,9.534998528000001,9.534998528000001,10.312498944000001,0.4068352391511329,-1.824411103952164,1.6984847949496902,3.5916215690563593,0.47133878419807973,3.6224171135859247,2.70350016,4.8284999424,4.8284999424,2.1249997823999998,-0.3997807989460482,-1.8043058103291947,1.3329497379776185,1.9785530641854938,2.1340461821903727,2.910124625427426,-2.1041928291584004,6.5506514525952015,6.5506514525952015,8.654844281753602,0.4073268785730948,-1.8191524681801068,2.2509865712823456,125000,0.0019999840000000002,31249999.999999996
Device 4,Device 4/Device4b  1.mat,19,12/24/2008 5:17:31 PM.575341701,3313012651.0,1.6e-08,62499999.99999999,4.8004714389340135,7.986076584707429,9.317829428189459,-12.564992128,24.93501017599999,24.93501017599999,37.50000230399999,0.39636470786985833,-1.7928692481144655,2.676053513124365,3.3860941576478716,4.494639241768958,5.627380879068564,-0.7775004159999996,9.534998528000001,9.534998528000001,10.312498944000001,0.40720019068729396,-1.8236712747010297,1.6943936678368605,3.587079069521511,0.475666878625319,3.6184796849534004,2.70350016,4.7659999488,4.7659999488,2.0624997888000003,-0.40111992126087676,-1.804677574067378,1.317127734230012,2.0049921358099105,2.148540887431271,2.938744869774091,-2.3152865921279986,7.606120267443201,7.606120267443201,9.9214068595712,0.40693259486255867,-1.819164864154288,2.5882206875712566,125000,0.0019999840000000002,31249999.999999996
Device 4,Device 4/Device4b  1.mat,20,12/24/2008 5:17:54 PM.352341651,3313012674.0,1.6e-08,62499999.99999999,4.735283934928894,8.033456936749635,9.32519942408775,-12.564992128,23.372510079999984,23.372510079999984,35.937502207999984,0.39638010247247824,-1.7936632907236674,2.506381795935311,3.5461491412582404,4.711250916081845,5.896698985562057,-0.7775004159999996,9.847498496,9.847498496,10.624998911999999,0.40750180522997553,-1.824160330072817,1.6700018976907915,3.583893569847706,0.4832472385655505,3.6163270058965855,2.5785001728,5.0784999168,5.0784999168,2.499999744,-0.4006956466103627,-1.7960837816010127,1.4043254131939051,2.028313774742792,2.185828185112698,2.981929178173825,-1.6820053032191984,7.395026504473599,7.395026504473599,9.077031807692798,0.40749448225767626,-1.8188038084368137,2.4799470619897206,125000,0.0019999840000000002,31249999.999999996
Device 4,Device 4/Device4b  1.mat,21,12/24/2008 5:18:17 PM.260341644,3313012697.0,1.6e-08,62499999.99999999,4.817671439990781,8.014173574645989,9.350771956809606,-11.002492031999992,23.372510079999984,23.372510079999984,34.375002111999976,0.3969350946798061,-1.7929908859180101,2.4995273318561884,3.516409144303617,4.680581519712374,5.854312652465282,-1.0900003839999997,9.847498496,9.847498496,10.93749888,0.40761223295227345,-1.8234074777212161,1.682093027924152,3.573704070891111,0.4882470041512969,3.6069025386564593,2.5785001728,4.9534999295999995,4.9534999295999995,2.3749997567999994,-0.40372981286103604,-1.7965060106049622,1.3733390011267497,2.047621254679043,2.2105138652444007,3.013158534005657,-2.5263803550976,6.9728389785344005,6.9728389785344005,9.499219333632,0.4078765632006884,-1.8178228545915607,2.3141294757115856,125000,0.0019999840000000002,31249999.999999996
Device 4,Device 4/Device4b  1.mat,22,12/24/2008 5:18:40 PM.117341995,3313012720.0,1.6e-08,62499999.99999999,4.786596438081533,8.00285210134621,9.325081619861367,-12.564992128,23.372510079999984,23.372510079999984,35.937502207999984,0.3969625531638414,-1.7937231215766736,2.5064134591829403,3.9334966015938577,5.2222662646042854,6.537924781853521,-1.0900003839999997,11.097498368,11.097498368,12.187498752,0.40705760782504485,-1.827382331505128,1.697403799872691,4.047827522340864,0.48624048121574404,4.076927452897966,2.70350016,5.9534998272,5.9534998272,3.2499996672,-0.4028748441647778,-1.7626304184051438,1.4602908430387023,2.08256993807629,2.2431338996117463,3.0608409365020073,-2.1041928291584004,7.395026504473599,7.395026504473599,9.499219333632,0.40789589870827253,-1.8178558947851315,2.4160113700402834,125000,0.0019999840000000002,31249999.999999996
Device 4,Device 4/Device4b  1.mat,23,12/24/2008 5:19:02 PM.976341724,3313012742.0,1.6e-08,62499999.99999999,4.856883942399998,8.001427976555313,9.360137354437967,-12.564992128,21.810009984000004,21.810009984000004,34.375002112000004,0.3969805189325558,-1.7927390090912034,2.3300950785363335,3.4257216535900166,4.594000491072215,5.7306552295393995,-0.7775004159999996,9.847498496,9.847498496,10.624998911999999,0.40665388276810716,-1.8267140461524811,1.7183896258912597,4.069556520115815,0.4581358991310091,4.095262967440517,2.8910001408,6.2659997952,6.2659997952,3.3749996544,-0.39099520210976807,-1.7485112810045191,1.5300604246950626,1.9881992047781525,2.1256803408399985,2.910576057984765,-2.3152865921279986,6.3395576896256,6.3395576896256,8.654844281753599,0.40686907910713394,-1.8194160053703599,2.178110986735391,125000,0.0019999840000000002,31249999.999999996
Device 4,Device 4/Device4b  1.mat,24,12/24/2008 5:19:25 PM.624341964,3313012765.0,1.6e-08,62499999.99999999,4.818258940026878,8.009782250227762,9.347311426780037,-11.002492031999992,23.372510079999984,23.372510079999984,34.375002111999976,0.3970192285051039,-1.79322474052232,2.5004526984131252,3.555764140273664,4.723294718285747,5.912103823263099,-0.7775004159999996,10.159998464000001,10.159998464000001,10.93749888,0.40720426316742386,-1.8256866741051427,1.7185081263326563,4.070634520005427,0.45402388201805594,4.0958763507828895,2.8910001408,5.9534998272,5.9534998272,3.0624996864,-0.39481852308067616,-1.7691869782472873,1.4535350477711668,1.9619154981632818,2.102208773976659,2.87548155120455,-2.5263803550976,6.761745215564799,6.761745215564799,9.288125570662398,0.40692017804162406,-1.81886490636965,2.3515175093828296,125000,0.0019999840000000002,31249999.999999996
Device 4,Device 4/Device4b  1.mat,25,12/24/2008 5:19:48 PM.306341648,3313012788.0,1.6e-08,62499999.99999999,4.975083949662206,8.016696172149379,9.434981601611156,-11.002492031999992,23.372510079999984,23.372510079999984,34.375002111999976,0.39821103938958025,-1.7924611648268909,2.477218405599095,3.5373716421570567,4.713382839337455,5.893129552699289,-0.7775004159999996,10.159998464000001,10.159998464000001,10.93749888,0.40746009644441916,-1.8256947848973686,1.7240412539965824,4.077878519263642,0.4523819355097452,4.1028944214356,2.7660001536000003,6.5159997696000005,6.5159997696000005,3.749999616,-0.38588904102607446,-1.70960660780909,1.5881470738211334,1.9605138355771634,2.085480297425681,2.862314198413617,-2.1041928291584004,6.3395576896256,6.3395576896256,8.443750518784,0.4073446610570702,-1.8180910950936864,2.2148364051504825,125000,0.0019999840000000002,31249999.999999996
Device 4,Device 4/Device4b  1.mat,26,12/24/2008 5:20:11 PM.125341892,3313012811.0,1.6e-08,62499999.99999999,4.954408948391935,8.001018408229145,9.4107631782299,-11.002492031999992,24.93501017599999,24.93501017599999,35.937502207999984,0.3976895326298994,-1.7924894529426774,2.6496267841148775,3.7159816238673926,4.953079833960342,6.19205291244388,-0.7775004159999996,10.159998464000001,10.159998464000001,10.93749888,0.406664972132132,-1.8282565830803053,1.640812604101287,4.073024019760743,0.46124041437658553,4.099056889749426,2.5785001728,6.5784997632,6.5784997632,3.9999995904,-0.3882672033895391,-1.7121878657692182,1.6048813032214688,1.9785479979351825,2.1366379231609267,2.9120222861136824,-1.6820053032191984,7.395026504473599,7.395026504473599,9.077031807692798,0.40706094352274846,-1.8195769009603833,2.53948142489762,125000,0.0019999840000000002,31249999.999999996
Device 4,Device 4/Device4b  1.mat,27,12/24/2008 5:20:33 PM.859341621,3313012833.0,1.6e-08,62499999.99999999,4.75468393612083,8.005991320284958,9.31144007943366,-9.439991936000013,24.93501017599999,24.93501017599999,34.375002112000004,0.39638113943631753,-1.7936291172193728,2.6778897746519768,4.048361589831682,5.34104953474054,6.701943128270832,-0.7775004159999996,11.097498368,11.097498368,11.874998783999999,0.4067753122179731,-1.8284254906245148,1.6558628080843272,4.070249020044903,0.4579156615089141,4.095926493265185,2.70350016,6.015999820799999,6.015999820799999,3.3124996607999995,-0.3952859261329464,-1.7632477134528113,1.4687763148806348,1.982675303188764,2.12892047367117,2.9091757838073207,-2.5263803550976,6.3395576896256,6.3395576896256,8.865938044723201,0.4061069484406652,-1.8199312864451458,2.17915937734393,125000,0.0019999840000000002,31249999.999999996
Device 4,Device 4/Device4b  1.mat,28,12/24/2008 5:20:56 PM.569341659,3313012856.0,1.6e-08,62499999.99999999,4.87587144356659,8.015135517815578,9.381711981463562,-11.002492031999992,21.810009984000004,21.810009984000004,32.812502015999996,0.3973719175592465,-1.7931626290350384,2.324736682078105,3.697931625715712,4.862795608118054,6.109130824822847,-0.7775004159999996,10.159998464000001,10.159998464000001,10.93749888,0.4076168849991464,-1.8258997697896264,1.663084120365784,4.068241520250471,0.4591348535614755,4.094068133390647,2.70350016,6.5784997632,6.5784997632,3.8749996032,-0.38716885017160346,-1.7118526508628056,1.6068369037502517,1.9812736406026459,2.129786577351387,2.9088547753390848,-2.3152865921279986,6.5506514525952015,6.5506514525952015,8.865938044723201,0.40703758402991236,-1.8192682329039787,2.251969231372712,125000,0.0019999840000000002,31249999.999999996
Device 4,Device 4/Device4b  1.mat,29,12/24/2008 5:21:19 PM.315341949,3313012879.0,1.6e-08,62499999.99999999,4.677308931366909,8.018787325637213,9.2832197546565,-9.439991936000013,23.372510079999984,23.372510079999984,32.812502015999996,0.3955718707559766,-1.7945161994406849,2.5177159108267624,4.256161568552962,5.561204093628917,7.002992379591901,-0.7775004159999996,11.722498304000002,11.722498304000002,12.49999872,0.4068666605568534,-1.8286206161498217,1.6739270398410928,4.06726652035031,0.4583111489039796,4.093006970037091,2.70350016,5.8909998336000005,5.8909998336000005,3.1874996736000005,-0.3969060668448361,-1.771460095153606,1.4392840952202475,1.9867029721862242,2.1285029999009604,2.9116170284364262,-2.5263803550976,6.761745215564799,6.761745215564799,9.288125570662398,0.40619162180154383,-1.8195821017427158,2.3223333115330553,125000,0.0019999840000000002,31249999.999999996
Device 4,Device 4/Device4b  1.mat,30,12/24/2008 5:21:42 PM.210341930,3313012902.0,1.6e-08,62499999.99999999,4.775996437430269,8.002388818353575,9.31924722123289,-12.564992128,21.810009984000004,21.810009984000004,34.375002112000004,0.39695450938306687,-1.7934773131664843,2.3403188547577396,4.386779055177729,5.784482791610808,7.259756996304185,-0.7775004159999996,12.034998272,12.034998272,12.812498687999998,0.40701607100642256,-1.8286019207038484,1.6577687487510677,4.060059021088359,0.46756885561966927,4.086893672395508,2.70350016,5.82849984,5.82849984,3.12499968,-0.40060978910366724,-1.7697416676637323,1.4261442325666525,2.0207667505291025,2.1696629793706577,2.9649512144545493,-1.8930990661887996,6.761745215564799,6.761745215564799,8.654844281753599,0.40615794324888727,-1.820553551458997,2.28055867583937,125000,0.0019999840000000002,31249999.999999996
Device 4,Device 4/Device4b  1.mat,31,12/24/2008 5:22:00 PM.429341793,3313012920.0,1.6e-08,62499999.99999999,4.863071442780157,7.997907981156727,9.36034165683253,-12.564992128,23.372510079999984,23.372510079999984,35.937502207999984,0.3971242141318238,-1.7928924829297244,2.4969718987703136,4.297434064326657,5.664967319928875,7.110541067534684,-1.0900003839999997,11.722498304000002,11.722498304000002,12.812498688000002,0.40702293021994235,-1.8283940614312406,1.6486084803760712,4.067291020347802,0.4586961851036313,4.093074447701933,2.70350016,5.82849984,5.82849984,3.12499968,-0.39841470684759345,-1.7751782654260204,1.4239906736298007,1.9949829139449438,2.1276310063204913,2.916636851921851,-1.4709115402496005,6.761745215564799,6.761745215564799,8.2326567558144,0.4064057180194328,-1.8198463830695435,2.318336343830156,125000,0.0019999840000000002,31249999.999999996
Device 4,Device 4/Device4b  1.mat,32,12/24/2008 5:22:27 PM.733341693,3313012947.0,1.6e-08,62499999.99999999,4.637233928904701,8.025342311303499,9.268767864445797,-11.002492031999992,23.372510079999984,23.372510079999984,34.375002111999976,0.3954746435049394,-1.7953426502750542,2.521641540905878,4.105766583953409,5.427558252484707,6.805564475194051,-1.0900003839999997,11.409998336000001,11.409998336000001,12.49999872,0.4066458323135556,-1.8288488412733106,1.676568986685658,4.0641390206705665,0.4577741323640817,4.0898390109634875,2.7660001536000003,5.8909998336000005,5.8909998336000005,3.12499968,-0.3966384610457383,-1.7686628878654242,1.4403989540439623,1.9962781852745253,2.1309589578698738,2.919950799778792,-2.1041928291584004,6.3395576896256,6.3395576896256,8.443750518784,0.4061004436328588,-1.8198823732638445,2.171117982572127,125000,0.0019999840000000002,31249999.999999996
Device 4,Device 4/Device4b  1.mat,33,12/24/2008 5:22:50 PM.713341712,3313012970.0,1.6e-08,62499999.99999999,4.628221428350972,7.999735996418504,9.242089028041283,-9.439991936000013,24.93501017599999,24.93501017599999,34.375002112000004,0.3952694373459769,-1.7951480381496476,2.6979842003626078,3.868969108201472,5.138510868335278,6.432201481935798,-1.0900003839999997,10.784998400000001,10.784998400000001,11.874998784,0.40648854844659427,-1.828674498126047,1.676719616182516,4.06030002106368,0.46459400641248766,4.086793835250823,2.70350016,6.140999808,6.140999808,3.437499648,-0.39555911156843393,-1.7503913789858727,1.5026448740894467,2.0082716885114062,2.1588289151405027,2.94850766655323,-2.1041928291584004,7.817214030412802,7.817214030412802,9.921406859571203,0.40647051843954873,-1.8199009815506848,2.6512442613218745,125000,0.0019999840000000002,31249999.999999996
Device 4,Device 4/Device4b  1.mat,34,12/24/2008 5:23:13 PM.558341979,3313012993.0,1.6e-08,62499999.99999999,4.758871436378109,7.978723354797249,9.290149822277492,-11.002492031999992,24.93501017599999,24.93501017599999,35.937502207999984,0.3962908994927923,-1.7934891144312228,2.6840267006465934,4.355064058425344,5.763794135987774,7.2241197245778865,-1.0900003839999997,12.034998272,12.034998272,13.124998655999999,0.4069759782642872,-1.828631771528929,1.6659466801269296,4.06505852057641,0.4616727750001213,4.091190844593684,2.7660001536000003,5.82849984,5.82849984,3.0624996864,-0.39912193131130747,-1.7760289479140914,1.4246462854946227,1.9979500478772443,2.1406692436273915,2.9281853090992978,-1.8930990661887996,7.395026504473599,7.395026504473599,9.288125570662398,0.40629588060929445,-1.8202418101270896,2.525463973025768,125000,0.0019999840000000002,31249999.999999996
Device 4,Device 4/Device4b  1.mat,35,12/24/2008 5:23:36 PM.420341968,3313013016.0,1.6e-08,62499999.99999999,4.682633931694077,8.026040767400561,9.292168258174652,-11.002492031999992,24.93501017599999,24.93501017599999,35.937502207999984,0.39582285281913254,-1.794529663948251,2.6834436789350833,4.073919087214594,5.37384312613848,6.743515898514451,-1.0900003839999997,11.097498368,11.097498368,12.187498752,0.40695772902837285,-1.828364274138134,1.6456546607155922,4.560400469853389,0.4655910436791271,4.584105961405476,3.1410001151999998,6.640999756799999,6.640999756799999,3.4999996415999997,-0.39468095344965,-1.7519214801573006,1.4487011890021593,2.0183417053801076,2.1516296707863414,2.9501209263155337,-2.5263803550976,6.9728389785344005,6.9728389785344005,9.499219333632,0.40624863338616657,-1.8198990160373985,2.3635773423169204,125000,0.0019999840000000002,31249999.999999996
Device 4,Device 4/Device4b  1.mat,36,12/24/2008 5:23:59 PM.103342056,3313013039.0,1.6e-08,62499999.99999999,4.830358940770301,8.01942281074844,9.361811241113122,-9.439991936000013,24.93501017599999,24.93501017599999,34.375002112000004,0.39737610522873057,-1.7933085485160205,2.6634814069414214,3.8371541114593293,5.089395763620176,6.373829375959495,-0.7775004159999996,11.097498368,11.097498368,11.874998783999999,0.41800068568928506,-1.8042499887707781,1.7411037719109668,4.568610469012685,0.46888124457536196,4.592608326331219,3.1410001151999998,6.5159997696000005,6.5159997696000005,3.3749996544000007,-0.3959576658890472,-1.7598210089785318,1.418801540780481,2.0312302461719796,2.1567513472048083,2.9626799838378823,-2.1041928291584004,7.395026504473599,7.395026504473599,9.499219333632,0.406524548442793,-1.819132993079998,2.4960598325891463,125000,0.0019999840000000002,31249999.999999996
Device 4,Device 4/Device4b  1.mat,37,12/24/2008 5:24:21 PM.862341880,3313013061.0,1.6e-08,62499999.99999999,4.7158464337346535,8.0243493656563,9.307491086682626,-9.439991936000013,23.372510079999984,23.372510079999984,32.812502015999996,0.3955250313898508,-1.7940077488457649,2.511150412321309,3.8800991070617603,5.137049307284828,6.437735989157757,-0.7775004159999996,10.784998400000001,10.784998400000001,11.562498816000002,0.4064419860617353,-1.8287934137230675,1.6752781440810518,4.543291971605299,0.48742990324557256,4.569364271956347,3.1410001151999998,6.765999744,6.765999744,3.6249996288000004,-0.3931504950557747,-1.7572389729494902,1.480731091089653,2.0753758626342864,2.249062113106513,3.0603047821771185,-2.5263803550976,7.606120267443201,7.606120267443201,10.1325006225408,0.40791443971602065,-1.817597602307424,2.4854126659999407,125000,0.0019999840000000002,31249999.999999996
Device 4,Device 4/Device4b  1.mat,38,12/24/2008 5:24:44 PM.797341823,3313013084.0,1.6e-08,62499999.99999999,4.543908923170813,8.050834700798537,9.244622635978887,-9.439991936000013,24.93501017599999,24.93501017599999,34.375002112000004,0.3948185693617633,-1.7960613167223118,2.6972447830326924,3.8194766132695053,5.080336902941692,6.355959773842488,-0.7775004159999996,10.472498432000002,10.472498432000002,11.249998848,0.4066616894309334,-1.8283261996593068,1.6476659394697308,4.566062969273548,0.46098260814262426,4.589274017138348,3.2035001088,6.640999756799999,6.640999756799999,3.4374996479999993,-0.39433324887022786,-1.7504767615033976,1.447069783150802,1.9616621856477183,2.117534696093602,2.886532819796166,-2.737474118067198,7.183932741504002,7.183932741504002,9.9214068595712,0.4067344189824646,-1.8187813458766378,2.48877570081164,125000,0.0019999840000000002,31249999.999999996
Device 4,Device 4/Device4b  1.mat,39,12/24/2008 5:25:07 PM.645341873,3313013107.0,1.6e-08,62499999.99999999,4.776396437454845,8.014938345820909,9.330230415967321,-9.439991936000013,23.372510079999984,23.372510079999984,32.812502015999996,0.395928804052699,-1.7934718057407963,2.5050303195086543,3.8006591151964173,5.058944630352166,6.327553277760261,-1.0900003839999997,10.784998400000001,10.784998400000001,11.874998784,0.4070065707916152,-1.8272841201371792,1.7044500340924074,4.55891197000581,0.4695012807348148,4.583024089274885,3.1410001151999998,6.640999756799999,6.640999756799999,3.4999996415999997,-0.3929093521543119,-1.7479171326092704,1.4490431704998352,2.0302659698627346,2.1653230538526547,2.9682661329349256,-2.3152865921279986,7.606120267443201,7.606120267443201,9.9214068595712,0.4064261623299924,-1.8194286640174688,2.5624792140597297,125000,0.0019999840000000002,31249999.999999996
Device 4,Device 4/Device4b  1.mat,40,12/24/2008 5:25:30 PM.481341838,3313013130.0,1.6e-08,62499999.99999999,4.847983941853181,8.012548079474103,9.365034705026483,-12.564992128,21.810009984000004,21.810009984000004,34.375002112000004,0.39621874586372385,-1.7923362896377313,2.3288765787802093,3.9276666021908495,5.206442399966661,6.521779465923086,-0.7775004159999996,11.097498368,11.097498368,11.874998783999999,0.40691623310435365,-1.8282456939279497,1.7016058923772994,4.5517979707342855,0.48411222118235525,4.577469760585958,3.0785001216000003,7.078499711999999,7.078499711999999,3.999999590399999,-0.38972610393080803,-1.73408061837701,1.5463782574707576,2.0542715525876374,2.234621751105688,3.035385639796939,-1.8930990661887996,7.183932741504002,7.183932741504002,9.077031807692801,0.40812808228423886,-1.8176334879658556,2.366728183501781,125000,0.0019999840000000002,31249999.999999996
Device 4,Device 4/Device4b  1.mat,41,12/24/2008 5:25:53 PM.584342002,3313013153.0,1.6e-08,62499999.99999999,4.736958935031805,8.008788806155913,9.304809406634073,-11.002492031999992,21.810009984000004,21.810009984000004,32.812502015999996,0.3959723084007472,-1.7938964414043952,2.3439502122902236,3.753824119992321,4.987791773354832,6.242536527580936,-1.0900003839999997,10.472498432000002,10.472498432000002,11.562498816000002,0.4064821814151982,-1.8288051287650784,1.6776030681967402,4.567406469135975,0.45969641855168275,4.590481745038792,3.0785001216000003,6.9534997248,6.9534997248,3.8749996032,-0.3900391661819443,-1.7191459275179037,1.5147647046663595,1.9870778747092583,2.116575985540493,2.903165924077673,-2.3152865921279986,6.761745215564799,6.761745215564799,9.077031807692798,0.4068707336286049,-1.8191422713306362,2.3290936144867382,125000,0.0019999840000000002,31249999.999999996
Device 4,Device 4/Device4b  1.mat,42,12/24/2008 5:26:16 PM.292341709,3313013176.0,1.6e-08,62499999.99999999,4.671833931030525,8.01524893959654,9.27740523222046,-12.564992128,21.810009984000004,21.810009984000004,34.375002112000004,0.39595091783876024,-1.7946985285178902,2.350873917661133,3.7827141170339855,5.0175265879033315,6.283669242689739,-1.0900003839999997,10.472498432000002,10.472498432000002,11.562498816000002,0.406575031314657,-1.8286710688777472,1.6666215275706053,4.5688969689833465,0.4508230564946173,4.59108494165076,3.0785001216000003,6.9534997248,6.9534997248,3.8749996032,-0.3893808499744327,-1.7093533750924144,1.5145656883228598,1.958195181684705,2.0783437458643346,2.855528164026156,-1.4709115402496005,6.5506514525952015,6.5506514525952015,8.021562992844801,0.40688479137641353,-1.8181021476676584,2.294024459334732,125000,0.0019999840000000002,31249999.999999996
Device 4,Device 4/Device4b  1.mat,43,12/24/2008 5:26:39 PM.324341773,3313013199.0,1.6e-08,62499999.99999999,5.576194142085123,7.987363441347385,9.74124816717022,-10.380004223999997,23.36999232,23.36999232,33.749996544,0.4116037940008027,-1.8207155165427775,2.399075756920056,3.7038991967846413,4.949865335002586,6.182235525649452,-0.7025003519999995,10.547498496,10.547498496,11.249998847999999,0.4079663547606184,-1.8281065332058566,1.7060978107740354,5.167187173273601,0.4735507581290805,5.188841258331945,3.6099995776,7.516249817599999,7.516249817599999,3.9062502399999994,-0.3746815134437164,-1.66665641050458,1.448541098753182,2.002825495158474,2.1298456822174856,2.9236197759143123,-2.3119090661888015,6.765122741503999,6.765122741503999,9.077031807692801,0.40337148098108533,-1.8203171363268902,2.313954364803926,125000,0.0019999840000000002,31249999.999999996
Device 4,Device 4/Device4b  1.mat,44,12/24/2008 5:27:02 PM.159341812,3313013222.0,1.6e-08,62499999.99999999,5.564029143330819,7.970933165674277,9.720812509223745,-9.755004288000002,22.744992384000007,22.744992384000007,32.49999667200001,0.4116427979374354,-1.8205844287913784,2.3398242032153242,3.955829170987009,5.292846994887058,6.607784329207235,-1.0150003199999995,11.797498368,11.797498368,12.812498687999998,0.4081894332301773,-1.828456157711924,1.7853939808316046,5.161097172899431,0.4780131520904069,5.18318633677026,3.453749568,7.3599998079999995,7.3599998079999995,3.9062502399999994,-0.3753068923999268,-1.6775844554278778,1.4199759240348193,2.004629080269286,2.153652991045191,2.942237066468163,-2.1008153032192003,6.554028978534398,6.554028978534398,8.654844281753599,0.40309576130864194,-1.8217176044348835,2.227566586400803,125000,0.0019999840000000002,31249999.999999996
Device 4,Device 4/Device4b  1.mat,45,12/24/2008 5:27:24 PM.996341705,3313013244.0,1.6e-08,62499999.99999999,5.612559138361348,7.992119072210102,9.766001604852821,-11.005004159999999,24.619992192000005,24.619992192000005,35.624996352000004,0.4113348048053889,-1.8206966060520928,2.5209899801538116,4.526714112528384,5.967672814021153,7.490277663195856,-1.0150003199999995,12.734998271999999,12.734998271999999,13.749998591999997,0.4089661554816105,-1.8270441310370564,1.7002037634164808,5.153439672428953,0.4895134978679635,5.176636352107376,3.453749568,7.0474997888,7.0474997888,3.5937502207999996,-0.37381342614321134,-1.718050389639187,1.3614052271473553,2.0365194372286295,2.19056831518043,2.990986620110903,-1.6786277772800011,7.609497793382398,7.609497793382398,9.2881255706624,0.4028506933911584,-1.821521193757836,2.544143040365806,125000,0.0019999840000000002,31249999.999999996
Device 4,Device 4/Device4b  1.mat,46,12/24/2008 5:27:47 PM.604341983,3313013267.0,1.6e-08,62499999.99999999,5.620244137574403,7.999992926891944,9.77686202195063,-10.380004223999997,23.36999232,23.36999232,33.749996544,0.41112676882454907,-1.8210456155075505,2.3903367223072807,4.597116605319167,6.054404192638008,7.601926809088201,-1.0150003199999995,12.734998271999999,12.734998271999999,13.749998591999997,0.4077781631223467,-1.829273481730736,1.6752329497273173,5.147754672079667,0.4923431499079964,5.171245492256133,3.6099995776,6.8912497792,6.8912497792,3.2812502016,-0.37491757871170395,-1.7287836726829668,1.3326092891005754,2.0519140831744767,2.2144549150605646,3.0189670378402025,-2.1008153032192003,6.765122741503999,6.765122741503999,8.8659380447232,0.40304265894021646,-1.8211672174768103,2.2408733373729817,125000,0.0019999840000000002,31249999.999999996
Device 4,Device 4/Device4b  1.mat,47,12/24/2008 5:28:10 PM.349341869,3313013290.0,1.6e-08,62499999.99999999,5.583639141322754,7.987784634788905,9.74585703939275,-9.755004288000002,22.744992384000007,22.744992384000007,32.49999667200001,0.41151344331096956,-1.8207439423623584,2.333811412589448,4.1942541465722885,5.532194677705548,6.942402019335414,-1.0150003199999995,11.484998400000002,11.484998400000002,12.49999872,0.4075828415970164,-1.8291351691593418,1.6543263222171403,5.149883422210458,0.4943718988077154,5.17355804419829,3.6099995776,7.0474997888,7.0474997888,3.4375002111999997,-0.37208384924001314,-1.7187677972635227,1.3622152740130513,2.047295351640702,2.222725263696351,3.021907651587592,-2.1008153032192003,6.765122741503999,6.765122741503999,8.8659380447232,0.40383085173892236,-1.8206008983061677,2.238692746930856,125000,0.0019999840000000002,31249999.999999996
Device 4,Device 4/Device4b  1.mat,48,12/24/2008 5:28:33 PM.122341632,3313013313.0,1.6e-08,62499999.99999999,5.584499141234692,7.9799386080613255,9.739920474361108,-9.755004288000002,24.619992192000005,24.619992192000005,34.37499648000001,0.4115148921020786,-1.8206626905055887,2.527740576199618,4.5299491121971185,5.985957810506901,7.506805570165251,-0.7025003519999995,12.734998271999999,12.734998271999999,13.437498623999998,0.4078172008492918,-1.8293198955184446,1.6964603855751197,5.142919671782606,0.5005719928395155,5.167223148889916,3.453749568,6.8912497792,6.8912497792,3.4375002111999997,-0.3765199341245381,-1.7264224771483898,1.3336466377846405,2.0845677551807182,2.2468687975525117,3.0649375392255953,-2.1008153032192003,6.765122741503999,6.765122741503999,8.8659380447232,0.4035368699472854,-1.8205022134095368,2.2072628413867497,125000,0.0019999840000000002,31249999.999999996
Device 4,Device 4/Device4b  1.mat,49,12/24/2008 5:28:55 PM.934341907,3313013335.0,1.6e-08,62499999.99999999,5.570854142631939,7.979229033633006,9.73152155881347,-11.005004159999999,23.36999232,23.36999232,34.37499648,0.4116158152794536,-1.8205938756245383,2.4014736214435746,4.184061647616,5.530757030023974,6.935102392626279,-1.0150003199999995,11.484998400000002,11.484998400000002,12.49999872,0.4076593773639936,-1.8292674808719473,1.6560676035888646,5.1510934222848,0.5001439309200139,5.175317130064771,3.6099995776,7.3599998079999995,7.3599998079999995,3.7500002303999995,-0.3705991110936555,-1.7103978917062783,1.422135035019175,2.052871604483307,2.2566356453232,3.050686194979274,-1.6786277772800011,6.976216504473598,6.976216504473598,8.654844281753599,0.40435269864933127,-1.8202176434034183,2.286769617915747,125000,0.0019999840000000002,31249999.999999996
Device 4,Device 4/Device4b  1.mat,50,12/24/2008 5:29:18 PM.899342060,3313013358.0,1.6e-08,62499999.99999999,5.5554591442083865,7.966516748934963,9.712286827211697,-9.755004288000002,24.619992192000005,24.619992192000005,34.37499648000001,0.4116967217853105,-1.8204300412613101,2.534932568406051,4.193941646604288,5.544962523862283,6.952392101008046,-1.0150003199999995,11.484998400000002,11.484998400000002,12.49999872,0.40764762253333764,-1.8291091544404403,1.6519491756419724,5.133393421197312,0.5058855075221096,5.1582601876517185,3.6099995776,7.3599998079999995,7.3599998079999995,3.7500002303999995,-0.3781914229468306,-1.7130472715467033,1.4268376429748528,2.0928899156920324,2.2982399073808555,3.108391042176541,-1.8897215402496021,7.8205915563519985,7.8205915563519985,9.7103130966016,0.4052392506860961,-1.8189818751925244,2.515961296451268,125000,0.0019999840000000002,31249999.999999996
Device 4,Device 4/Device4b  1.mat,51,12/24/2008 5:29:41 PM.755342006,3313013381.0,1.6e-08,62499999.99999999,5.607244138905603,7.994944846392467,9.765261385654185,-8.505004415999998,25.244992128,25.244992128,33.749996544,0.4113857667852672,-1.82088739578737,2.585183450909626,4.82870658160435,6.339055052299776,7.968690369647732,-1.0150003199999995,13.359998208,13.359998208,14.374998527999999,0.40859858506217933,-1.8281239480523441,1.6765613404791633,5.151504672310067,0.48510575987824833,5.174294926567242,3.6099995776,6.8912497792,6.8912497792,3.2812502016,-0.37534165615428167,-1.722740097826127,1.331823925191645,2.0229148663927647,2.1784793139941954,2.9728701078542734,-2.5230028291584023,7.3984040304128,7.3984040304128,9.921406859571203,0.4023595370098253,-1.8221741950387054,2.4886401901200927,125000,0.0019999840000000002,31249999.999999996
Device 4,Device 4/Device4b  1.mat,52,12/24/2008 5:30:04 PM.507341861,3313013404.0,1.6e-08,62499999.99999999,5.583339141353475,7.988643124208314,9.746388815008896,-10.380004223999997,23.994992255999996,23.994992255999996,34.37499647999999,0.4114992603316225,-1.8208607781963213,2.4619366938295184,4.6034691046686715,6.055360474374525,7.606531290427737,-0.7025003519999995,12.734998271999999,12.734998271999999,13.437498623999998,0.40798372347647566,-1.8288235959667192,1.674218876615424,5.144728421893735,0.48714377782280277,5.167740279398014,3.453749568,6.8912497792,6.8912497792,3.4375002111999997,-0.37563818039842184,-1.7275708277321586,1.3335131811234824,2.0480113816846943,2.200692589259511,3.0062266201888015,-2.3119090661888015,6.554028978534398,6.554028978534398,8.8659380447232,0.4028078258840299,-1.8214359409661656,2.1801513347396217,125000,0.0019999840000000002,31249999.999999996
Device 4,Device 4/Device4b  1.mat,53,12/24/2008 5:30:27 PM.198341846,3313013427.0,1.6e-08,62499999.99999999,5.596829139972099,7.986777882466958,9.752595416908475,-10.380004223999997,24.619992192000005,24.619992192000005,34.999996416,0.41144345310602226,-1.820669576462169,2.524455402847463,4.648196600088576,6.110820297601252,7.677750734599974,-0.7025003519999995,12.734998271999999,12.734998271999999,13.437498623999998,0.407739612481859,-1.8293142758003673,1.658688685295475,5.143722171831911,0.5031040483551654,5.168267743109537,3.6099995776,6.8912497792,6.8912497792,3.2812502016,-0.3765038392895193,-1.7339832441468228,1.3333770852695443,2.0949772108202755,2.274051775494944,3.0919639376111756,-1.4675340143104,7.609497793382398,7.609497793382398,9.077031807692798,0.4039626968288742,-1.8202782697882678,2.461056450503569,125000,0.0019999840000000002,31249999.999999996
Device 4,Device 4/Device4b  1.mat,54,12/24/2008 5:30:47 PM.768342018,3313013447.0,1.6e-08,62499999.99999999,5.548429144928259,7.966301201232893,9.708090481915274,-10.380004223999997,24.619992192000005,24.619992192000005,34.999996416,0.4117651529316976,-1.8204126405265506,2.5360282990628673,4.6144516035440635,6.06076908247544,7.617485508521862,-1.0150003199999995,12.734998271999999,12.734998271999999,13.749998591999997,0.40783469894475927,-1.8290883356599914,1.671811289664162,5.147768422080512,0.4744547799813221,5.169586740312654,3.6099995776,6.7349997696,6.7349997696,3.125000192,-0.3787867353512543,-1.7268809795091586,1.3028120250077613,2.0401907799541967,2.1429721208056924,2.9588355698079205,-2.1008153032192003,7.609497793382398,7.609497793382398,9.710313096601599,0.4017716636314457,-1.8224220952344912,2.571787993570858,125000,0.0019999840000000002,31249999.999999996
Device 4,Device 4/Device4b  1.mat,55,12/24/2008 5:31:12 PM.881341934,3313013472.0,1.6e-08,62499999.99999999,5.560989143642114,7.979334621094783,9.72596428386961,-9.755004288000002,22.744992384000007,22.744992384000007,32.49999667200001,0.411674118604738,-1.8206855757612013,2.338584814846821,4.496971615574015,5.909923828815575,7.426301459924754,-0.7025003519999995,12.422498304000001,12.422498304000001,13.124998656,0.40768336159209145,-1.8289804400261953,1.672770540091416,5.141724671709185,0.47585962249936403,5.163697800993795,3.6099995776,6.7349997696,6.7349997696,3.125000192,-0.3782215670226074,-1.73368683437609,1.3042978170224826,2.0070051516652723,2.1535004747524913,2.943744889349304,-2.5230028291584023,6.765122741503999,6.765122741503999,9.288125570662402,0.4018223031537441,-1.8224042332473342,2.2981348573990683,125000,0.0019999840000000002,31249999.999999996
Device 4,Device 4/Device4b  1.mat,56,12/24/2008 5:31:35 PM.752341747,3313013495.0,1.6e-08,62499999.99999999,5.632639136305154,8.008572912427418,9.791009331703378,-11.005004159999999,23.36999232,23.36999232,34.37499648,0.41111201576819556,-1.8210162695566605,2.3868828563289948,4.586666606389247,6.023178319692979,7.570745513421106,-0.7025003519999995,12.422498304000001,12.422498304000001,13.124998656,0.4077380154082886,-1.8287652452744898,1.6408553532776802,5.154349672484863,0.48519517354123953,5.177135781749648,3.7662495872,6.7349997696,6.7349997696,2.9687501824,-0.3763332264092169,-1.7376784513345644,1.3009123294278098,2.0284033042299745,2.1874635284419206,2.9831890072328067,-2.1008153032192003,6.976216504473598,6.976216504473598,9.077031807692798,0.40213400384103837,-1.8223649310211363,2.33850972484801,125000,0.0019999840000000002,31249999.999999996
Device 4,Device 4/Device4b  1.mat,57,12/24/2008 5:31:58 PM.569341659,3313013518.0,1.6e-08,62499999.99999999,5.608599138766851,7.9928249195934296,9.764304096793072,-10.380004223999997,23.994992255999996,23.994992255999996,34.37499647999999,0.4112800046990586,-1.820873462973981,2.4574195987895093,4.58682410637312,5.999752800922833,7.55221749256382,-0.7025003519999995,12.734998271999999,12.734998271999999,13.437498623999998,0.4083534314093715,-1.8272538649232288,1.6862594707500582,5.158509672740455,0.49915046380394656,5.182602939573176,3.7662495872,6.7349997696,6.7349997696,2.9687501824,-0.3757975449106275,-1.7465992708857825,1.2995399894854138,2.0704278505619627,2.2462735298258747,3.0549003674717485,-2.5230028291584023,6.976216504473598,6.976216504473598,9.499219333632,0.4032843341228042,-1.8208942581002463,2.2836150660609436,125000,0.0019999840000000002,31249999.999999996
Device 4,Device 4/Device4b  1.mat,58,12/24/2008 5:32:16 PM.803341865,3313013536.0,1.6e-08,62499999.99999999,5.615359138074627,8.00147922447627,9.77527125093128,-11.005004159999999,23.994992255999996,23.994992255999996,34.999996415999995,0.41128807658450883,-1.8209049696909787,2.4546625500253016,4.433674122055679,5.833258846962221,7.326962194269138,-0.7025003519999995,12.422498304000001,12.422498304000001,13.124998656,0.4075938963870444,-1.8289359826724987,1.6954500343561745,5.1448034218983425,0.47399269842031466,5.166591848417355,3.7662495872,6.578749759999999,6.578749759999999,2.812500172799999,-0.37914834169346423,-1.7336914803709091,1.2733248441165756,2.029823543067234,2.1397059875929854,2.9493262500664947,-1.6786277772800011,6.976216504473598,6.976216504473598,8.654844281753599,0.4015860581716221,-1.8225937123137768,2.365359378032971,125000,0.0019999840000000002,31249999.999999996
Device 4,Device 4/Device4b  1.mat,59,12/24/2008 5:32:44 PM.158341884,3313013564.0,1.6e-08,62499999.99999999,5.560354143707139,7.964940996506352,9.713795513663479,-11.005004159999999,23.994992255999996,23.994992255999996,34.999996415999995,0.4116248320195105,-1.8204797309222591,2.4701973829126325,4.358221629782015,5.727917294047815,7.197439287812844,-0.7025003519999995,12.109998336,12.109998336,12.812498688,0.4075404569234759,-1.8289111289930056,1.6825426171368212,5.1431334217957385,0.47511054914739753,5.165031599932712,3.7662495872,6.578749759999999,6.578749759999999,2.812500172799999,-0.37884428513296237,-1.735089532884723,1.2737094890350147,2.016573609753158,2.1448072765573527,2.9439373935473307,-1.6786277772800011,7.187310267443198,7.187310267443198,8.8659380447232,0.40188356695201694,-1.8224367139124433,2.4413937209387346,125000,0.0019999840000000002,31249999.999999996
Device 4,Device 4/Device4b  1.mat,60,12/24/2008 5:33:06 PM.980341911,3313013586.0,1.6e-08,62499999.99999999,5.609034138722306,7.998702583885025,9.769365741684629,-10.380004223999997,24.619992192000005,24.619992192000005,34.999996416,0.4113400515111238,-1.8207670260423698,2.5201218628707553,4.54517411063808,5.982937829858024,7.513597858014554,-0.7025003519999995,12.422498304000001,12.422498304000001,13.124998656,0.4080249042951212,-1.8285968540190578,1.6533355309599453,5.150017172218676,0.48551401940056865,5.172852282559568,3.7662495872,6.7349997696,6.7349997696,2.9687501824,-0.37481419066950683,-1.7348432957798894,1.3019895797734762,2.0376103697956562,2.1785562187829863,2.9829453929793646,-1.6786277772800011,7.609497793382398,7.609497793382398,9.2881255706624,0.4022513371875054,-1.8220774472191805,2.5510013731032584,125000,0.0019999840000000002,31249999.999999996
Device 4,Device 4/Device4b  1.mat,61,12/24/2008 5:33:29 PM.780341625,3313013609.0,1.6e-08,62499999.99999999,5.539484145844226,7.96185320182427,9.69932941029734,-11.005004159999999,25.244992128,25.244992128,36.249996288,0.4117697536673044,-1.820236116522441,2.6027564442958844,4.128971653257216,5.4903665032014155,6.869682034335925,-1.0150003199999995,11.484998400000002,11.484998400000002,12.49999872,0.40755882034555124,-1.8291013332575523,1.6718384260866634,5.13839842150482,0.48783824924832814,5.161504092370062,3.7662495872,6.7349997696,6.7349997696,2.9687501824,-0.37574051844461903,-1.7363861410607686,1.3048521611279824,2.056953313484087,2.207498768408501,3.0173014013151245,-1.4675340143104,7.609497793382398,7.609497793382398,9.077031807692798,0.4033021642723446,-1.820695398945807,2.52195481368408,125000,0.0019999840000000002,31249999.999999996
Device 4,Device 4/Device4b  1.mat,62,12/24/2008 5:33:52 PM.575341701,3313013632.0,1.6e-08,62499999.99999999,5.584304141254658,7.986423599531105,9.74512260842219,-11.005004159999999,24.619992192000005,24.619992192000005,35.624996352000004,0.41156437216574077,-1.820612199202304,2.526391219616084,4.4745441178705905,5.90109585680807,7.405705730989294,-0.7025003519999995,12.422498304000001,12.422498304000001,13.124998656,0.4077077627733628,-1.8289890489504037,1.6774226191594217,5.144410921874227,0.5188154331132382,5.1705060861327015,3.7662495872,6.8912497792,6.8912497792,3.125000192,-0.38103218616690837,-1.7358733331257306,1.3327998583508747,2.1360425470933295,2.36984161183243,3.1904274052492543,-1.6786277772800011,8.0316853193216,8.0316853193216,9.7103130966016,0.40632066804905304,-1.8169098909018933,2.5174323998430297,125000,0.0019999840000000002,31249999.999999996
Device 4,Device 4/Device4b  1.mat,63,12/24/2008 5:34:15 PM.396341800,3313013655.0,1.6e-08,62499999.99999999,5.606994138931202,7.99544278997272,9.765525519998175,-9.755004288000002,24.619992192000005,24.619992192000005,34.37499648000001,0.4113762257083704,-1.8207792544643526,2.521112882412969,4.090214157225985,5.422217348102505,6.791928505368387,-1.0150003199999995,11.172498432000001,11.172498432000001,12.187498752,0.40777473017538174,-1.8289775062925415,1.64496702566424,5.144802171898267,0.47352656451017755,5.166547860541497,3.7662495872,7.0474997888,7.0474997888,3.2812502016,-0.37717181792036036,-1.7116044678437963,1.3640635834662262,1.9994209749493002,2.134968346815907,2.925025483132251,-2.1008153032192003,7.3984040304128,7.3984040304128,9.499219333632,0.4029757517557177,-1.820682524001768,2.5293468631563,125000,0.0019999840000000002,31249999.999999996
Device 4,Device 4/Device4b  1.mat,64,12/24/2008 5:34:38 PM.129342079,3313013678.0,1.6e-08,62499999.99999999,5.5659791431311385,7.977276475836078,9.72713029591454,-11.005004159999999,24.619992192000005,24.619992192000005,35.624996352000004,0.41162563168676786,-1.820499914030903,2.5310642957399847,4.153191650777088,5.484674497266907,6.879727845565878,-1.0150003199999995,11.484998400000002,11.484998400000002,12.49999872,0.40750759914988544,-1.8291040411913295,1.6693971996875303,5.149552172190106,0.4811128084313739,5.171978065358027,3.7662495872,6.8912497792,6.8912497792,3.125000192,-0.3755296070479209,-1.7313238030433644,1.332420534680469,2.0217665163222103,2.163567546824657,2.9611761812149093,-1.6786277772800011,6.976216504473598,6.976216504473598,8.654844281753599,0.4023243656831548,-1.8226033639469257,2.355893765703397,125000,0.0019999840000000002,31249999.999999996
Device 4,Device 4/Device4b  1.mat,65,12/24/2008 5:35:00 PM.970341682,3313013700.0,1.6e-08,62499999.99999999,5.620259137572866,7.996461558662379,9.773981288739837,-11.005004159999999,22.744992384000007,22.744992384000007,33.749996544000005,0.4112104716877908,-1.820907629616907,2.32709596141784,4.485484116750335,5.885320311683749,7.399767762081242,-0.7025003519999995,12.109998336,12.109998336,12.812498688,0.407648568792958,-1.8288919799019245,1.6365376219042271,5.153360922424115,0.49547557265973124,5.177125152038573,3.7662495872,6.7349997696,6.7349997696,2.9687501824,-0.37406727932428363,-1.7397984986001407,1.300915000470481,2.063777552653368,2.230257901571482,3.038622729849488,-2.1008153032192003,6.976216504473598,6.976216504473598,9.077031807692798,0.4031437947703444,-1.820984757194385,2.2958481933093253,125000,0.0019999840000000002,31249999.999999996
Device 4,Device 4/Device4b  1.mat,66,12/24/2008 5:35:23 PM.804341793,3313013723.0,1.6e-08,62499999.99999999,5.598219139829762,7.9911828533734015,9.757000611540686,-9.755004288000002,24.619992192000005,24.619992192000005,34.37499648000001,0.4113838372632288,-1.820776102157385,2.523315634814987,4.502636614993919,5.896369228561439,7.418955894612807,-0.7025003519999995,12.422498304000001,12.422498304000001,13.124998656,0.4074887084011966,-1.828831951909659,1.6744267630732865,5.128275920882894,0.520687605300066,5.154641549421298,3.7662495872,6.7349997696,6.7349997696,2.9687501824,-0.38532187394315953,-1.7310471958901745,1.3065893535033732,2.167242205260236,2.3953802695497886,3.230291846259355,-2.7340965921280005,7.609497793382398,7.609497793382398,10.343594385510398,0.40633723566634744,-1.8167742194564167,2.3556688236061762,125000,0.0019999840000000002,31249999.999999996
Device 4,Device 4/Device4b  1.mat,67,12/24/2008 5:35:46 PM.573341846,3313013746.0,1.6e-08,62499999.99999999,5.538544145940484,7.962679929665837,9.699471270065947,-10.380004223999997,24.619992192000005,24.619992192000005,34.999996416,0.41176591545216684,-1.8203907290863315,2.538281882228062,4.108601655343104,5.404775958187953,6.789124444322302,-0.7025003519999995,11.484998400000002,11.484998400000002,12.187498752000002,0.40749566626905853,-1.8280117192338028,1.6916759287870806,5.147078422038119,0.4767685813553327,5.169112550794186,3.9224995968,6.578749759999999,6.578749759999999,2.6562501631999993,-0.3782142585912193,-1.7413955551334988,1.2727039110396687,2.028874465508922,2.131282851923256,2.942566599364617,-2.1008153032192003,6.554028978534398,6.554028978534398,8.654844281753599,0.4016176431832333,-1.8219378651547296,2.227317125107584,125000,0.0019999840000000002,31249999.999999996
Device 4,Device 4/Device4b  1.mat,68,12/24/2008 5:36:09 PM.459342002,3313013769.0,1.6e-08,62499999.99999999,5.5979841398538275,7.988656644883513,9.75479684154911,-9.130004352,25.244992128,25.244992128,34.37499648,0.4113938174897452,-1.820749401161359,2.5879567291932415,4.367976628783103,5.740795656196398,7.213595122807964,-0.7025003519999995,12.109998336,12.109998336,12.812498688,0.4073337604542738,-1.8287264293887033,1.6787743323312636,5.146730922016768,0.4839024552889876,5.169429443360097,3.9224995968,6.4224997504,6.4224997504,2.5000001536000003,-0.37726663425066104,-1.7452266644340366,1.2424001179955007,2.0366123184843365,2.1773250970105145,2.9813645053689743,-2.5230028291584023,6.765122741503999,6.765122741503999,9.288125570662402,0.4015083027264873,-1.8224086975990732,2.2691364069442246,125000,0.0019999840000000002,31249999.999999996
Device 4,Device 4/Device4b  1.mat,69,12/24/2008 5:36:32 PM.272341728,3313013792.0,1.6e-08,62499999.99999999,5.570209142697986,7.965466893690967,9.719871024241169,-11.005004159999999,25.244992128,25.244992128,36.249996288,0.41153560831729863,-1.8204265212490576,2.597255875622164,4.1866866473472,5.514145119053876,6.923448669345433,-0.7025003519999995,11.484998400000002,11.484998400000002,12.187498752000002,0.4072834942661854,-1.8284475954679955,1.6588551383144485,5.156465922614887,0.4976622890895475,5.18042551969145,3.9224995968,6.578749759999999,6.578749759999999,2.6562501631999993,-0.37457482287000227,-1.7512863234443896,1.2699245911350991,2.0523801782031135,2.239635806491517,3.0378006750937345,-2.3119090661888015,6.765122741503999,6.765122741503999,9.077031807692801,0.40332442058216805,-1.8210917540737057,2.226980458912188,125000,0.0019999840000000002,31249999.999999996
Device 4,Device 4/Device4b  1.mat,70,12/24/2008 5:36:52 PM.777341842,3313013812.0,1.6e-08,62499999.99999999,5.6088841387376664,7.998516797854316,9.769127506965022,-11.005004159999999,23.36999232,23.36999232,34.37499648,0.4113207776623903,-1.8209231881392218,2.3922292244970773,4.022044164206593,5.313731475883412,6.664276514117823,-0.7025003519999995,11.172498432000001,11.172498432000001,11.874998784,0.40848957650880163,-1.826205295169133,1.6764758197430452,5.141555921698816,0.4695190895875341,5.162949299716517,3.9224995968,6.578749759999999,6.578749759999999,2.6562501631999993,-0.3821060211814114,-1.7360620818859123,1.2742231964898862,1.9758764210027229,2.1192325915051886,2.897453089865706,-1.8897215402496021,6.554028978534398,6.554028978534398,8.443750518784,0.40341711129589286,-1.8190863710882879,2.26199657949878,125000,0.0019999840000000002,31249999.999999996
Device 4,Device 4/Device4b  1.mat,71,12/24/2008 5:37:18 PM.037342071,3313013838.0,1.6e-08,62499999.99999999,5.616364137971714,8.004798323516345,9.778565453606415,-11.005004159999999,23.36999232,23.36999232,34.37499648,0.41121510556987084,-1.821067107972176,2.3899203242926554,4.413859124084736,5.789803973160763,7.280383397520644,-0.7025003519999995,12.109998336,12.109998336,12.812498688,0.40729917485445366,-1.829025728484208,1.6633737091543965,5.146235921986356,0.4798073848298604,5.168554855206629,3.9224995968,6.578749759999999,6.578749759999999,2.6562501631999993,-0.3776457123280478,-1.7427870727551669,1.272841237889308,2.0239196727045003,2.1578137653874383,2.9584474116765715,-1.8897215402496021,6.976216504473598,6.976216504473598,8.865938044723201,0.40147137403705285,-1.8228597411100336,2.358066760605398,125000,0.0019999840000000002,31249999.999999996
Device 4,Device 4/Device4b  1.mat,72,12/24/2008 5:37:40 PM.929341793,3313013860.0,1.6e-08,62499999.99999999,5.593474140315651,7.987689269914467,9.751416965297228,-11.005004159999999,24.619992192000005,24.619992192000005,35.624996352000004,0.4114022323908424,-1.8207806840743712,2.524760481437333,4.663099098562561,6.105501945429031,7.682554731900883,-1.0150003199999995,12.734998271999999,12.734998271999999,13.749998591999997,0.40769774889874966,-1.828983211389791,1.6576514865711862,5.13493717129216,0.4889849440168137,5.158166925235462,3.7662495872,6.7349997696,6.7349997696,2.9687501824,-0.3780620730009226,-1.7380763669389088,1.3056963582644348,2.04707412537711,2.2146450826663973,3.015819178426802,-2.1008153032192003,7.609497793382398,7.609497793382398,9.710313096601599,0.4027552026640538,-1.8215338312557607,2.523194310791499,125000,0.0019999840000000002,31249999.999999996
Device 4,Device 4/Device4b  1.mat,73,12/24/2008 5:38:03 PM.691341876,3313013883.0,1.6e-08,62499999.99999999,5.567694142955523,7.974926045728044,9.726184426810587,-11.005004159999999,23.36999232,23.36999232,34.37499648,0.41159004339926,-1.820575225358643,2.4027914025133796,4.471619118170111,5.856820426902174,7.368698870965145,-0.7025003519999995,12.422498304000001,12.422498304000001,13.124998656,0.40760776959581746,-1.8288426609755992,1.6858469210824074,5.13721842143232,0.5057590126657928,5.162054367051577,3.6099995776,6.7349997696,6.7349997696,3.125000192,-0.3794687916531472,-1.7335185937312962,1.3047130639669815,2.102154398761242,2.3021281786115013,3.11750657849961,-1.4675340143104,7.187310267443198,7.187310267443198,8.654844281753599,0.40457245390125424,-1.81918415649277,2.3054675544268775,125000,0.0019999840000000002,31249999.999999996
Device 4,Device 4/Device4b  1.mat,74,12/24/2008 5:38:26 PM.583342075,3313013906.0,1.6e-08,62499999.99999999,5.536704146128899,7.95749401869782,9.694163391410962,-10.380004223999997,24.619992192000005,24.619992192000005,34.999996416,0.4117496785540799,-1.8203655346867966,2.5396716764453693,4.389004126629887,5.762578337568788,7.243663874048218,-0.7025003519999995,12.109998336,12.109998336,12.812498688,0.40728776249641324,-1.8290416589140914,1.6718056699712884,5.152663422381261,0.47843710049067056,5.174827765585217,3.9224995968,6.578749759999999,6.578749759999999,2.6562501631999993,-0.3781788302002179,-1.739160702035868,1.2712983036365875,2.0033760276922985,2.146128385587334,2.9358784981255392,-2.5230028291584023,6.765122741503999,6.765122741503999,9.288125570662402,0.40165271826584303,-1.8222341035338858,2.3042924786646672,125000,0.0019999840000000002,31249999.999999996
Device 4,Device 4/Device4b  1.mat,75,12/24/2008 5:38:49 PM.488341808,3313013929.0,1.6e-08,62499999.99999999,5.639169135636482,8.014560408370379,9.799663620743985,-11.005004159999999,23.36999232,23.36999232,34.37499648,0.4110024357960644,-1.8212781002916256,2.3847749498799393,3.969831669553153,5.283877542610877,6.609003356777383,-0.7025003519999995,11.172498432000001,11.172498432000001,11.874998784,0.40765623422793806,-1.8283760307203965,1.690496710149626,5.1479396720910335,0.4788286882576529,5.170160517835717,3.9224995968,6.7349997696,6.7349997696,2.8125001728,-0.3770567682233221,-1.73580738971762,1.3026674406657186,1.995888109732241,2.1579487234467205,2.9394407698737304,-1.8897215402496021,6.765122741503999,6.765122741503999,8.6548442817536,0.40247350350554156,-1.8222781184737098,2.3014999352392493,125000,0.0019999840000000002,31249999.999999996
Device 4,Device 4/Device4b  1.mat,76,12/24/2008 5:39:12 PM.381341934,3313013952.0,1.6e-08,62499999.99999999,5.601004139544578,7.988579742988933,9.756467274648577,-11.005004159999999,24.619992192000005,24.619992192000005,35.624996352000004,0.4114249616664748,-1.8205781967334498,2.5234535717629214,4.464406618908671,5.843203829039333,7.353499673397389,-0.7025003519999995,12.734998271999999,12.734998271999999,13.437498623999998,0.41443846178438637,-1.8134590576911964,1.7318282229713222,5.14793342209065,0.4992504603667386,5.17208560838414,3.7662495872,6.7349997696,6.7349997696,2.9687501824,-0.3748547890706575,-1.7485910285786799,1.3021825776979248,2.091131926834021,2.2491003333566213,3.071039733531533,-1.6786277772800011,7.8205915563519985,7.8205915563519985,9.499219333632,0.40328851212202,-1.8203085501587244,2.546561501944077,125000,0.0019999840000000002,31249999.999999996
Device 4,Device 4/Device4b  1.mat,77,12/24/2008 5:39:32 PM.904341697,3313013972.0,1.6e-08,62499999.99999999,5.621939137400834,7.998128452388404,9.776311083713741,-11.005004159999999,25.244992128,25.244992128,36.249996288,0.41119011024339597,-1.8208621725412335,2.5822615413758037,4.162219149852672,5.469458331956858,6.8730664696634935,-0.7025003519999995,11.484998400000002,11.484998400000002,12.187498752000002,0.40723821223815176,-1.8288853527749465,1.6710151794243173,5.1659484231974915,0.47722820279867845,5.187944667079932,4.0787496064,6.578749759999999,6.578749759999999,2.5000001535999994,-0.37899614499206685,-1.7288017688077773,1.2680840259815052,1.9987910711605987,2.1398975802187286,2.928195246218617,-2.1008153032192003,7.609497793382398,7.609497793382398,9.710313096601599,0.40235956680177287,-1.8211822840799425,2.598698909578886,125000,0.0019999840000000002,31249999.999999996
Device 4,Device 4/Device4b  1.mat,78,12/24/2008 5:39:58 PM.046341896,3313013998.0,1.6e-08,62499999.99999999,5.590919140577283,7.992499276618035,9.753892634390294,-10.380004223999997,23.36999232,23.36999232,33.749996544,0.411401276432938,-1.8209021527197586,2.3959657129710488,4.448751620511743,5.846936101375175,7.346975755681395,-0.7025003519999995,12.422498304000001,12.422498304000001,13.124998656,0.40757422661801457,-1.8287115265919893,1.6908315362812676,5.148774672142336,0.48557476918904546,5.171620972283971,3.9224995968,6.578749759999999,6.578749759999999,2.6562501631999993,-0.375804589837189,-1.7449794728042922,1.2720866040371457,2.0397854799292947,2.182118638930543,2.9870330695354665,-2.5230028291584023,6.554028978534398,6.554028978534398,9.077031807692801,0.4019678456886862,-1.8219671316583776,2.194160166949092,125000,0.0019999840000000002,31249999.999999996
Device 4,Device 4/Device4b  1.mat,79,12/24/2008 5:40:20 PM.924341678,3313014020.0,1.6e-08,62499999.99999999,5.597344139919363,7.993869065751584,9.75869889181287,-10.380004223999997,23.994992255999996,23.994992255999996,34.37499647999999,0.41144760434871175,-1.8207220750959747,2.458831092342727,4.005624165888001,5.2924059803189705,6.637362881360484,-0.7025003519999995,10.859998464,10.859998464,11.562498816,0.4073897660911164,-1.8284492614618448,1.6361917614144352,5.150874672271359,0.4884429642407405,5.173981679399616,4.0787496064,6.7349997696,6.7349997696,2.6562501632,-0.3746289486313979,-1.7446696532664454,1.3017053764252067,2.0221059550930653,2.2096306219961557,2.9952261983506285,-1.8897215402496021,6.976216504473598,6.976216504473598,8.865938044723201,0.40295303268837385,-1.8217312211448864,2.329111740647557,125000,0.0019999840000000002,31249999.999999996
Device 4,Device 4/Device4b  1.mat,80,12/24/2008 5:40:41 PM.475341796,3313014041.0,1.6e-08,62499999.99999999,5.603904139247618,7.998809786999423,9.766509080038492,-9.130004352,24.619992192000005,24.619992192000005,33.749996544000005,0.41132838357615964,-1.8209331202495889,2.5208589876110543,4.595679105466368,6.036242491232462,7.586599360278652,-0.7025003519999995,12.734998271999999,12.734998271999999,13.437498623999998,0.40786281866961327,-1.8290062999534757,1.6786174763197523,5.1649584231366665,0.4830987157550786,5.187502277772473,3.7662495872,6.7349997696,6.7349997696,2.9687501824,-0.37787571199514725,-1.727305475939105,1.2983126385232213,2.0211214137825753,2.1680280914142664,2.9639968917682524,-2.1008153032192003,7.609497793382398,7.609497793382398,9.710313096601599,0.40206253060441416,-1.8225218035953867,2.5673096400727826,125000,0.0019999840000000002,31249999.999999996
Device 4,Device 4/Device4b  1.mat,81,12/24/2008 5:41:06 PM.540341854,3313014066.0,1.6e-08,62499999.99999999,5.623689137221635,8.000780359578417,9.779486994434848,-11.630004096,23.994992255999996,23.994992255999996,35.624996352,0.41114396949329435,-1.820957561232183,2.4536043935284826,4.175241648519169,5.513248319716883,6.915818813299702,-1.0150003199999995,11.484998400000002,11.484998400000002,12.49999872,0.4073467515334328,-1.8283648959409207,1.6606852651942505,5.151980922339328,0.47965065553618463,5.1742605438366445,3.9224995968,6.578749759999999,6.578749759999999,2.6562501631999993,-0.3774660582562683,-1.7450679359466685,1.2714376681004829,2.0285823117409727,2.1625083760127612,2.965061326825079,-1.6786277772800011,6.976216504473598,6.976216504473598,8.654844281753599,0.4015306055303211,-1.822722279979063,2.3528068176396113,125000,0.0019999840000000002,31249999.999999996
Device 4,Device 4/Device4b  1.mat,82,12/24/2008 5:41:29 PM.367341995,3313014089.0,1.6e-08,62499999.99999999,5.639454135607299,8.003655848374274,9.790911596313899,-11.630004096,24.619992192000005,24.619992192000005,36.249996288000006,0.4109764386394676,-1.8210530314203992,2.5145760892447426,4.084256657836033,5.383303526399721,6.757300445031701,-0.7025003519999995,11.484998400000002,11.484998400000002,12.187498752000002,0.4073729860368537,-1.8284242183883896,1.6996429999563416,5.145193421922305,0.49531822200059566,5.168980120878623,3.7662495872,6.7349997696,6.7349997696,2.9687501824,-0.37503182946282543,-1.7427681572584854,1.3029649199840965,2.0568469222275505,2.2407710546783086,3.0416564863509956,-1.6786277772800011,7.609497793382398,7.609497793382398,9.2881255706624,0.40368058004447294,-1.8208435733472144,2.5017610724711834,125000,0.0019999840000000002,31249999.999999996
Device 4,Device 4/Device4b  1.mat,83,12/24/2008 5:41:52 PM.198341846,3313014112.0,1.6e-08,62499999.99999999,5.592739140390916,7.993620953839848,9.755855013586865,-10.380004223999997,24.619992192000005,24.619992192000005,34.999996416,0.4114288079309261,-1.8208197649906868,2.523611939467328,4.017769164644353,5.298156377766581,6.6492804169801465,-0.7025003519999995,11.172498432000001,11.172498432000001,11.874998784,0.4072510644963287,-1.8288683716656204,1.6802567693594326,5.161257172909262,0.472836562584337,5.182870828008727,3.9224995968,6.7349997696,6.7349997696,2.8125001728,-0.3803340495095103,-1.7222816920453627,1.2994728198131855,1.9977778210983446,2.1280340081443,2.918843086274277,-2.5230028291584023,6.554028978534398,6.554028978534398,9.077031807692801,0.4027351978153895,-1.8204273787630483,2.2454201150292774,125000,0.0019999840000000002,31249999.999999996
Device 4,Device 4/Device4b  1.mat,84,12/24/2008 5:42:15 PM.082341670,3313014135.0,1.6e-08,62499999.99999999,5.612304138387459,7.991547583815053,9.765387372047316,-11.630004096,24.619992192000005,24.619992192000005,36.249996288000006,0.4112868037685587,-1.8207314894515514,2.5211485478264666,4.445991620794367,5.8315097782787095,7.333031282241603,-0.7025003519999995,12.109998336,12.109998336,12.812498688,0.4074870207955665,-1.8284267639365501,1.651431429909044,5.156748422632243,0.48775291277392047,5.179764202957464,4.0787496064,6.4224997504,6.4224997504,2.3437501440000004,-0.3764501848262168,-1.7503599701113992,1.2399212587192634,2.0184802086202995,2.1852916798628796,2.9748549676698146,-1.8897215402496021,6.976216504473598,6.976216504473598,8.865938044723201,0.4017049791919408,-1.8226965673251756,2.3450610467702986,125000,0.0019999840000000002,31249999.999999996
Device 4,Device 4/Device4b  1.mat,85,12/24/2008 5:42:37 PM.907341957,3313014157.0,1.6e-08,62499999.99999999,5.618544137748482,8.003856322277313,9.779046694616317,-11.005004159999999,23.36999232,23.36999232,34.37499648,0.41117880535331136,-1.8211080121846928,2.389802712862179,4.681321596696576,6.1346165517819955,7.716753989152136,-0.7025003519999995,12.734998271999999,12.734998271999999,13.437498623999998,0.40764538122119776,-1.828752668824755,1.6503050751523611,5.128942170923827,0.5103656421632243,5.154272100052683,3.7662495872,6.578749759999999,6.578749759999999,2.812500172799999,-0.38387615171360145,-1.7365093412930257,1.2763683469354976,2.137136857160564,2.3203361097691304,3.154570273196125,-1.8897215402496021,7.187310267443198,7.187310267443198,9.077031807692801,0.4049181896243274,-1.8180868226145013,2.2783801421425336,125000,0.0019999840000000002,31249999.999999996
Device 4,Device 4/Device4b  1.mat,86,12/24/2008 5:43:00 PM.764341831,3313014180.0,1.6e-08,62499999.99999999,5.623454137245699,8.002172668349365,9.780490981938653,-11.005004159999999,24.619992192000005,24.619992192000005,35.624996352000004,0.4111829823001647,-1.8208645590446806,2.517255241834487,4.0830816579563525,5.389625853702531,6.761628699391763,-0.7025003519999995,11.172498432000001,11.172498432000001,11.874998784,0.4074585352904014,-1.8283569269563047,1.652338353480577,5.15687842264023,0.4774091338858954,5.1789298650406606,4.0787496064,6.4224997504,6.4224997504,2.3437501440000004,-0.3786815604284263,-1.736866069659302,1.2401210129825877,2.0174466935568,2.131870725949675,2.935125883757707,-2.3119090661888015,6.765122741503999,6.765122741503999,9.077031807692801,0.40180702297447335,-1.8218045653763713,2.3048833370114004,125000,0.0019999840000000002,31249999.999999996
Device 4,Device 4/Device4b  1.mat,87,12/24/2008 5:43:23 PM.572341918,3313014203.0,1.6e-08,62499999.99999999,5.5808591416074265,7.983719200527259,9.740932246521929,-10.380004223999997,25.244992128,25.244992128,35.624996352,0.41150010834704565,-1.820644970081269,2.591640254659805,4.123984153767937,5.4525116534578775,6.836455853117388,-0.7025003519999995,11.484998400000002,11.484998400000002,12.187498752000002,0.40735521894280924,-1.8287693581544648,1.6799638067966025,5.145919671966925,0.48278223713254687,5.168516998020505,3.9224995968,6.578749759999999,6.578749759999999,2.6562501631999993,-0.37595328674474404,-1.7445485457053962,1.2728505609093674,2.0311120593964,2.1725769611160777,2.9741396822943362,-2.1008153032192003,7.3984040304128,7.3984040304128,9.499219333632,0.4021203875316361,-1.8224760321305629,2.4875778614088024,125000,0.0019999840000000002,31249999.999999996
Device 4,Device 4/Device4b  1.mat,88,12/24/2008 5:43:46 PM.469341754,3313014226.0,1.6e-08,62499999.99999999,5.572974142414851,7.9690199280536955,9.724367301050565,-10.380004223999997,24.619992192000005,24.619992192000005,34.999996416,0.41154836523009325,-1.820526723931404,2.531783449740756,4.483051616999423,5.91359185068772,7.4208032164450595,-0.7025003519999995,12.422498304000001,12.422498304000001,13.124998656,0.40759606462855535,-1.828709027587661,1.6740099341902517,5.124700920663245,0.5130384740972086,5.150317271989241,3.7662495872,6.578749759999999,6.578749759999999,2.812500172799999,-0.3853456275927617,-1.7348043471682129,1.2773484452655952,2.15860424847952,2.3352177783339982,3.180065152445938,-2.5230028291584023,6.976216504473598,6.976216504473598,9.499219333632,0.40531576320207546,-1.8171703337591378,2.193733829354993,125000,0.0019999840000000002,31249999.999999996
Device 4,Device 4/Device4b  1.mat,89,12/24/2008 5:44:09 PM.375341892,3313014249.0,1.6e-08,62499999.99999999,5.535054146297859,7.952071412266109,9.688770001823196,-10.380004223999997,24.619992192000005,24.619992192000005,34.999996416,0.411749670304961,-1.8202445520990602,2.541085420271831,4.482249117081599,5.890831145140005,7.4021921569309646,-1.0150003199999995,12.422498304000001,12.422498304000001,13.437498624,0.4074967487858066,-1.828568760615289,1.6782188358037053,5.147488422063309,0.47895929328582126,5.169723305932404,3.7662495872,6.4224997504,6.4224997504,2.6562501632,-0.37802038084901535,-1.7445316810200795,1.242329496247894,2.032398886975463,2.1506013901286862,2.959008545949562,-2.5230028291584023,6.554028978534398,6.554028978534398,9.077031807692801,0.4008036690810466,-1.8230601039043441,2.2149408752150714,125000,0.0019999840000000002,31249999.999999996
Device 4,Device 4/Device4b  1.mat,90,12/24/2008 5:44:32 PM.494341850,3313014272.0,1.6e-08,62499999.99999999,5.5803341416611865,7.976200712436183,9.734470038869961,-11.630004096,24.619992192000005,24.619992192000005,36.249996288000006,0.4115558569606312,-1.8204151995415383,2.529155885599505,4.153314150764544,5.4876936030327785,6.882208912530039,-1.0150003199999995,11.484998400000002,11.484998400000002,12.49999872,0.40727706883587583,-1.82896231268128,1.6687953745620727,5.142309671745126,0.4844478966965134,5.165078753004367,3.9224995968,6.578749759999999,6.578749759999999,2.6562501631999993,-0.37590081446949936,-1.7445766582247058,1.2736978610777896,2.0154303259329147,2.1906431571081972,2.9767224997428,-1.6786277772800011,7.609497793382398,7.609497793382398,9.2881255706624,0.4023977246526079,-1.8223448377061047,2.5563342884799933,125000,0.0019999840000000002,31249999.999999996
Device 4,Device 4/Device4b  1.mat,91,12/24/2008 5:44:53 PM.284341812,3313014293.0,1.6e-08,62499999.99999999,5.540394145751042,7.959864217685185,9.698216622361938,-11.005004159999999,25.244992128,25.244992128,36.249996288,0.41175303972303456,-1.8202053192054652,2.6030550884778796,4.1791291481210875,5.517568485823945,6.921609815095969,-1.0150003199999995,11.484998400000002,11.484998400000002,12.49999872,0.407062355099224,-1.8277935920741901,1.6592958440031282,5.1541109224701955,0.4706589942902388,5.175555940189697,4.0787496064,6.109999731199999,6.109999731199999,2.0312501247999997,-0.38152894123157893,-1.741186984830312,1.1805494524277238,1.9941942933781727,2.1265467144340375,2.9153064690375645,-2.1008153032192003,7.3984040304128,7.3984040304128,9.499219333632,0.4013178127931377,-1.8211320967209172,2.5377791696991805,125000,0.0019999840000000002,31249999.999999996
Device 4,Device 4/Device4b  1.mat,92,12/24/2008 5:45:18 PM.501341819,3313014318.0,1.6e-08,62499999.99999999,5.586289141051395,7.984208729890942,9.744445361840532,-11.630004096,25.244992128,25.244992128,36.874996224,0.411492720230412,-1.8205001557054155,2.590705903781857,3.84692918213837,5.096496662469917,6.3853850598812585,-0.7025003519999995,10.859998464,10.859998464,11.562498816,0.4082066284820125,-1.825517858875713,1.7007585857636518,5.151827172329882,0.4746261065827689,5.173644088513088,4.0787496064,6.4224997504,6.4224997504,2.3437501440000004,-0.3793758707049378,-1.7426258149228895,1.2413880121092433,2.007334457935505,2.1483840468926227,2.9402288412567397,-1.6786277772800011,7.8205915563519985,7.8205915563519985,9.499219333632,0.4020532438038838,-1.8218888427291444,2.6598581194140145,125000,0.0019999840000000002,31249999.999999996
Device 4,Device 4/Device4b  1.mat,93,12/24/2008 5:45:41 PM.535341739,3313014341.0,1.6e-08,62499999.99999999,5.539169145876483,7.9607565573537356,9.698249315834301,-11.630004096,23.994992255999996,23.994992255999996,35.624996352,0.41172836734010176,-1.8202459161399924,2.4741570849105154,4.558434109280254,6.005654697996741,7.539708872378297,-1.0150003199999995,12.422498304000001,12.422498304000001,13.437498624,0.40766242585744344,-1.828146017730899,1.6476098101758,5.098764669069722,0.5634730345496803,5.1298053580246386,3.7662495872,6.578749759999999,6.578749759999999,2.812500172799999,-0.3876502359490536,-1.7534553987042707,1.2824560194489159,2.3263765050374463,2.5996198451777075,3.4885600156270797,-2.1008153032192003,7.609497793382398,7.609497793382398,9.710313096601599,0.40364803012603057,-1.8241667064908664,2.1812718598205243,125000,0.0019999840000000002,31249999.999999996
Device 4,Device 4/Device4b  1.mat,94,12/24/2008 5:46:04 PM.560341835,3313014364.0,1.6e-08,62499999.99999999,5.559619143782403,7.9724444160691155,9.719528537497247,-11.005004159999999,25.244992128,25.244992128,36.249996288,0.41166645066980606,-1.8203723856918637,2.597347395051789,3.9557566709944334,5.219717522536495,6.5493100289413295,-0.7025003519999995,10.859998464,10.859998464,11.562498816,0.4080118060277466,-1.8255168190427302,1.6581897048711673,5.160769672879309,0.4741323625567078,5.182503749514748,4.234999616,6.266249740799999,6.266249740799999,2.0312501247999997,-0.38033434889943946,-1.7412615309297432,1.2091162966137219,1.9868617404276607,2.1317872603003556,2.9141270560416768,-2.5230028291584023,6.554028978534398,6.554028978534398,9.077031807692801,0.4019979086193983,-1.820555619402097,2.2490539542352286,125000,0.0019999840000000002,31249999.999999996
Device 4,Device 4/Device4b  1.mat,95,12/24/2008 5:46:27 PM.513341903,3313014387.0,1.6e-08,62499999.99999999,5.5247891473489945,7.958126658493471,9.687882897480216,-11.630004096,24.619992192000005,24.619992192000005,36.249996288000006,0.4118093253998157,-1.8202320333711783,2.5413181035046963,4.011914165243905,5.321867426700201,6.664662645375031,-0.7025003519999995,11.172498432000001,11.172498432000001,11.874998784,0.4074995340323153,-1.8272273095945955,1.676378689588017,5.153223422415667,0.4944320241833568,5.176888512211896,4.0787496064,6.266249740799999,6.266249740799999,2.1875001343999996,-0.37483302488010084,-1.758020492647828,1.21042779384149,2.073884722024353,2.2331351345932013,3.047604037535162,-1.4675340143104,7.609497793382398,7.609497793382398,9.077031807692798,0.4027330264547586,-1.82117524375943,2.4968787610403615,125000,0.0019999840000000002,31249999.999999996
Device 4,Device 4/Device4b  1.mat,96,12/24/2008 5:46:50 PM.385341644,3313014410.0,1.6e-08,62499999.99999999,5.493549150547971,7.944381543669087,9.658792904958483,-11.005004159999999,23.994992255999996,23.994992255999996,34.999996415999995,0.4117749376465716,-1.820349212653605,2.4842640785560084,3.8490916819169296,5.079184816408858,6.372882014837588,-0.7025003519999995,10.859998464,10.859998464,11.562498816,0.4081776455330889,-1.8243789010663163,1.704095327469634,5.155594672561357,0.46657640810501805,5.176663981015498,4.234999616,6.109999731199999,6.109999731199999,1.8750001151999998,-0.3835351912530432,-1.7368343759113787,1.1802967613133373,1.9969520222976078,2.106807600079736,2.9028357933428204,-2.3119090661888015,6.765122741503999,6.765122741503999,9.077031807692801,0.40223927112400054,-1.8192749830093768,2.330522021610283,125000,0.0019999840000000002,31249999.999999996
Device 4,Device 4/Device4b  1.mat,97,12/24/2008 5:47:13 PM.264341831,3313014433.0,1.6e-08,62499999.99999999,5.5070641491640355,7.952280340493499,9.672978763380346,-11.630004096,25.244992128,25.244992128,36.874996224,0.41181799079716674,-1.820268436239647,2.6098467437529878,3.9069416759930897,5.139224092588518,6.455681027858637,-0.7025003519999995,10.859998464,10.859998464,11.562498816,0.40783943796459166,-1.8225483388771249,1.6822390104367166,5.1447021718921215,0.47830754578618295,5.166888671708295,4.234999616,5.9537497215999995,5.9537497215999995,1.7187501055999999,-0.37649820186252264,-1.7563314532361565,1.1522891434065967,2.008018401727526,2.1622317083858036,2.950827657187956,-1.4675340143104,7.187310267443198,7.187310267443198,8.654844281753599,0.399722118648334,-1.82354179740527,2.435692999533722,125000,0.0019999840000000002,31249999.999999996
Device 4,Device 4/Device4b  1.mat,98,12/24/2008 5:47:36 PM.269341945,3313014456.0,1.6e-08,62499999.99999999,5.512389148618755,7.963888186673461,9.685553632893006,-11.630004096,25.244992128,25.244992128,36.874996224,0.41183717070483244,-1.8202442014634679,2.6064583486756763,4.137084152426496,5.472142515292568,6.860015232631115,-1.0150003199999995,11.484998400000002,11.484998400000002,12.49999872,0.40681660506378814,-1.8266261775664252,1.6741942999439965,5.158553422743142,0.47078792628285876,5.17999176513136,4.234999616,5.9537497215999995,5.9537497215999995,1.7187501055999999,-0.3801198666746491,-1.7417342041256922,1.1493743603372346,1.9900737431250064,2.126318846275604,2.912323014210888,-2.3119090661888015,7.609497793382398,7.609497793382398,9.9214068595712,0.4002329516406191,-1.821442859565035,2.612861882507988,125000,0.0019999840000000002,31249999.999999996
Device 4,Device 4/Device4b  1.mat,99,12/24/2008 5:47:59 PM.160341739,3313014479.0,1.6e-08,62499999.99999999,5.490739150835715,7.942523188536275,9.655666265098258,-11.630004096,24.619992192000005,24.619992192000005,36.249996288000006,0.4117555110654666,-1.8203239237656987,2.5497973434513135,4.054314160902145,5.35933302621849,6.720112633074531,-0.7025003519999995,11.172498432000001,11.172498432000001,11.874998784,0.40690010409445154,-1.8263536579943358,1.6625463056991132,5.145630921949183,0.47513420427959485,5.167520691491812,4.234999616,5.9537497215999995,5.9537497215999995,1.7187501055999999,-0.3782501937686658,-1.7524452704942013,1.1521482113081218,1.9972019573129633,2.1477314280699957,2.932842639047366,-2.5230028291584023,6.765122741503999,6.765122741503999,9.288125570662402,0.3999200501174199,-1.8230395837501971,2.306677709684901,125000,0.0019999840000000002,31249999.999999996
Device 4,Device 4/Device4b  1.mat,100,12/24/2008 5:48:22 PM.294342041,3313014502.0,1.6e-08,62499999.99999999,5.535809146220547,7.948237497875842,9.686055039386193,-10.380004223999997,25.244992128,25.244992128,35.624996352,0.41172711443233045,-1.8201170461233676,2.6063234232457737,4.325651633117184,5.700378276979304,7.155807051042315,-0.7025003519999995,12.109998336,12.109998336,12.812498688,0.407107851392091,-1.826433804507835,1.692331591617756,5.121537170468865,0.5492460469025755,5.150904212711814,4.0787496064,6.266249740799999,6.266249740799999,2.1875001343999996,-0.3900420599591853,-1.7530287372037876,1.2165339291955082,2.285007193745716,2.5432868589503905,3.4190007198565224,-2.3119090661888015,8.664966608230397,8.664966608230397,10.9768756744192,0.40256888900326304,-1.8233948454558193,2.534356473781035,125000,0.0019999840000000002,31249999.999999996
Device 4,Device 4/Device4b  1.mat,101,12/24/2008 5:48:45 PM.304341793,3313014525.0,1.6e-08,62499999.99999999,5.533264146481154,7.959493148580178,9.6938404823387,-10.380004223999997,25.244992128,25.244992128,35.624996352,0.41180259976019523,-1.8201595907413461,2.604230198959235,3.7356241935360006,4.959637166336229,6.209097272312229,-0.7025003519999995,10.547498496,10.547498496,11.249998847999999,0.4067799707280529,-1.8253866911972507,1.698716904151862,5.171423423533875,0.4702013383018896,5.192755484712881,4.3912496255999995,5.9537497215999995,5.9537497215999995,1.562500096,-0.3822070339640918,-1.7347556707785974,1.1465492144059994,1.992478523272756,2.1087289065363493,2.901156367203459,-2.5230028291584023,7.609497793382398,7.609497793382398,10.1325006225408,0.40131559088512053,-1.8193346771748284,2.6229188744891743,125000,0.0019999840000000002,31249999.999999996
Device 4,Device 4/Device4b  1.mat,102,12/24/2008 5:49:08 PM.444341659,3313014548.0,1.6e-08,62499999.99999999,5.564094143324163,7.9747640821130625,9.723991248511838,-11.630004096,25.244992128,25.244992128,36.874996224,0.4116675313040764,-1.82028635013119,2.596155373120425,4.077969158479872,5.379143086094118,6.750186130632784,-1.0150003199999995,11.172498432000001,11.172498432000001,12.187498752,0.40673758720954856,-1.8259019023695204,1.6551393125736897,5.135577171331482,0.5001136999250474,5.159870792525117,4.234999616,5.9537497215999995,5.9537497215999995,1.7187501055999999,-0.37789143571744943,-1.7570570069950826,1.153856358229927,2.07965518112889,2.272041852624395,3.080120103579263,-2.5230028291584023,7.8205915563519985,7.8205915563519985,10.3435943855104,0.4013523395250475,-1.8218142772004973,2.5390540931387893,125000,0.0019999840000000002,31249999.999999996
Device 4,Device 4/Device4b  1.mat,103,12/24/2008 5:49:31 PM.452342033,3313014571.0,1.6e-08,62499999.99999999,5.530014146813954,7.955309980662553,9.688550632183933,-11.630004096,23.994992255999996,23.994992255999996,35.624996352,0.41176478515301096,-1.8202526465889937,2.476633829655819,4.061741660141569,5.372529736639912,6.735118490777256,-1.0150003199999995,11.172498432000001,11.172498432000001,12.187498752,0.4063281281510865,-1.8266252697177732,1.6588421491469048,5.155137172533248,0.47195584641396693,5.17669601083533,4.3912496255999995,5.9537497215999995,5.9537497215999995,1.562500096,-0.37918576474607174,-1.7459448735951768,1.1501061119173737,2.010897720654431,2.1282511494916942,2.927996345326597,-1.6786277772800011,6.765122741503999,6.765122741503999,8.443750518784,0.3993233470759907,-1.8226426784978662,2.3104956235009912,125000,0.0019999840000000002,31249999.999999996
Device 4,Device 4/Device4b  1.mat,104,12/24/2008 5:49:54 PM.610342025,3313014594.0,1.6e-08,62499999.99999999,5.496149150281731,7.943442586086037,9.659499759334736,-11.005004159999999,23.994992255999996,23.994992255999996,34.999996415999995,0.41181361502375613,-1.8203003201678112,2.484082287264591,4.2994091358044155,5.675178472371782,7.119871460237931,-0.7025003519999995,11.797498368,11.797498368,12.499998719999999,0.4070331595159959,-1.8268881907903132,1.6569819320313617,5.158477172738458,0.46880320324724417,5.179735821935191,4.234999616,5.9537497215999995,5.9537497215999995,1.7187501055999999,-0.38097562583778,-1.7396686505611356,1.1494311536868362,2.00312947017715,2.106914724550379,2.907166546797653,-2.5230028291584023,6.765122741503999,6.765122741503999,9.288125570662402,0.4000078667477617,-1.8211028867965184,2.3270502850811976,125000,0.0019999840000000002,31249999.999999996
Device 4,Device 4/Device4b  1.mat,105,12/24/2008 5:50:17 PM.711341857,3313014617.0,1.6e-08,62499999.99999999,5.544464145334276,7.960936957393097,9.701422570864779,-11.630004096,25.244992128,25.244992128,36.874996224,0.41170178563570525,-1.8202599291133759,2.602194878492926,4.30633663509504,5.66518842201368,7.116101114492368,-0.7025003519999995,11.797498368,11.797498368,12.499998719999999,0.40675985585498686,-1.82695266085044,1.6578598558659718,5.147278422050407,0.48812025031081546,5.170371024681809,4.234999616,5.9537497215999995,5.9537497215999995,1.7187501055999999,-0.3745304426444976,-1.760494911581934,1.15151305257951,2.0503215918266338,2.2020105956498823,3.00876541014165,-1.6786277772800011,7.3984040304128,7.3984040304128,9.077031807692801,0.40028332459894334,-1.8229465887219058,2.458950108065916,125000,0.0019999840000000002,31249999.999999996
Device 4,Device 4/Device4b  1.mat,106,12/24/2008 5:50:40 PM.833342075,3313014640.0,1.6e-08,62499999.99999999,5.504649149411332,7.940456189234977,9.66188422365301,-10.380004223999997,25.244992128,25.244992128,35.624996352,0.41183771746295855,-1.8201704146554414,2.612843576224851,4.32039913365504,5.684363990148997,7.13987693497513,-0.7025003519999995,11.797498368,11.797498368,12.499998719999999,0.40666816720648163,-1.8267837105712377,1.652339175512847,5.154067172467507,0.4695781398385508,5.175414190934039,4.234999616,5.9537497215999995,5.9537497215999995,1.7187501055999999,-0.37970029058148524,-1.7440091955365156,1.1503909642689853,1.9907813294184804,2.115743761444466,2.905095861697577,-2.3119090661888015,7.609497793382398,7.609497793382398,9.9214068595712,0.3996280074724139,-1.8213640540886982,2.6193620299110645,125000,0.0019999840000000002,31249999.999999996
Device 4,Device 4/Device4b  1.mat,107,12/24/2008 5:51:03 PM.900341987,3313014663.0,1.6e-08,62499999.99999999,5.50900414896538,7.941749936435729,9.665429052359478,-11.630004096,24.619992192000005,24.619992192000005,36.249996288000006,0.41179877272105264,-1.8201619235329594,2.5472218624366074,4.27552413825024,5.609351402379622,7.0530085645870795,-1.0150003199999995,11.797498368,11.797498368,12.812498687999998,0.40655353650741155,-1.8262540276406682,1.672690208719559,5.1592934227886085,0.4648954398100884,5.180196559242323,4.3912496255999995,5.9537497215999995,5.9537497215999995,1.562500096,-0.3816634257385389,-1.736112955217712,1.1493289209224176,1.9816333701064297,2.08388924216758,2.8756677810799247,-1.8897215402496021,6.976216504473598,6.976216504473598,8.865938044723201,0.4003353896741787,-1.8185193877394863,2.4259466098179665,125000,0.0019999840000000002,31249999.999999996
Device 4,Device 4/Device4b  1.mat,108,12/24/2008 5:51:27 PM.102341651,3313014687.0,1.6e-08,62499999.99999999,5.486094151311363,7.9437378082681995,9.654025036406441,-11.630004096,24.619992192000005,24.619992192000005,36.249996288000006,0.4118388508704697,-1.8202760007066392,2.550230820735929,4.283404137443329,5.638419920067823,7.0809130908156375,-1.0150003199999995,11.797498368,11.797498368,12.812498687999998,0.40659772436400515,-1.8266668452048007,1.666098456045457,5.161415922919015,0.47682547120172036,5.183394337627486,4.234999616,5.9537497215999995,5.9537497215999995,1.7187501055999999,-0.3782254159437412,-1.746685709828984,1.148619868332286,2.013385249557265,2.1485162020002875,2.9444595486086254,-1.6786277772800011,6.976216504473598,6.976216504473598,8.654844281753599,0.3987469726380076,-1.8239429451986677,2.3692689233140047,125000,0.0019999840000000002,31249999.999999996
Device 4,Device 4/Device4b  1.mat,109,12/24/2008 5:51:50 PM.185341835,3313014710.0,1.6e-08,62499999.99999999,5.484974151426051,7.93469654148859,9.645949960855225,-12.255004032000002,25.244992128,25.244992128,37.49999616,0.41180340913035507,-1.8200817086928982,2.61715976450719,4.235621642336256,5.557578581824172,6.987644123034463,-0.7025003519999995,11.797498368,11.797498368,12.499998719999999,0.4065718621002982,-1.8261364519332235,1.6883370360992,5.171185923519284,0.4628061271396936,5.191854520970519,4.234999616,5.9537497215999995,5.9537497215999995,1.7187501055999999,-0.3829091086450663,-1.7269751647132006,1.1467481797789392,1.941650522649884,2.085744644145896,2.849620583988307,-1.4675340143104,7.187310267443198,7.187310267443198,8.654844281753599,0.4011316370748953,-1.817550353700023,2.522199028118998,125000,0.0019999840000000002,31249999.999999996
Device 4,Device 4/Device4b  1.mat,110,12/24/2008 5:52:13 PM.295341968,3313014733.0,1.6e-08,62499999.99999999,5.517339148111875,7.954508131708516,9.680662730035829,-11.005004159999999,25.244992128,25.244992128,36.249996288,0.4118098207003749,-1.8201523294441468,2.607775193910362,4.192906646710272,5.541185164462875,6.9487552248507525,-0.7025003519999995,11.484998400000002,11.484998400000002,12.187498752000002,0.40638700096756347,-1.8263026444360004,1.6528137815138941,5.162502172985754,0.46182433546404306,5.183117826454405,4.3912496255999995,5.9537497215999995,5.9537497215999995,1.562500096,-0.3830426309167655,-1.731096793811394,1.148681145393285,1.9736422046154527,2.0757971109708753,2.8642969814169716,-2.1008153032192003,7.3984040304128,7.3984040304128,9.499219333632,0.4005700148519276,-1.8174689256347767,2.582973790222269,125000,0.0019999840000000002,31249999.999999996
Device 4,Device 4/Device4b  1.mat,111,12/24/2008 5:52:36 PM.328341960,3313014756.0,1.6e-08,62499999.99999999,5.5400541457858585,7.962031877185414,9.699801624340354,-10.380004223999997,25.869992063999995,25.869992063999995,36.24999628799999,0.4117424826411024,-1.8201862753750968,2.66706403552447,4.588804106170367,6.025242051113673,7.573682387010597,-0.7025003519999995,12.422498304000001,12.422498304000001,13.124998656,0.40639773980515453,-1.8264339681294084,1.6402190729974984,5.169975923444942,0.46555379603917707,5.190895046714666,4.3912496255999995,5.9537497215999995,5.9537497215999995,1.562500096,-0.3810354560513041,-1.7320675598036868,1.1469601423300104,2.0020790676126134,2.089729633507551,2.894009421914897,-2.1008153032192003,7.609497793382398,7.609497793382398,9.710313096601599,0.39807362130749574,-1.820863424428726,2.629396343964691,125000,0.0019999840000000002,31249999.999999996
Device 4,Device 4/Device4b  1.mat,112,12/24/2008 5:52:59 PM.521341800,3313014779.0,1.6e-08,62499999.99999999,5.564049143328771,7.97169721686364,9.721450477512555,-11.630004096,24.619992192000005,24.619992192000005,36.249996288000006,0.4116473976465937,-1.8202494413191255,2.532543085926368,4.047111661639681,5.3562703680318595,6.713325931104198,-1.0150003199999995,11.172498432000001,11.172498432000001,12.187498752,0.40716415715137766,-1.8259706250378365,1.6642270234840757,5.156794672635086,0.4692291937638033,5.178098814429657,4.3912496255999995,5.9537497215999995,5.9537497215999995,1.562500096,-0.38082344216451275,-1.7409963185853086,1.1497945355945811,1.9997637912203627,2.1207030547195256,2.9148647767903,-1.8897215402496021,7.187310267443198,7.187310267443198,9.077031807692801,0.4004257984579647,-1.8212770045352669,2.4657439771039726,125000,0.0019999840000000002,31249999.999999996
Device 4,Device 4/Device4b  1.mat,113,12/24/2008 5:53:22 PM.747341632,3313014802.0,1.6e-08,62499999.99999999,5.526954147127299,7.960649193365173,9.691189696021496,-12.255004032000002,24.619992192000005,24.619992192000005,36.87499622400001,0.4117339855968339,-1.8202146691314909,2.540450962600309,4.096491656583169,5.429144883596959,6.801239450243062,-0.7025003519999995,11.484998400000002,11.484998400000002,12.187498752000002,0.40667857147953196,-1.82680643634284,1.6886625568799158,5.16852717335593,0.4624086347789839,5.189170924843082,4.3912496255999995,5.9537497215999995,5.9537497215999995,1.562500096,-0.38374334857498477,-1.7270244081826307,1.1473412242207146,1.9933364083254645,2.0807092705058334,2.8814477446458717,-1.6786277772800011,6.765122741503999,6.765122741503999,8.443750518784,0.40082883840653477,-1.8182848425687643,2.3478207279915217,125000,0.0019999840000000002,31249999.999999996
Device 4,Device 4/Device4b  1.mat,114,12/24/2008 5:53:45 PM.845341682,3313014825.0,1.6e-08,62499999.99999999,5.534729146331139,7.968655391600379,9.702200547985452,-11.005004159999999,22.744992384000007,22.744992384000007,33.749996544000005,0.41178067102101384,-1.8204421108549644,2.344312743434554,3.9720291693281293,5.225480504164449,6.563738433346979,-0.7025003519999995,10.859998464,10.859998464,11.562498816,0.4072023681473437,-1.8254022865268904,1.6545446736307978,5.177563423911117,0.4569728534429057,5.197690563837554,4.3912496255999995,5.9537497215999995,5.9537497215999995,1.562500096,-0.3853011085634955,-1.7184213342222052,1.1454605941767015,1.9680693292730553,2.048261726039943,2.8405409666444563,-2.3119090661888015,6.342935215564798,6.342935215564798,8.654844281753599,0.4024895036648799,-1.8154183600377716,2.233002547770939,125000,0.0019999840000000002,31249999.999999996
Device 4,Device 4/Device4b  1.mat,115,12/24/2008 5:54:08 PM.808341979,3313014848.0,1.6e-08,62499999.99999999,5.539864145805314,7.965295894652611,9.702372567745941,-11.630004096,25.244992128,25.244992128,36.874996224,0.4118213909136478,-1.820242063322753,2.601940087512525,3.8291966839541773,5.055964689303695,6.342359670019628,-0.7025003519999995,10.859998464,10.859998464,11.562498816,0.4078535968251949,-1.8239230923607292,1.7122962160811026,5.175735923798836,0.45023854444952094,5.195282196359482,4.3912496255999995,5.9537497215999995,5.9537497215999995,1.562500096,-0.3870884871359207,-1.7132972836566,1.1459915932520475,1.97147891573254,2.0408374481873888,2.8375599738334985,-1.4675340143104,7.3984040304128,7.3984040304128,8.8659380447232,0.4027694003118207,-1.8147397763075777,2.607311950632597,125000,0.0019999840000000002,31249999.999999996
Device 4,Device 4/Device4b  1.mat,116,12/24/2008 5:54:31 PM.876341819,3313014871.0,1.6e-08,62499999.99999999,5.501314149752835,7.947240063236524,9.665561649329149,-10.380004223999997,25.244992128,25.244992128,35.624996352,0.4117654569099069,-1.8202774505652746,2.6118494758917774,4.117771654404097,5.403896801281702,6.793978513118545,-0.7025003519999995,11.484998400000002,11.484998400000002,12.187498752000002,0.40659013394965643,-1.825334041460222,1.690467283319123,5.177578423912039,0.45752669576046456,5.1977542278461915,4.3912496255999995,5.9537497215999995,5.9537497215999995,1.562500096,-0.38361386373235107,-1.721213861786795,1.145446564153356,1.9569337110888831,2.0520963069338785,2.8356108341110158,-2.7340965921280005,6.765122741503999,6.765122741503999,9.499219333632,0.4009487231709719,-1.8161025125362948,2.3857726385168485,125000,0.0019999840000000002,31249999.999999996
Device 4,Device 4/Device4b  1.mat,117,12/24/2008 5:54:54 PM.979341983,3313014894.0,1.6e-08,62499999.99999999,5.480094151925763,7.929844504255777,9.63918387497855,-12.255004032000002,25.244992128,25.244992128,37.49999616,0.41177898835238297,-1.8203086281245677,2.618996841997288,3.782909188694017,5.078202312382639,6.3323408511698105,-1.0150003199999995,10.859998464,10.859998464,11.874998783999999,0.41006475839987616,-1.8198884983996246,1.7150053541406838,5.17199592356905,0.4842076017665473,5.194612481699032,4.0787496064,6.266249740799999,6.266249740799999,2.1875001343999996,-0.3797951287460973,-1.7466450832828846,1.2062978254636736,2.0202044224762354,2.16721077060364,2.9627737734786574,-1.6786277772800011,7.3984040304128,7.3984040304128,9.077031807692801,0.40101847373677324,-1.8230321913069893,2.4971208050509275,125000,0.0019999840000000002,31249999.999999996
Device 4,Device 4/Device4b  1.mat,118,12/24/2008 5:55:18 PM.046341896,3313014918.0,1.6e-08,62499999.99999999,5.541129145675779,7.95544588474847,9.695010646421125,-11.005004159999999,24.619992192000005,24.619992192000005,35.624996352000004,0.41175366811149966,-1.8202241561591705,2.539449732434113,4.639984100929536,6.09245303002089,7.658161422945431,-1.0150003199999995,12.734998271999999,12.734998271999999,13.749998591999997,0.407044494772823,-1.826983558295689,1.6629315534983784,5.168678423365222,0.46822561834607046,5.189843145398208,4.234999616,5.9537497215999995,5.9537497215999995,1.7187501055999999,-0.38124080678039607,-1.7339586127388529,1.1471926134952926,2.000152203744227,2.1015833594339433,2.901251704832338,-1.6786277772800011,7.187310267443198,7.187310267443198,8.8659380447232,0.3996429610460816,-1.8208942062768694,2.4773135869155998,125000,0.0019999840000000002,31249999.999999996
Device 4,Device 4/Device4b  1.mat,119,12/24/2008 5:55:41 PM.408341884,3313014941.0,1.6e-08,62499999.99999999,4.632033938415617,8.01451439840597,9.256790990882891,-14.287492224000005,24.775010175999995,24.775010175999995,39.0625024,0.39545214895382746,-1.7924836310548662,2.6764145588251003,3.804699202846722,4.98245031469235,6.26901484784654,-0.8550003199999998,10.707498496,10.707498496,11.562498816,0.40752341748470317,-1.8228217689556538,1.708003371483179,5.061830849345332,0.43596647476183004,5.080570668192731,4.46950016,5.6570000384,5.6570000384,1.1874998783999997,-0.40174492781609134,-1.8309358838431826,1.1134576030633812,1.9509943719936442,2.0046517913417374,2.797321548210092,-1.5975677772800012,7.057276504473598,7.057276504473598,8.654844281753599,0.40123733198999734,-1.8159505060795946,2.522869245757357,125000,0.0019999840000000002,31249999.999999996
Device 4,Device 4/Device4b  1.mat,120,12/24/2008 5:56:04 PM.539341926,3313014964.0,1.6e-08,62499999.99999999,4.574471434878976,8.014520003421067,9.228126559262183,-12.724992127999997,24.775010175999995,24.775010175999995,37.50000230399999,0.39574197011020085,-1.7931005241108375,2.6847280449500937,4.1724691651870724,5.460712114009554,6.872326805858959,-0.8550003199999998,11.6449984,11.6449984,12.49999872,0.40715577344131965,-1.8254961345548062,1.694476809524269,5.060339349498062,0.4435759462037599,5.079743492749316,4.3757501696,5.7507500288,5.7507500288,1.3749998592,-0.40198983196597937,-1.8300049891678427,1.1320945707216241,1.975749759764615,2.0388272168661086,2.839084981722797,-2.4419428291584024,6.635088978534399,6.635088978534399,9.077031807692801,0.4017595199330217,-1.8156700806468116,2.3370519097699334,125000,0.0019999840000000002,31249999.999999996
Device 4,Device 4/Device4b  1.mat,121,12/24/2008 5:56:27 PM.654341697,3313014987.0,1.6e-08,62499999.99999999,4.663258940334081,8.032712679491686,9.288189109609698,-12.724992127999997,24.775010175999995,24.775010175999995,37.50000230399999,0.3966094571463405,-1.7929314609913285,2.667367113613934,3.7895317043998733,4.956007671996979,6.238794962454265,-0.8550003199999998,10.707498496,10.707498496,11.562498816,0.4080551498951917,-1.8233343531520054,1.7162767105569057,5.060685099462657,0.43675973853771877,5.079497292560641,4.4382501632,5.719500032,5.719500032,1.2812498687999998,-0.402697591622108,-1.8299557634789534,1.1259972596848702,1.9511936445058873,2.0116604514878196,2.8024871829216886,-2.6530365921280006,6.635088978534399,6.635088978534399,9.2881255706624,0.4022695777759974,-1.8152729084912136,2.3675715696287654,125000,0.0019999840000000002,31249999.999999996
Device 4,Device 4/Device4b  1.mat,122,12/24/2008 5:56:50 PM.936341762,3313015010.0,1.6e-08,62499999.99999999,4.48857142960128,8.031068368552502,9.200289811685138,-12.724992127999997,24.775010175999995,24.775010175999995,37.50000230399999,0.39513348497458944,-1.7944939462962088,2.692851060466993,4.627689118572543,6.008263827494236,7.58384736126265,-0.8550003199999998,12.582498304000001,12.582498304000001,13.437498624000002,0.40607930414953763,-1.8243899220946622,1.6591180840835273,5.234725581640909,0.4535849060697916,5.254340223291607,4.5945001472,5.7507500288,5.7507500288,1.1562498816,-0.39726213526167664,-1.8322343991240162,1.0944761443706845,2.038892126144082,2.106692313279736,2.9317628834686236,-1.5975677772800012,7.057276504473598,7.057276504473598,8.654844281753599,0.3964660047328179,-1.8212612416845744,2.4071784741759203,125000,0.0019999840000000002,31249999.999999996
Device 4,Device 4/Device4b  1.mat,123,12/24/2008 5:57:14 PM.163341999,3313015034.0,1.6e-08,62499999.99999999,4.6221339378073605,7.9897197356037095,9.230370718044101,-12.724992127999997,23.212510079999987,23.212510079999987,35.937502207999984,0.39637105338365924,-1.7935185448620694,2.5147971613559066,3.9779391851069446,5.203256892242402,6.549647505559163,-0.8550003199999998,11.019998464,11.019998464,11.874998784,0.4085121579165058,-1.8207399419876378,1.6825330606947206,5.417877812886118,0.5064687075319347,5.441498924659705,4.7195001344000005,6.1569999872,6.1569999872,1.4374998527999994,-0.40199570344853996,-1.830958693164634,1.131489700254795,2.1435372150734753,2.30558419512557,3.148089940458782,-2.4419428291584024,7.268370267443199,7.268370267443199,9.710313096601602,0.40135051894454055,-1.8213445274871531,2.3088191268080336,125000,0.0019999840000000002,31249999.999999996
Device 4,Device 4/Device4b  1.mat,124,12/24/2008 5:57:36 PM.947341918,3313015056.0,1.6e-08,62499999.99999999,4.723046444007425,8.013199509723673,9.301533964615023,-11.162492031999989,24.775010175999995,24.775010175999995,35.937502207999984,0.3968572876433652,-1.7923921501452336,2.663540258010056,4.275369154650111,5.602884891638598,7.047772734522991,-0.8550003199999998,11.957498368,11.957498368,12.812498688,0.40568738185985637,-1.8244070005239095,1.6966350673351145,5.444407810169445,0.45131999259037187,5.463082109866722,4.8132501248,5.9382500096,5.9382500096,1.1249998848000002,-0.39938742932600174,-1.8326527709656073,1.0869779897459513,2.0355163146866717,2.0694532262126164,2.902750992220555,-2.230849066188801,7.4794640304127995,7.4794640304127995,9.7103130966016,0.3976995362735526,-1.8180141816302595,2.5766812415043345,125000,0.0019999840000000002,31249999.999999996
Device 4,Device 4/Device4b  1.mat,125,12/24/2008 5:57:59 PM.939342021,3313015079.0,1.6e-08,62499999.99999999,4.661558940229632,8.014330199868159,9.271441112672484,-14.287492224000005,24.775010175999995,24.775010175999995,39.0625024,0.39701262476004917,-1.7930682588335063,2.672185464472914,4.375481644398591,5.73913252724779,7.216819367684257,-0.8550003199999998,11.957498368,11.957498368,12.812498688,0.40660029878773835,-1.8237647829793417,1.6568931213026796,5.4321250614272,0.4772323532427841,5.4530480835920665,4.7507501312,6.0007500032,6.0007500032,1.249999872,-0.39925326663469685,-1.833515830695435,1.1004395910712652,2.074786509599432,2.181951605102397,3.0109220958744056,-1.8086615402496022,7.268370267443199,7.268370267443199,9.077031807692801,0.3965521782768586,-1.8256650304067614,2.4140014374341967,125000,0.0019999840000000002,31249999.999999996
Device 4,Device 4/Device4b  1.mat,126,12/24/2008 5:58:22 PM.836341857,3313015102.0,1.6e-08,62499999.99999999,4.631771438399488,8.023260295694083,9.264232965013042,-12.724992127999997,24.775010175999995,24.775010175999995,37.50000230399999,0.39575179987538417,-1.7928948467802845,2.674264590448489,4.32221914985267,5.651281571989206,7.114672289379038,-0.8550003199999998,11.957498368,11.957498368,12.812498688,0.4065482612158921,-1.8250215009673183,1.680681538326151,5.449797309617562,0.4414237662650703,5.467645348533357,4.782000128,6.0007500032,6.0007500032,1.2187498752000003,-0.40063723629747516,-1.8316981433471955,1.097501688694868,2.015926813483093,2.02009541756563,2.8539002108324936,-2.4419428291584024,6.846182741503999,6.846182741503999,9.288125570662402,0.3994054148551981,-1.816038339793051,2.398886518708004,125000,0.0019999840000000002,31249999.999999996
Device 4,Device 4/Device4b  1.mat,127,12/24/2008 5:58:45 PM.890341758,3313015125.0,1.6e-08,62499999.99999999,4.435033926311936,8.040305883058085,9.18237685028644,-11.162492031999989,24.775010175999995,24.775010175999995,35.937502207999984,0.3951411226253144,-1.7954070990993083,2.6981042686379344,4.633091618019328,5.99817769717357,7.57916048305031,-0.8550003199999998,12.582498304000001,12.582498304000001,13.437498624000002,0.40643521096230373,-1.8244581657442016,1.6601440663697422,5.44112731050537,0.46551763579740435,5.461004768205738,4.7507501312,6.0007500032,6.0007500032,1.249999872,-0.39858891466384005,-1.8334276859104903,1.09883625045279,2.05655307472917,2.1316369211725115,2.9619734152898514,-2.4419428291584024,6.846182741503999,6.846182741503999,9.288125570662402,0.3961315772926939,-1.823452891399026,2.311358605098773,125000,0.0019999840000000002,31249999.999999996
Device 4,Device 4/Device4b  1.mat,128,12/24/2008 5:59:06 PM.710341930,3313015146.0,1.6e-08,62499999.99999999,4.695896442339329,7.972031860857151,9.252282712266021,-12.724992127999997,24.775010175999995,24.775010175999995,37.50000230399999,0.3962988705303333,-1.792270389550039,2.677718671864084,4.594969121923071,5.982126580084975,7.543181003501485,-0.8550003199999998,12.582498304000001,12.582498304000001,13.437498624000002,0.40589790994913166,-1.824747925292822,1.6680626247944077,5.452982059291442,0.4389938858718109,5.470624184751424,4.8132501248,5.9382500096,5.9382500096,1.1249998848000002,-0.3982373824482953,-1.8331436192418813,1.0854794277684099,1.995276777214355,2.0116622315740864,2.8333574344993138,-1.3864740143104,7.057276504473598,7.057276504473598,8.443750518783999,0.39659100315073464,-1.81782724983315,2.4907822848410577,125000,0.0019999840000000002,31249999.999999996
Device 4,Device 4/Device4b  1.mat,129,12/24/2008 5:59:32 PM.030341625,3313015172.0,1.6e-08,62499999.99999999,4.797521448583169,7.967758578775561,9.3006122819558,-12.724992127999997,21.650009984000008,21.650009984000008,34.375002112000004,0.3976174647338979,-1.79234438319058,2.3278048076472753,3.9058366924902406,5.141510579676763,6.456832916324473,-0.8550003199999998,11.019998464,11.019998464,11.874998784,0.4069330595990619,-1.8233730160018653,1.7067188522315198,5.4578448087934985,0.4415737812376443,5.475678712374443,4.782000128,6.032,6.032,1.249999872,-0.4020316908714676,-1.830295283966502,1.1015985993422752,1.9572934098806567,2.0214858088559367,2.8137879038350038,-2.4419428291584024,6.635088978534399,6.635088978534399,9.077031807692801,0.4008048563853319,-1.8158766411034943,2.358062940526263,125000,0.0019999840000000002,31249999.999999996
Device 4,Device 4/Device4b  1.mat,130,12/24/2008 5:59:52 PM.841341972,3313015192.0,1.6e-08,62499999.99999999,4.771296446971904,7.999430517967727,9.314298599287019,-14.287492224000005,23.212510079999987,23.212510079999987,37.50000230399999,0.3974376414516312,-1.7924025825695549,2.4921372052402133,4.248654157385728,5.531606852838109,6.974936309632982,-0.8550003199999998,11.6449984,11.6449984,12.49999872,0.4070709129738366,-1.823708214124544,1.6695490658340872,5.463348058229964,0.4282140123143839,5.48010394479042,4.8445001216,5.9695000064,5.9695000064,1.1249998847999994,-0.400116219270533,-1.8320354641103065,1.0893041567349862,1.9428360202423949,1.9605793754484535,2.760160011482152,-2.4419428291584024,6.423995215564798,6.423995215564798,8.865938044723201,0.39759943887487675,-1.8181359525211593,2.327399566996566,125000,0.0019999840000000002,31249999.999999996
Device 4,Device 4/Device4b  1.mat,131,12/24/2008 6:00:18 PM.317341804,3313015218.0,1.6e-08,62499999.99999999,4.65882144006144,8.01100101467081,9.267186977040707,-12.724992127999997,24.775010175999995,24.775010175999995,37.50000230399999,0.3969395861473288,-1.7928785964100409,2.67341214085565,4.285536653608959,5.613391753348465,7.062293634930967,-0.8550003199999998,11.6449984,11.6449984,12.49999872,0.4060709610810286,-1.824490453992294,1.648897511483014,5.455684809014681,0.4455310171891111,5.4738464193463745,4.8445001216,6.0007500032,6.0007500032,1.1562498816,-0.39927317197892326,-1.8324332959066951,1.0962583791155294,1.938504376226259,2.040481084627501,2.814491476869486,-2.4419428291584024,7.268370267443199,7.268370267443199,9.710313096601602,0.39850945537438726,-1.8176580739893409,2.5824808236860224,125000,0.0019999840000000002,31249999.999999996
Device 4,Device 4/Device4b  1.mat,132,12/24/2008 6:00:41 PM.327342033,3313015241.0,1.6e-08,62499999.99999999,4.722296443961346,7.976799776844449,9.269812208697411,-14.287492224000005,24.775010175999995,24.775010175999995,39.0625024,0.39782496343245616,-1.7924885793891168,2.6726550245273377,4.059309136838657,5.319520708307465,6.691434168736457,-0.9325003519999999,11.254998400000002,11.254998400000002,12.187498752000002,0.4052990734084907,-1.8234856135679178,1.6820009158253861,5.458267597150209,0.4229564072474108,5.474630333139539,4.875750156800001,5.9070000512,5.9070000512,1.0312498943999993,-0.39821119457081483,-1.8334123666350586,1.0789769704528176,1.9287113168647374,1.9355222668863021,2.7324300154651353,-1.4270040143103986,7.2278402674432005,7.2278402674432005,8.654844281753599,0.39612246958280745,-1.8177629757740343,2.6452059985195344,125000,0.0019999840000000002,31249999.999999996
Device 4,Device 4/Device4b  1.mat,133,12/24/2008 6:01:05 PM.363341808,3313015265.0,1.6e-08,62499999.99999999,4.724921444122624,8.004998139302897,9.295422414466845,-12.724992127999997,23.212510079999987,23.212510079999987,35.937502207999984,0.3976589343607106,-1.7923857394735587,2.497197980360033,4.068179135930368,5.34895579089967,6.720223920005812,-0.9325003519999999,11.567498367999999,11.567498367999999,12.499998719999999,0.40683118301929266,-1.8209007214633641,1.7212965677474026,5.544232838347367,0.45207360521804796,5.562633217312116,4.9382501504,6.094500032,6.094500032,1.1562498816,-0.3995359050464754,-1.8324087406265275,1.0956142161292606,1.9931151795717106,2.074491324722634,2.8768076709068757,-2.060285303219199,6.5945589785344,6.5945589785344,8.654844281753599,0.39900619254671804,-1.817700037055951,2.292318337866345,125000,0.0019999840000000002,31249999.999999996
Device 4,Device 4/Device4b  1.mat,134,12/24/2008 6:01:30 PM.088341712,3313015290.0,1.6e-08,62499999.99999999,4.777121447329793,8.025617646534128,9.339776653159232,-12.724992127999997,24.775010175999995,24.775010175999995,37.50000230399999,0.39708370154232586,-1.792074243277372,2.6526341149303296,4.352039106863105,5.750748230920618,7.211889461375736,-0.9325003519999999,12.192498304,12.192498304,13.124998656,0.4061250265107813,-1.8235571464403622,1.690610812783335,5.5076525920931845,0.5110751737762513,5.531314030900903,4.8132501632,6.1882500224,6.1882500224,1.3749998592,-0.3996758756755824,-1.8336907150893014,1.1187667139904005,2.171148281760064,2.334565068913318,3.1881152617777047,-1.6380977772799996,7.6500277933823995,7.6500277933823995,9.288125570662398,0.39989297371304866,-1.8201230853956407,2.3995455512849673,125000,0.0019999840000000002,31249999.999999996
Device 4,Device 4/Device4b  1.mat,135,12/24/2008 6:01:53 PM.382341861,3313015313.0,1.6e-08,62499999.99999999,4.534358922584061,8.045348230886605,9.23515235364571,-12.564992128,21.810009984000004,21.810009984000004,34.375002112000004,0.39407332238439596,-1.7959464220423098,2.3616296893456434,4.077756626757632,5.406587556249813,6.771948619892291,-0.700000384,11.1749984,11.1749984,11.874998783999999,0.40578455412009146,-1.8234277887069281,1.6501894841868632,5.549635597419725,0.43135069842757245,5.566373926460757,4.9697501568,6.032250048000001,6.032250048000001,1.0624998912000008,-0.3989954308799081,-1.8326125057383666,1.0836947225777662,1.9623900651642856,1.9850358792559586,2.7912975853156476,-1.9302515402496008,6.724592741504001,6.724592741504001,8.6548442817536,0.3981856191746806,-1.8152829225981908,2.4091278468051858,125000,0.0019999840000000002,31249999.999999996
Device 4,Device 4/Device4b  1.mat,136,12/24/2008 6:02:16 PM.398341655,3313015336.0,1.6e-08,62499999.99999999,4.734771434897405,8.01157138843122,9.306091373538633,-12.564992128,23.372510079999984,23.372510079999984,35.937502207999984,0.3961442359949393,-1.7938651462196231,2.5115281101213394,4.395501594220543,5.75111971423003,7.238495163512969,-0.700000384,12.112498304000002,12.112498304000002,12.812498688000002,0.4058656107543686,-1.8228296731257152,1.6733448086082017,5.526264099812966,0.4786729333570304,5.546956163339516,4.876000166400001,6.0947500416,6.0947500416,1.2187498751999994,-0.39732804566927005,-1.8350351414357755,1.0987557612012364,2.0585694498235467,2.1987457581477576,3.012007816842376,-2.563532829158401,6.724592741504001,6.724592741504001,9.288125570662402,0.39575311129883006,-1.8239390974679932,2.2325947176836,125000,0.0019999840000000002,31249999.999999996
Device 4,Device 4/Device4b  1.mat,137,12/24/2008 6:02:39 PM.559341907,3313015359.0,1.6e-08,62499999.99999999,4.83730894119731,7.987243347942934,9.337859181410165,-12.564992128,23.372510079999984,23.372510079999984,35.937502207999984,0.39591744492033887,-1.7926343665742381,2.502983780964489,4.45944908767232,5.856460235137144,7.361033395609893,-1.012500352,12.424998272,12.424998272,13.437498624,0.4052714576729865,-1.8235403887093902,1.6879421141344428,5.544841847910605,0.4335310812415133,5.561764137101027,4.9697501568,6.0010000512,6.0010000512,1.0312498944000001,-0.3966148354727463,-1.8339842483274325,1.0789742073326967,1.9649198128197134,2.0043210328001346,2.806815397089102,-2.141345303219199,6.302405215564799,6.302405215564799,8.443750518783999,0.3958694114911749,-1.8170645342668181,2.245393559583901,125000,0.0019999840000000002,31249999.999999996
Device 4,Device 4/Device4b  1.mat,138,12/24/2008 6:03:02 PM.532341957,3313015382.0,1.6e-08,62499999.99999999,4.868808943132669,8.023795694443688,9.385446066698254,-12.564992128,23.372510079999984,23.372510079999984,35.937502207999984,0.39753891899231786,-1.7925929451277611,2.4902929401438985,3.9318316417003527,5.184609993107667,6.50687950090579,-0.700000384,11.1749984,11.1749984,11.874998783999999,0.40642839703295897,-1.8224576110986397,1.7174128395099961,5.539931598413415,0.46030838634434956,5.559022029605418,4.93850016,6.1260000384,6.1260000384,1.1874998783999997,-0.40053650682931446,-1.8317966863731316,1.1019924018604448,1.9860697191191636,2.1185483806546985,2.903914628630931,-1.9302515402496008,6.724592741504001,6.724592741504001,8.6548442817536,0.3979913791249625,-1.822605128837776,2.3156991859207485,125000,0.0019999840000000002,31249999.999999996
Device 4,Device 4/Device4b  1.mat,139,12/24/2008 6:03:25 PM.658341884,3313015405.0,1.6e-08,62499999.99999999,4.7647464367390695,7.999042361419293,9.310611543083407,-14.127492224000008,21.810009984000004,21.810009984000004,35.93750220800001,0.39629676534117286,-1.7933520598328816,2.342489522098261,4.311764102795264,5.696162793036885,7.144059087306853,-0.700000384,12.73749824,12.73749824,13.437498624,0.40569749210449657,-1.821615932073009,1.7829497326850563,5.549882347394457,0.42913162183379455,5.566448420562102,4.9697501568,6.0010000512,6.0010000512,1.0312498944000001,-0.3961549392182013,-1.8346181621028739,1.0780662278361715,1.9434034477477484,1.9678044624776345,2.7656954574328543,-2.3524390661887997,6.5134989785344,6.5134989785344,8.865938044723201,0.3954749303426683,-1.8161601255347288,2.355103473532944,125000,0.0019999840000000002,31249999.999999996
Device 4,Device 4/Device4b  1.mat,140,12/24/2008 6:03:48 PM.652341842,3313015428.0,1.6e-08,62499999.99999999,4.983733950193662,7.984290784586882,9.412040343047407,-12.564992128,24.93501017599999,24.93501017599999,37.50000230399999,0.39760216380595115,-1.7919632100299236,2.6492672435705473,4.463314087276545,5.860700223850647,7.36674824841492,-1.012500352,12.424998272,12.424998272,13.437498624,0.4050577580645868,-1.8240673055530412,1.6866326706187424,5.536255098789887,0.46916880546296624,5.556099340985237,4.9072501632000005,6.0947500416,6.0947500416,1.1874998783999997,-0.3972490828384242,-1.8342922155652324,1.0969476367424429,2.0445781552139213,2.15202306746489,2.968417611401562,-1.9302515402496008,7.146780267443201,7.146780267443201,9.077031807692801,0.3944585561431246,-1.8252072888247388,2.407606072674118,125000,0.0019999840000000002,31249999.999999996
Device 4,Device 4/Device4b  1.mat,141,12/24/2008 6:04:11 PM.740341663,3313015451.0,1.6e-08,62499999.99999999,4.762583936606205,8.006025328341462,9.315505746402847,-12.564992128,24.93501017599999,24.93501017599999,37.50000230399999,0.3963616449377601,-1.7931192001420224,2.6767210342421364,4.533649080074241,5.96072487419991,7.488939511517204,-1.012500352,12.424998272,12.424998272,13.437498624,0.4048662433401158,-1.8227165759495583,1.6591131832339752,5.54794384759296,0.43200221084786716,5.56473780570316,4.9697501568,6.0010000512,6.0010000512,1.0312498944000001,-0.39460978412950654,-1.8352333976803048,1.0783976281954786,1.9962714584959582,1.9935427382080313,2.821225333975922,-2.563532829158401,6.724592741504001,6.724592741504001,9.288125570662402,0.39331430009308754,-1.8181939903083273,2.383571656088564,125000,0.0019999840000000002,31249999.999999996
Device 4,Device 4/Device4b  1.mat,142,12/24/2008 6:04:34 PM.963341712,3313015474.0,1.6e-08,62499999.99999999,4.81460893980262,8.013576127799228,9.348682345617537,-14.127492224000008,21.810009984000004,21.810009984000004,35.93750220800001,0.39715369706361786,-1.792962241500166,2.3329501610699257,4.11486162295808,5.392205618538886,6.7829173375985885,-1.012500352,11.487498368,11.487498368,12.49999872,0.4048568827437637,-1.8232315856330776,1.6935925644152128,5.531063849321472,0.4846044514889398,5.552252586083757,4.9072501632000005,6.1260000384,6.1260000384,1.2187498751999994,-0.3978911417492938,-1.8348071453266666,1.1033359782215766,2.0697709292617654,2.2184726682088027,3.034068667516705,-2.3524390661887997,6.935686504473599,6.935686504473599,9.288125570662398,0.396741567307861,-1.8234643525848675,2.28593590472369,125000,0.0019999840000000002,31249999.999999996
Device 4,Device 4/Device4b  1.mat,143,12/24/2008 6:04:57 PM.939342021,3313015497.0,1.6e-08,62499999.99999999,4.914833945960446,7.994232738190667,9.38420746726779,-12.564992128,24.93501017599999,24.93501017599999,37.50000230399999,0.39721333183257157,-1.7919061077626566,2.657124777235963,4.268939107180543,5.6020744572088494,7.043229325027494,-0.700000384,11.799998336000002,11.799998336000002,12.49999872,0.40615962486639473,-1.8216098410206816,1.6753676178155592,5.549092597475329,0.4301473713162308,5.565739431235149,4.9697501568,6.032250048000001,6.032250048000001,1.0624998912000008,-0.39718535312316977,-1.8338193520485024,1.0838182639573057,1.95136083823665,1.9714816438645997,2.7739050079443426,-2.563532829158401,7.146780267443201,7.146780267443201,9.710313096601602,0.3967142011635446,-1.8152629642572786,2.576432951732354,125000,0.0019999840000000002,31249999.999999996
Device 4,Device 4/Device4b  1.mat,144,12/24/2008 6:05:16 PM.369341850,3313015516.0,1.6e-08,62499999.99999999,4.693058932334589,8.034475967183411,9.304708819173939,-12.564992128,24.93501017599999,24.93501017599999,37.50000230399999,0.3955398733595045,-1.7941061064475634,2.679827027431224,4.236931610458111,5.58776716383148,7.01246970395541,-1.012500352,11.799998336000002,11.799998336000002,12.812498688000002,0.40493429590231106,-1.8236641759110483,1.6827164799505898,5.5515315972255745,0.4146021825842874,5.566991830854218,5.001000153600001,6.0010000512,6.0010000512,0.9999998975999995,-0.3968808005298728,-1.832999047377097,1.0779609946507118,1.9110064657572774,1.8930550100670656,2.689907616128505,-1.2969702513408006,7.357874030412801,7.357874030412801,8.6548442817536,0.3934464437856847,-1.818182571348477,2.7353630980839205,125000,0.0019999840000000002,31249999.999999996
Device 4,Device 4/Device4b  1.mat,145,12/24/2008 6:05:44 PM.238341808,3313015544.0,1.6e-08,62499999.99999999,4.629383928422397,8.031527215343383,9.270200913008143,-12.564992128,24.93501017599999,24.93501017599999,37.50000230399999,0.39534270344408934,-1.7947884024562846,2.689802563071816,4.125684121849855,5.44945772062804,6.8350463730831095,-1.012500352,11.799998336000002,11.799998336000002,12.812498688000002,0.4046210123073335,-1.8226329515299453,1.7263962366764942,5.555705846798131,0.42803855107523875,5.572170533764516,4.9697501568,6.0010000512,6.0010000512,1.0312498944000001,-0.3961281165761373,-1.8348979889270152,1.076959151705246,1.9349377434776154,1.958267727267159,2.752961416872806,-1.2969702513408006,7.5689677933824,7.5689677933824,8.865938044723201,0.39536425809256487,-1.8165636678747659,2.749391163636532,125000,0.0019999840000000002,31249999.999999996
Device 4,Device 4/Device4b  1.mat,146,12/24/2008 6:06:05 PM.117341995,3313015565.0,1.6e-08,62499999.99999999,4.663558930522108,8.017478619941631,9.275168209777853,-14.127492224000008,24.93501017599999,24.93501017599999,39.0625024,0.39597524455050737,-1.7946849445977398,2.6883620449830317,4.54207407921152,5.94819906659405,7.484083716586521,-1.012500352,12.73749824,12.73749824,13.749998592,0.404145565254138,-1.8217044168315484,1.7019449170204572,5.548500347535974,0.4198225754306552,5.564360439569678,4.9697501568,5.9697500544,5.9697500544,0.9999998976000004,-0.3919702212198075,-1.8367724960742293,1.0728546648321857,1.9323877308209423,1.9192427985403366,2.723529926763474,-1.5080640143103987,6.935686504473599,6.935686504473599,8.443750518783999,0.3894580974458626,-1.8197509062190687,2.5465798764751124,125000,0.0019999840000000002,31249999.999999996
Device 5,Device 5/Device5  1.mat,0,12/24/2008 12:13:54 PM.168751239,3312994434.0,8e-09,124999999.99999999,4.709614739835443,5.9014806191912115,7.550360554063944,-3.9374991871999994,11.9374991872,11.9374991872,15.8749983744,0.4081268372101866,-1.8332276802647123,1.5810502163071805,4.955971245858533,5.716804378379929,7.565943648378604,-0.23046831679999968,11.9374991872,11.9374991872,12.167967504,0.31298756776369446,-1.8241930389764254,1.5777938274438812,1.8641737304660864,0.6863062769938224,1.9864944004957494,0.9912108448000001,2.5634765664,2.5634765664,1.5722657215999998,-0.30192972264817736,-1.8855717454945051,1.2904524501857437,2.9539701484182337,3.145427419646553,4.315049627757532,-2.132427726176,9.409387875392001,9.409387875392001,11.541815601568,0.30255499811664943,-1.882568817191316,2.1805978348114436,125000,0.0009999920000000001,62499999.99999999
Device 5,Device 5/Device5  1.mat,1,12/24/2008 12:14:18 PM.889751434,3312994458.0,8e-09,124999999.99999999,4.7034945217121535,5.906472733112822,7.550449050406307,-3.9374991871999994,11.9374991872,11.9374991872,15.8749983744,0.40813494482991014,-1.8332433801687777,1.5810316853350088,4.96962793196009,5.70751074243982,7.567884820554808,-0.24999956479999952,11.9374991872,11.9374991872,12.187498752,0.3111565280330871,-1.8217210198062368,1.5773891213007192,1.9697247916386433,0.5590991796326035,2.0475369709633444,1.254882736,2.6025390688,2.6025390688,1.3476563328,-0.2949144575187869,-1.8875550495674929,1.271058401243682,2.4601762343622915,2.57823980222119,3.563676133135359,-2.148787493152,8.051527216384,8.051527216384,10.200314709536,0.29573165932790313,-1.8843064820277577,2.259331913335285,125000,0.0009999920000000001,62499999.99999999
Device 5,Device 5/Device5  1.mat,2,12/24/2008 12:14:42 PM.364751338,3312994482.0,1.6e-08,62499999.99999999,5.406471456505848,8.01464727299256,9.667704201127565,-12.244992128000007,25.255010175999985,25.255010175999985,37.50000230399999,0.39868172904161625,-1.7926150504345937,2.6123068776819256,6.177196651390977,7.4438292500669565,9.67307357431485,-0.8600001279999998,16.63999808,16.63999808,17.499998208,0.3997315555692041,-1.728089491438606,1.7202389656359687,2.0100988450170885,0.5154055034943621,2.075124140809727,1.3442501632000001,2.5942500352,2.5942500352,1.2499998719999998,-0.29118846271728693,-1.8874347946333045,1.2501661872564918,2.308833743227937,2.353457420681115,3.296888697670416,-1.8930990661887996,7.606120267443201,7.606120267443201,9.499219333632,0.2902609936810612,-1.8789338602143535,2.3070600693367935,125000,0.0019999840000000002,31249999.999999996
Device 5,Device 5/Device5  1.mat,3,12/24/2008 12:15:04 PM.930751323,3312994504.0,1.6e-08,62499999.99999999,5.326046451564536,8.003016803062167,9.613274611406801,-12.244992128000007,25.255010175999985,25.255010175999985,37.50000230399999,0.3989465102908997,-1.7928740307052429,2.6270975496771105,6.165866652551169,7.446622471603101,9.667993473913128,-0.8600001279999998,16.63999808,16.63999808,17.499998208,0.4001392068254461,-1.7293418358849253,1.721142874671899,2.0026038457845763,0.526121326652932,2.0705617144896253,1.2817501696000002,2.5942500352,2.5942500352,1.3124998655999998,-0.2925383103435181,-1.8884121482367744,1.2529208943861203,2.3210569164789283,2.3922899064925245,3.333220095679355,-2.3152865921279986,7.606120267443201,7.606120267443201,9.9214068595712,0.29236055999993443,-1.8785855222692538,2.2819135997957467,125000,0.0019999840000000002,31249999.999999996
Device 5,Device 5/Device5  1.mat,4,12/24/2008 12:15:18 PM.530751228,3312994518.0,1.6e-08,62499999.99999999,5.164346441629688,8.025250382005886,9.543328447824628,-12.244992128000007,25.255010175999985,25.255010175999985,37.50000230399999,0.39759399495127795,-1.7922620676769143,2.64635240357433,6.183634150731778,7.446544245010846,9.679274378950131,-0.8600001279999998,16.63999808,16.63999808,17.499998208,0.39982248356673256,-1.7285784322011017,1.719136934085432,2.0219813438003205,0.5035362566728866,2.083736383629343,1.3755001600000003,2.625500032,2.625500032,1.2499998719999998,-0.29125331235431956,-1.887111525504235,1.259996251266219,2.2306564346747235,2.3042688277761925,3.2070988385481383,-2.737474118067198,7.817214030412802,7.817214030412802,10.55468814848,0.29214922501594565,-1.8748732722053236,2.437472127909745,125000,0.0019999840000000002,31249999.999999996
Device 5,Device 5/Device5  1.mat,5,12/24/2008 12:15:45 PM.511751174,3312994545.0,1.6e-08,62499999.99999999,5.148021440626679,8.04522975337496,9.551326951672301,-12.244992128000007,25.255010175999985,25.255010175999985,37.50000230399999,0.39813082705089886,-1.7929373894312357,2.6441362863804168,6.20550414849229,7.982015788423213,10.110433115529347,-0.8600001279999998,16.63999808,16.63999808,17.499998208,0.4071033770282983,-1.8136648717368349,1.6458244557734547,2.0432328416241665,0.5087012335520831,2.1056061811528237,1.3755001600000003,2.5942500352,2.5942500352,1.2187498751999997,-0.38472993614484724,-1.8441164330116708,1.2320680184267139,2.15064514350883,2.324878803848515,3.167070568503679,-2.737474118067198,7.606120267443201,7.606120267443201,10.343594385510398,0.3854527693492486,-1.8342202408616577,2.401626393515066,125000,0.0019999840000000002,31249999.999999996
Device 5,Device 5/Device5  1.mat,6,12/24/2008 12:16:10 PM.456751346,3312994570.0,1.6e-08,62499999.99999999,5.183396442800119,8.029674497846326,9.557367379388353,-10.682492031999999,25.255010175999985,25.255010175999985,35.937502207999984,0.3977613496177466,-1.7929135423568883,2.6424651447913936,6.166634152472576,7.406776265952465,9.63782711114481,-0.8600001279999998,16.63999808,16.63999808,17.499998208,0.3991779441569663,-1.723898772914512,1.7265300454246737,2.024393093553357,0.501610183454937,2.0856126613952615,1.3755001600000003,2.625500032,2.625500032,1.2499998719999998,-0.2861056812165726,-1.8893582918621297,1.2588627220183624,2.254786984907305,2.29661728284843,3.21846474133017,-2.5263803550976,8.0283077933824,8.0283077933824,10.55468814848,0.2863701850890634,-1.8775713897723383,2.4944526159588603,125000,0.0019999840000000002,31249999.999999996
Device 5,Device 5/Device5  1.mat,7,12/24/2008 12:16:35 PM.426751136,3312994595.0,1.6e-08,62499999.99999999,5.153046440935414,8.042861151583882,9.552041830210667,-13.807492224000015,25.255010175999985,25.255010175999985,39.0625024,0.39849184096581136,-1.793007353184316,2.6439383981888396,6.168624152268801,7.4088402005789185,9.640686544518926,-0.8600001279999998,16.63999808,16.63999808,17.499998208,0.3993068818780678,-1.7242878595990971,1.726017955584339,2.024012093592371,0.5012784998320001,2.0851630846056133,1.3755001600000003,2.625500032,2.625500032,1.2499998719999998,-0.2862817530754485,-1.888993308842737,1.2591341422565927,2.250831932164306,2.2965134651552064,3.2156210103943645,-1.6820053032191984,7.395026504473599,7.395026504473599,9.077031807692798,0.28699400162896777,-1.8775357569886606,2.2997195504599195,125000,0.0019999840000000002,31249999.999999996
Device 5,Device 5/Device5  1.mat,8,12/24/2008 12:16:58 PM.090751171,3312994618.0,1.6e-08,62499999.99999999,5.020633932799989,8.021465227185944,9.463121550425946,-10.682492031999999,25.255010175999985,25.255010175999985,35.937502207999984,0.3970473293786367,-1.7946895909486942,2.668782181590305,6.192869149786113,7.403817708566012,9.652364734511861,-0.8600001279999998,16.63999808,16.63999808,17.499998208,0.3982554588559978,-1.7231247918258792,1.7239296833141808,2.457850799167284,0.5662553249143114,2.5222362387296444,1.7192501248000003,3.0629999872,3.0629999872,1.3437498623999997,-0.28373962263222147,-1.887707385018852,1.2143985326064135,2.53561261716123,2.6020937723217687,3.6332111615295575,-2.5263803550976,8.239401556352,8.239401556352,10.7657819114496,0.28702041799027816,-1.8746782698666926,2.267801454425585,125000,0.0019999840000000002,31249999.999999996
Device 5,Device 5/Device5  1.mat,9,12/24/2008 12:17:20 PM.855751037,3312994640.0,1.6e-08,62499999.99999999,4.976033930059765,8.008977943929894,9.428925780780203,-12.244992128000007,25.255010175999985,25.255010175999985,37.50000230399999,0.3962888771869854,-1.795006368516233,2.6784610212416204,6.168764152254466,7.404157390265319,9.637177897390933,-0.8600001279999998,16.327498112,16.327498112,17.18749824,0.39866448595856824,-1.7241263241239317,1.6942198521021734,2.498497545005057,0.519461512390914,2.5519267711381826,1.844250112,3.094249984,3.094249984,1.249999872,-0.2812242868091141,-1.8880168643788071,1.2125151940076777,2.3396010813682824,2.37641128928534,3.3348259078672227,-2.948567881036799,7.606120267443201,7.606120267443201,10.55468814848,0.27989061799337317,-1.8806941988893051,2.280814794409364,125000,0.0019999840000000002,31249999.999999996
Device 5,Device 5/Device5  1.mat,10,12/24/2008 12:17:43 PM.509751319,3312994663.0,1.6e-08,62499999.99999999,5.101083937742839,8.010867773223804,9.497107971376007,-12.244992128000007,23.692510079999977,23.692510079999977,35.937502207999984,0.3968509210746773,-1.7935582491709967,2.494707878588774,6.174926651623426,7.4157872281532775,9.65005799807289,-0.8600001279999998,16.63999808,16.63999808,17.499998208,0.39869595173989203,-1.7247443427791003,1.7243417690673981,2.5156410432495617,0.49574114002419867,2.564022062384455,1.8755001088000003,3.094249984,3.094249984,1.2187498751999999,-0.2785780146070451,-1.889056981919232,1.2067953819096435,2.2655848530707257,2.2952637535882072,3.225075258811696,-2.737474118067198,6.9728389785344005,6.9728389785344005,9.710313096601599,0.28022528321555035,-1.877929470330505,2.162070159287879,125000,0.0019999840000000002,31249999.999999996
Device 5,Device 5/Device5  1.mat,11,12/24/2008 12:18:05 PM.969751358,3312994685.0,1.6e-08,62499999.99999999,5.040446434017271,8.027645479597997,9.478881379166403,-12.244992128000007,23.692510079999977,23.692510079999977,35.937502207999984,0.39654652550408104,-1.7937993446976055,2.499504860570748,6.194359149633538,7.4116166204015315,9.659303608566248,-0.8600001279999998,16.63999808,16.63999808,17.499998208,0.3984560744581381,-1.7254633762892206,1.722691278203845,2.5077045440622596,0.5084684986365489,2.558734510342214,1.844250112,3.094249984,3.094249984,1.249999872,-0.2805902311153536,-1.8876233934665352,1.2092891902201157,2.2759875537098675,2.3410221793600443,3.26504275452832,-1.6820053032191984,7.817214030412802,7.817214030412802,9.499219333632,0.2800640243395338,-1.880230828242575,2.3942149056305713,125000,0.0019999840000000002,31249999.999999996
Device 5,Device 5/Device5  1.mat,12,12/24/2008 12:18:28 PM.589751243,3312994708.0,1.6e-08,62499999.99999999,5.113033938477047,8.03792472289546,9.526350293105548,-12.244992128000007,23.692510079999977,23.692510079999977,35.937502207999984,0.39760070418779914,-1.7934398485724352,2.4870500612545,6.183879150706689,7.408906350045096,9.650505409266575,-0.8600001279999998,16.63999808,16.63999808,17.499998208,0.3986641308469013,-1.7239941958460823,1.724261826123842,2.488183796061185,0.5337343177617278,2.5447850449375915,1.7817501184000002,3.0629999872,3.0629999872,1.2812498687999998,-0.2818224829509479,-1.8882921166127689,1.2036380020753845,2.3819025827172866,2.442322810250145,3.411510020947241,-2.737474118067198,7.395026504473599,7.395026504473599,10.132500622540798,0.28124783894261557,-1.8801581175870963,2.1676695829902015,125000,0.0019999840000000002,31249999.999999996
Device 5,Device 5/Device5  1.mat,13,12/24/2008 12:18:51 PM.255751132,3312994731.0,1.6e-08,62499999.99999999,4.962846429249525,8.040034385689575,9.44838597874714,-12.244992128000007,25.255010175999985,25.255010175999985,37.50000230399999,0.39628401138059066,-1.7950226840878651,2.672944377252125,6.154234153742338,7.419353755798856,9.63957510333185,-0.8600001279999998,16.327498112,16.327498112,17.18749824,0.401556167906952,-1.7249933885878375,1.6937985271110672,2.5191722928879625,0.4943814713474195,2.5672245870718107,1.8755001088000003,3.094249984,3.094249984,1.2187498751999999,-0.28328972054591883,-1.8876889830828691,1.2052899460305175,2.2555063924515046,2.294607616984345,3.2175352682312863,-2.737474118067198,7.817214030412802,7.817214030412802,10.55468814848,0.28517593326710433,-1.8761293854547518,2.4295659188562704,125000,0.0019999840000000002,31249999.999999996
Device 5,Device 5/Device5  1.mat,14,12/24/2008 12:19:13 PM.889751434,3312994753.0,1.6e-08,62499999.99999999,4.860121422938101,8.031218233830426,9.387291758814795,-12.244992128000007,25.255010175999985,25.255010175999985,37.50000230399999,0.3950832381045215,-1.7957976857127826,2.6903403904843146,6.1843741506560015,7.412248261821078,9.653388417036359,-0.8600001279999998,16.327498112,16.327498112,17.18749824,0.39884760313602635,-1.7256169905536458,1.691374821631038,2.5128500435353605,0.5018177622922864,2.562466859853547,1.844250112,3.0629999872,3.0629999872,1.2187498751999999,-0.28093222740557444,-1.887578615414095,1.1953325271004909,2.273824264826955,2.320560269964258,3.24888854130954,-2.737474118067198,7.183932741504002,7.183932741504002,9.9214068595712,0.2809394876877046,-1.8786024295029198,2.21119704482332,125000,0.0019999840000000002,31249999.999999996
Device 5,Device 5/Device5  1.mat,15,12/24/2008 12:19:36 PM.415751457,3312994776.0,1.6e-08,62499999.99999999,4.9924839310704545,8.022795322303539,9.449346040100988,-13.807492224000015,25.255010175999985,25.255010175999985,39.0625024,0.3964105924298202,-1.7940349556151411,2.6726728038980863,6.194874149580801,7.412358618856385,9.660203208198004,-0.8600001279999998,16.63999808,16.63999808,17.499998208,0.3990692869918816,-1.7252284191786207,1.7225308537897719,2.4972442951333895,0.5186093420844942,2.5505263612191054,1.8130001152000002,3.094249984,3.094249984,1.2812498688,-0.28221285687935105,-1.8875238774812026,1.2131809461169438,2.3185795200767174,2.3653114327908082,3.312175895844012,-2.1041928291584004,7.395026504473599,7.395026504473599,9.499219333632,0.28104536947378833,-1.8805527482137783,2.2326792830515396,125000,0.0019999840000000002,31249999.999999996
Device 5,Device 5/Device5  1.mat,16,12/24/2008 12:19:52 PM.290751457,3312994792.0,1.6e-08,62499999.99999999,4.942358927990774,8.017491136649033,9.418443390461926,-12.244992128000007,25.255010175999985,25.255010175999985,37.50000230399999,0.39602680953751007,-1.794775834996035,2.68144205247077,6.176894151421953,7.409734033830205,9.646666771998106,-0.8600001279999998,16.63999808,16.63999808,17.499998208,0.39899461463671165,-1.7250330082401646,1.7249479507576453,2.519494042855015,0.4940139704326111,2.567469578196497,1.8755001088000003,3.0629999872,3.0629999872,1.1874998783999997,-0.27899496739736906,-1.8891361222197232,1.1930034198697634,2.2449753468044773,2.2898121495495025,3.2067357215686485,-2.5263803550976,7.183932741504002,7.183932741504002,9.710313096601602,0.2811520216151652,-1.8768590643741645,2.2402634221412594,125000,0.0019999840000000002,31249999.999999996
Device 5,Device 5/Device5  1.mat,17,12/24/2008 12:20:21 PM.844751358,3312994821.0,1.6e-08,62499999.99999999,4.9221589267496855,8.056217519887094,9.440883921959712,-13.807492224000015,25.255010175999985,25.255010175999985,39.0625024,0.3959925547753185,-1.7950494554292833,2.6750683924051066,6.202844148764673,7.396102114657208,9.652854604949821,-0.8600001279999998,16.327498112,16.327498112,17.18749824,0.397206985270306,-1.7222189164297337,1.6914683562754105,2.967488496980377,0.5381043349728895,3.015882002835568,2.2505000704,3.5317499392,3.5317499392,1.2812498687999998,-0.2746962496972443,-1.889365006096115,1.1710504376097628,2.4287265568441514,2.458926430657446,3.456158543716682,-2.3152865921279986,8.0283077933824,8.0283077933824,10.343594385510398,0.2729766984037057,-1.879951579638608,2.3228991644431107,125000,0.0019999840000000002,31249999.999999996
Device 5,Device 5/Device5  1.mat,18,12/24/2008 12:20:44 PM.448751449,3312994844.0,1.6e-08,62499999.99999999,4.877583924010998,8.048959786379084,9.41151308656149,-12.244992128000007,25.255010175999985,25.255010175999985,37.50000230399999,0.3954927311701732,-1.7953384626581557,2.683416571142116,6.163106652833793,7.384701819888567,9.618612404233247,-0.8600001279999998,16.63999808,16.63999808,17.499998208,0.39784101594670934,-1.720256564090306,1.7299790635785026,2.9946494941990904,0.5063748306697854,3.0371600323727965,2.3442500608000003,3.562999936,3.562999936,1.2187498751999999,-0.26916333571085577,-1.89115077614942,1.1731353955742623,2.298368558834956,2.3315583739003847,3.2739368477638773,-2.5263803550976,8.239401556352,8.239401556352,10.7657819114496,0.2679272622257895,-1.8822309755951667,2.5166647798901716,125000,0.0019999840000000002,31249999.999999996
Device 5,Device 5/Device5  1.mat,19,12/24/2008 12:21:07 PM.175751209,3312994867.0,1.6e-08,62499999.99999999,4.8368714215096205,8.054550408575214,9.39527048213598,-12.244992128000007,25.255010175999985,25.255010175999985,37.50000230399999,0.3948937586434393,-1.7966079833960742,2.6880556790801786,6.187514150334465,7.417666567480186,9.659560480006455,-0.8600001279999998,16.327498112,16.327498112,17.18749824,0.39838431362766763,-1.7262913641202848,1.6902941024899603,3.0072654929072122,0.4937017444434452,3.0475214777417015,2.3442500608000003,3.5942499328000004,3.5942499328000004,1.249999872,-0.27529257676512947,-1.88880926565409,1.1794010178604024,2.274746322383606,2.281472254965115,3.221736563000356,-2.737474118067198,7.817214030412802,7.817214030412802,10.55468814848,0.2754385632436472,-1.8767704027231416,2.4263976515611647,125000,0.0019999840000000002,31249999.999999996
Device 5,Device 5/Device5  1.mat,20,12/24/2008 12:21:25 PM.313751220,3312994885.0,1.6e-08,62499999.99999999,4.731571415039988,8.07087898522423,9.355578851666936,-13.807492224000015,25.255010175999985,25.255010175999985,39.0625024,0.3941230419480622,-1.7974079498626636,2.6994599240110255,6.217796647233539,7.3941544865254905,9.660979024765226,-0.8600001279999998,16.63999808,16.63999808,17.499998208,0.3983170318663727,-1.7229768940794603,1.722392527438944,3.010865992538521,0.48674072027465226,3.049955828171691,2.3755000576,3.5942499328000004,3.5942499328000004,1.2187498752000003,-0.2705428694015367,-1.890476844932862,1.1784596680387298,2.260094726483412,2.2546812157841085,3.1924309792833165,-1.4709115402496005,7.817214030412802,7.817214030412802,9.288125570662402,0.2714286065465793,-1.876806033490768,2.4486712731273284,125000,0.0019999840000000002,31249999.999999996
Device 5,Device 5/Device5  1.mat,21,12/24/2008 12:21:52 PM.552751064,3312994912.0,1.6e-08,62499999.99999999,4.844358921969652,8.05665870901885,9.400934151374333,-13.807492224000015,23.692510079999977,23.692510079999977,37.50000230399999,0.3949982295647053,-1.795892957437756,2.520229340882719,6.185384150552577,7.366736579892176,9.619136391975553,-1.1725000959999998,16.63999808,16.63999808,17.812498176000002,0.39798889171254903,-1.7180812288955933,1.729884825615049,3.0079299928391676,0.4928236357807571,3.048035101143949,2.3755000576,3.5942499328000004,3.5942499328000004,1.2187498752000003,-0.2665377162914119,-1.8911646970442253,1.1792022773789754,2.2697172245746184,2.2834074436076617,3.219559881886589,-2.5263803550976,6.9728389785344005,6.9728389785344005,9.499219333632,0.2656724175999268,-1.880716078370855,2.1657739673562073,125000,0.0019999840000000002,31249999.999999996
Device 5,Device 5/Device5  1.mat,22,12/24/2008 12:22:10 PM.679751396,3312994930.0,1.6e-08,62499999.99999999,4.8082839197532055,8.059955959526961,9.38522691907188,-13.807492224000015,22.130009983999997,22.130009983999997,35.93750220800001,0.3944951201471174,-1.7969717609594338,2.3579621648816214,6.182929150803969,7.300684011567752,9.567058059854267,-0.8600001279999998,16.63999808,16.63999808,17.499998208,0.395444770366297,-1.7080053076467265,1.7393014629884536,3.0108887425361917,0.4836799070911851,3.049491313720193,2.3755000576,3.5942499328000004,3.5942499328000004,1.2187498752000003,-0.2513196654861281,-1.8960240664486068,1.1786391771732037,2.234506784911289,2.231573618017777,3.1579964193215195,-2.5263803550976,6.761745215564799,6.761745215564799,9.288125570662398,0.2515274743295887,-1.8822319671183099,2.1411503743938787,125000,0.0019999840000000002,31249999.999999996
Device 5,Device 5/Device5  1.mat,23,12/24/2008 12:22:38 PM.079751014,3312994958.0,1.6e-08,62499999.99999999,4.784721418305525,8.075317681007395,9.386389865117595,-13.807492224000015,25.255010175999985,25.255010175999985,39.0625024,0.3944580267570846,-1.7971199329633656,2.6905988925363675,6.164859152654337,7.290431218055557,9.547558626018747,-0.8600001279999998,16.63999808,16.63999808,17.499998208,0.3951658562271947,-1.7059422033066058,1.7428537212280772,3.004461493194342,0.488779338725512,3.0439602668320958,2.3755000576,3.5942499328000004,3.5942499328000004,1.2187498752000003,-0.24951238510395246,-1.8966410414403791,1.1807808308025654,2.2942496973318933,2.2624554079033308,3.2221555124572294,-1.4709115402496005,7.817214030412802,7.817214030412802,9.288125570662402,0.2491295408264437,-1.8838349330630435,2.426082167726089,125000,0.0019999840000000002,31249999.999999996
Device 5,Device 5/Device5  1.mat,24,12/24/2008 12:23:00 PM.776751041,3312994980.0,1.6e-08,62499999.99999999,4.8528339224903565,8.055790180439452,9.404560197613593,-12.244992128000007,25.255010175999985,25.255010175999985,37.50000230399999,0.3951814163915071,-1.7961485159746344,2.6854004488597396,6.175786651535361,7.2894887786254845,9.553899068913655,-0.8600001279999998,16.327498112,16.327498112,17.18749824,0.3951131545484699,-1.7063842863761431,1.7089879214996304,2.987089744973209,0.511107477818854,3.030500948425271,2.3442500608000003,3.562999936,3.562999936,1.2187498751999999,-0.25282823402369015,-1.895741073995698,1.1757131895475663,2.368098739369178,2.348792594458665,3.335373785827573,-2.3152865921279986,8.0283077933824,8.0283077933824,10.343594385510398,0.2497780276269566,-1.887801648769831,2.4070189156896595,125000,0.0019999840000000002,31249999.999999996
Device 5,Device 5/Device5  1.mat,25,12/24/2008 12:23:23 PM.501751422,3312995003.0,1.6e-08,62499999.99999999,4.622333908328436,8.090660360900696,9.31798024442704,-13.807492224000015,25.255010175999985,25.255010175999985,39.0625024,0.39380848828415793,-1.799820757020444,2.7103524061563307,6.17870415123661,7.292647138121788,9.558194770439886,-0.8600001279999998,16.327498112,16.327498112,17.18749824,0.39517036778483644,-1.7060794216538824,1.7082198578433632,3.006672992967884,0.485994150632717,3.045697424415576,2.3755000576,3.5942499328000004,3.5942499328000004,1.2187498752000003,-0.24937713489127347,-1.8967248459786599,1.1801073553751595,2.231071867200248,2.238794765702266,3.1606777247211184,-1.6820053032191984,7.817214030412802,7.817214030412802,9.499219333632,0.25001011139575763,-1.8821361734444846,2.4732714662019366,125000,0.0019999840000000002,31249999.999999996
Device 5,Device 5/Device5  1.mat,26,12/24/2008 12:23:46 PM.074751377,3312995026.0,1.6e-08,62499999.99999999,4.8320589212139415,8.030028854771892,9.371774475869147,-13.807492224000015,23.692510079999977,23.692510079999977,37.50000230399999,0.39545096018357406,-1.7971263304182883,2.5280708729178754,6.186996650387457,7.270773510408965,9.54688823604688,-0.8600001279999998,16.63999808,16.63999808,17.499998208,0.39176876553260925,-1.7053741543009073,1.7429761057818975,2.99405399426007,0.4967875474383279,3.0349888282882476,2.3442500608000003,3.5942499328000004,3.5942499328000004,1.249999872,-0.24491352425963517,-1.8985908333052148,1.1842712234387958,2.306537043086828,2.2989411134335236,3.2565692644509645,-2.948567881036799,7.395026504473599,7.395026504473599,10.343594385510398,0.2434525436816936,-1.8875546359007593,2.2708027694047375,125000,0.0019999840000000002,31249999.999999996
Device 5,Device 5/Device5  1.mat,27,12/24/2008 12:24:04 PM.311751365,3312995044.0,1.6e-08,62499999.99999999,4.76924641735474,8.060395062176092,9.365664949580664,-13.807492224000015,25.255010175999985,25.255010175999985,39.0625024,0.39458954403178065,-1.796827843601664,2.6965528141310187,6.16502915263693,7.268212503266988,9.530713375477713,-0.8600001279999998,16.327498112,16.327498112,17.18749824,0.39472581449407884,-1.7036744599231086,1.7131454350531876,3.0060354930331643,0.4840100698974324,3.044752064312833,2.3755000576,3.5942499328000004,3.5942499328000004,1.2187498752000003,-0.24673290291294275,-1.8969675892587892,1.1804737649832853,2.2227277529375855,2.2217177442896245,3.142697630853205,-2.1041928291584004,7.183932741504002,7.183932741504002,9.288125570662402,0.24638330664064415,-1.883589335395647,2.2859128001931417,125000,0.0019999840000000002,31249999.999999996
Device 5,Device 5/Device5  1.mat,28,12/24/2008 12:24:31 PM.495751380,3312995071.0,1.6e-08,62499999.99999999,4.866883923353589,8.027537548366153,9.387647107439973,-12.244992128000007,25.255010175999985,25.255010175999985,37.50000230399999,0.39537837719666047,-1.79635573238036,2.6902385535971716,6.141274155069443,7.279891720219739,9.524288514416591,-0.8600001279999998,16.327498112,16.327498112,17.18749824,0.3940820561064647,-1.7054055320227457,1.7143010826777898,3.4771691947890697,0.5333767143429015,3.5178397246880495,2.781750016,4.0942498816,4.0942498816,1.3124998655999995,-0.24444976914569405,-1.8975668805389847,1.1638534447339168,2.405470779165316,2.401670197856789,3.3991630453233133,-2.5263803550976,8.872682845260801,8.872682845260801,11.399063200358402,0.24301304609486288,-1.88857398909047,2.6102551501517843,125000,0.0019999840000000002,31249999.999999996
Device 5,Device 5/Device5  1.mat,29,12/24/2008 12:24:54 PM.132751464,3312995094.0,1.6e-08,62499999.99999999,4.664633910927348,8.066986428862162,9.318534196236,-13.807492224000015,25.255010175999985,25.255010175999985,39.0625024,0.3934928394486733,-1.7978134426484211,2.710191285900002,6.165386652600322,7.247246149363797,9.5149655451573,-0.8600001279999998,16.63999808,16.63999808,17.499998208,0.39157814662344653,-1.7002499959083466,1.7488237872252759,3.495447192917402,0.5033290927870766,3.531499859000423,2.8442500096,4.0629998848,4.0629998848,1.2187498751999999,-0.22939820802384286,-1.8997679479749225,1.150502632598155,2.2841307067101826,2.2727749885691555,3.222228923276849,-1.6820053032191984,7.606120267443201,7.606120267443201,9.288125570662398,0.2315723148087057,-1.8869447348618504,2.360515173983402,125000,0.0019999840000000002,31249999.999999996
Device 5,Device 5/Device5  1.mat,30,12/24/2008 12:25:16 PM.924751281,3312995116.0,1.6e-08,62499999.99999999,4.733021415129077,8.068668300500386,9.35440537177913,-12.244992128000007,25.255010175999985,25.255010175999985,37.50000230399999,0.3941153476446389,-1.7970146260673838,2.6997985625244176,6.1900666500730885,7.244140034661591,9.528614273551737,-0.8600001279999998,16.63999808,16.63999808,17.499998208,0.393200756945629,-1.6990559847481606,1.7463187828042426,3.509768941450855,0.490086349737656,3.5438203471073746,2.8755000064000003,4.0629998848,4.0629998848,1.1874998783999997,-0.22908809954090378,-1.8987937549472322,1.1465027814167845,2.221310891600534,2.194170731859595,3.122275977182739,-2.5263803550976,7.817214030412802,7.817214030412802,10.343594385510402,0.22980470948239437,-1.8873927483827515,2.5036909253186366,125000,0.0019999840000000002,31249999.999999996
Device 5,Device 5/Device5  1.mat,31,12/24/2008 12:25:39 PM.610751152,3312995139.0,1.6e-08,62499999.99999999,4.590708906385395,8.117320573574275,9.32552955908341,-13.807492224000015,25.255010175999985,25.255010175999985,39.0625024,0.393919959118876,-1.7999026054445557,2.708158289134441,6.16970415215821,7.2231392103981635,9.499420475900077,-0.8600001279999998,16.327498112,16.327498112,17.18749824,0.3905250808628092,-1.696844006502529,1.7187888622703542,3.94590439679058,0.5511534386335818,3.9842102883167256,3.250499968,4.5629998336,4.5629998336,1.3124998656,-0.226990155149766,-1.900379196089462,1.1452708324609555,2.53369757454357,2.4945107171006455,3.5555881534533698,-1.6820053032191984,8.239401556352,8.239401556352,9.9214068595712,0.22726746528871716,-1.8878290502874282,2.3173104422539685,125000,0.0019999840000000002,31249999.999999996
Device 5,Device 5/Device5  1.mat,32,12/24/2008 12:25:55 PM.517751216,3312995155.0,1.6e-08,62499999.99999999,4.804133919498229,8.047476371031703,9.372383830103578,-12.244992128000007,25.255010175999985,25.255010175999985,37.50000230399999,0.3943633822455616,-1.7970206707196776,2.694619707622546,6.1401366551859216,7.208623489964169,9.469188495558685,-0.8600001279999998,16.63999808,16.63999808,17.499998208,0.39127499961271817,-1.6936723093508903,1.7572781540682845,3.9850876427782147,0.5088445506341251,4.017442755949818,3.3442499584000003,4.5317498368,4.5317498368,1.1874998784000002,-0.21782604803146022,-1.9020841777072164,1.128018521256711,2.350942727065113,2.300807648347486,3.2894752682813473,-2.737474118067198,7.817214030412802,7.817214030412802,10.55468814848,0.2165171891982885,-1.89262623464269,2.376431920856807,125000,0.0019999840000000002,31249999.999999996
Device 5,Device 5/Device5  1.mat,33,12/24/2008 12:26:20 PM.350751399,3312995180.0,1.6e-08,62499999.99999999,4.824333920739316,8.062344213641934,9.395509139905169,-13.807492224000015,25.255010175999985,25.255010175999985,39.0625024,0.39529330320703693,-1.7963552344296105,2.6879873990793532,6.153114153857025,7.225720517114746,9.490619093707672,-0.8600001279999998,16.327498112,16.327498112,17.18749824,0.3914127692234526,-1.6965282750726862,1.7203828275886885,3.98340839295017,0.5116889150214904,4.01613844019124,3.3442499584000003,4.5629998336,4.5629998336,1.2187498751999999,-0.22077326622556087,-1.9016388628621559,1.1361659717543802,2.3569023261812703,2.3136597432413653,3.3027276579600664,-1.6820053032191984,7.606120267443201,7.606120267443201,9.288125570662398,0.21917628373571138,-1.8922914867226819,2.302981370295948,125000,0.0019999840000000002,31249999.999999996
Device 5,Device 5/Device5  1.mat,34,12/24/2008 12:26:47 PM.526751041,3312995207.0,1.6e-08,62499999.99999999,4.794946418933749,8.055554838201246,9.374618654202052,-12.244992128000007,25.255010175999985,25.255010175999985,37.50000230399999,0.39503551842771656,-1.7970245941877074,2.69397733471321,6.171341651990529,7.211548916704626,9.49167506626817,-0.8600001279999998,16.327498112,16.327498112,17.18749824,0.39156189178043677,-1.6934499044274456,1.720191430701753,3.980778143219508,0.5105290982259145,4.013381938673357,3.3442499584000003,4.5629998336,4.5629998336,1.2187498751999999,-0.21662476409104858,-1.9022319640740668,1.1369463219113212,2.36793324185901,2.306299120463189,3.305468721823004,-2.5263803550976,7.183932741504002,7.183932741504002,9.710313096601602,0.21575808377669342,-1.8931599205086684,2.1733476689932134,125000,0.0019999840000000002,31249999.999999996
Device 5,Device 5/Device5  1.mat,35,12/24/2008 12:27:10 PM.180751323,3312995230.0,1.6e-08,62499999.99999999,4.736471415341044,8.064941363541408,9.352937542061529,-13.807492224000015,25.255010175999985,25.255010175999985,39.0625024,0.39451070610009964,-1.7981472304070176,2.700222263050994,6.15532915363021,7.175351912751885,9.453769198650987,-0.8600001279999998,16.327498112,16.327498112,17.18749824,0.3885849719854472,-1.6898321916965726,1.7270887165650148,3.976565893650842,0.5149455219607244,4.009768721152695,3.3129999616,4.5629998336,4.5629998336,1.249999872,-0.21050056589892097,-1.9033985795752868,1.1379708284741836,2.382211623986273,2.3268451953571123,3.330036153649356,-1.6820053032191984,7.817214030412802,7.817214030412802,9.499219333632,0.20824306778764543,-1.8952475732378258,2.3474862342998857,125000,0.0019999840000000002,31249999.999999996
Device 5,Device 5/Device5  1.mat,36,12/24/2008 12:27:33 PM.055751323,3312995253.0,1.6e-08,62499999.99999999,4.770721417445365,8.068861890711952,9.373703379895035,-12.244992128000007,25.255010175999985,25.255010175999985,37.50000230399999,0.39480258939368496,-1.7972005465024004,2.69424038210635,6.18584165050573,7.238940578700666,9.521916699230811,-0.8600001279999998,16.63999808,16.63999808,17.499998208,0.39176899712684765,-1.6993998611821024,1.7475471174143118,3.9979043914657795,0.4941346548501931,4.0283257788348354,3.3754999552,4.5629998336,4.5629998336,1.1874998784000002,-0.22087032963677353,-1.9003298830067077,1.1327286034248738,2.28680399812443,2.2199723514647656,3.1871224901321065,-2.737474118067198,7.817214030412802,7.817214030412802,10.55468814848,0.2198989039667647,-1.8880905931810517,2.452749793776761,125000,0.0019999840000000002,31249999.999999996
Device 5,Device 5/Device5  1.mat,37,12/24/2008 12:27:55 PM.744751453,3312995275.0,1.6e-08,62499999.99999999,4.799033919184885,8.032286472561852,9.356727661676768,-12.244992128000007,25.255010175999985,25.255010175999985,37.50000230399999,0.3948060904541812,-1.7975824647246699,2.699128486921695,6.179434151161857,7.226676306236776,9.508430830776941,-0.8600001279999998,16.327498112,16.327498112,17.18749824,0.39236325936786004,-1.6980040186278305,1.7171601079697678,4.004810390758605,0.4832736801057929,4.033864117172403,3.406749952,4.5629998336,4.5629998336,1.1562498816,-0.2185308552338524,-1.9004891059072582,1.1311734111654963,2.224340509286674,2.1689495779490633,3.106772114742103,-2.1041928291584004,7.395026504473599,7.395026504473599,9.499219333632,0.21755133835795154,-1.8883266802544287,2.3802925452378956,125000,0.0019999840000000002,31249999.999999996
Device 5,Device 5/Device5  1.mat,38,12/24/2008 12:28:18 PM.701751232,3312995298.0,1.6e-08,62499999.99999999,4.716058914086901,8.078899134795916,9.35466850889676,-12.244992128000007,25.255010175999985,25.255010175999985,37.50000230399999,0.39434412103555166,-1.7982635279989188,2.6997226199924884,6.1531391538544655,7.23687111185149,9.49912758816553,-0.8600001279999998,16.63999808,16.63999808,17.499998208,0.39105888593943533,-1.6995092647726024,1.7517396124598759,4.475062592604775,0.48590429499649285,4.5013651475554175,3.8442499072,5.031749785600001,5.031749785600001,1.1874998784000006,-0.21857393118319338,-1.8972368619700282,1.117827508024454,2.313016777234943,2.2487189369129563,3.2259546600969546,-2.3152865921279986,7.817214030412802,7.817214030412802,10.1325006225408,0.21417057897900416,-1.8884355593161453,2.423225015251101,125000,0.0019999840000000002,31249999.999999996
Device 5,Device 5/Device5  1.mat,39,12/24/2008 12:28:41 PM.246751308,3312995321.0,1.6e-08,62499999.99999999,4.6910089125478285,8.074271802213584,9.338063490554376,-10.682492031999999,25.255010175999985,25.255010175999985,35.937502207999984,0.39390483008446836,-1.797850281365121,2.7045232881042085,6.134524155760642,7.205210572368389,9.462951231501727,-0.8600001279999998,16.63999808,16.63999808,17.499998208,0.3911541703784023,-1.69547041821055,1.7584364193494118,4.472589342858035,0.48749830352841333,4.499078797464027,3.8442499072,5.031749785600001,5.031749785600001,1.1874998784000006,-0.21464967754926959,-1.897470534869369,1.1183955676518094,2.2906729246121365,2.245698615527373,3.2078567173944474,-2.737474118067198,7.817214030412802,7.817214030412802,10.55468814848,0.21111146104685033,-1.8877390759809558,2.43689625787347,125000,0.0019999840000000002,31249999.999999996
Device 5,Device 5/Device5  1.mat,40,12/24/2008 12:29:04 PM.055751323,3312995344.0,1.6e-08,62499999.99999999,4.6472964098621325,8.066788234469287,9.30969582429467,-13.807492224000015,25.255010175999985,25.255010175999985,39.0625024,0.39326270474015823,-1.7985986788960646,2.7127642677749226,6.136564155551745,7.211888863976672,9.46935903963691,-0.8600001279999998,16.63999808,16.63999808,17.499998208,0.39160140554282113,-1.696182959419147,1.757246505317644,4.464978093637427,0.49696205842067037,4.492549461516459,3.8442499072,5.0629997824,5.0629997824,1.2187498752000003,-0.2173177737172802,-1.897359562236991,1.1269769705976673,2.3331956522247324,2.284335115737828,3.265270107135603,-2.1041928291584004,7.606120267443201,7.606120267443201,9.7103130966016,0.21348932611129576,-1.8898081686912704,2.3294000244639874,125000,0.0019999840000000002,31249999.999999996
Device 5,Device 5/Device5  1.mat,41,12/24/2008 12:29:26 PM.670751094,3312995366.0,1.6e-08,62499999.99999999,4.777621417869301,8.039785574648688,9.35220928437835,-10.682492031999999,25.255010175999985,25.255010175999985,35.937502207999984,0.39422231089264226,-1.7979407852772264,2.7004325296895564,6.182074150891521,7.209266952173046,9.4969242807772,-0.8600001279999998,16.327498112,16.327498112,17.18749824,0.39118279170237175,-1.696151162162282,1.7192406329961605,4.457694344383284,0.5085253760471146,4.4866063930358955,3.8129999104000003,5.031749785600001,5.031749785600001,1.2187498752000003,-0.21891689850560236,-1.8972965393595296,1.1215046172559902,2.3724726021379086,2.330839853693175,3.3258744220820238,-2.5263803550976,8.0283077933824,8.0283077933824,10.55468814848,0.2129971222272639,-1.8923601692269045,2.4138938440004645,125000,0.0019999840000000002,31249999.999999996
Device 5,Device 5/Device5  1.mat,42,12/24/2008 12:29:49 PM.311751365,3312995389.0,1.6e-08,62499999.99999999,4.610946407628789,8.08499140751866,9.307411715062107,-13.807492224000015,23.692510079999977,23.692510079999977,37.50000230399999,0.3934378495299625,-1.8003564285055882,2.5455530286318573,6.191234149953537,7.217000605878134,9.508757965412531,-0.8600001279999998,16.327498112,16.327498112,17.18749824,0.3924469993327258,-1.6979386587390193,1.7171010316373787,4.440784596114843,0.5314622735987272,4.472473585986796,3.7504999168,5.0629997824,5.0629997824,1.3124998656000004,-0.22791998477372435,-1.8951904731963172,1.1320357035228665,2.4366248410794213,2.416521970586518,3.4317224611691235,-2.5263803550976,7.183932741504002,7.183932741504002,9.710313096601602,0.22147483223871647,-1.8913999325395447,2.0933897839327513,125000,0.0019999840000000002,31249999.999999996
Device 5,Device 5/Device5  1.mat,43,12/24/2008 12:30:12 PM.190751075,3312995412.0,1.6e-08,62499999.99999999,4.704946413404148,8.076905602153113,9.347348546999672,-13.807492224000015,23.692510079999977,23.692510079999977,37.50000230399999,0.3939344017679207,-1.798401068703268,2.5346770756296273,6.157669153390593,7.161791768066709,9.445006655993744,-0.8600001279999998,16.327498112,16.327498112,17.18749824,0.3917458246498182,-1.6946040242423488,1.728691011735674,4.482458341847449,0.4722893272091023,4.507270792285883,3.875499904,5.0629997824,5.0629997824,1.1874998784000002,-0.21040846663242516,-1.8981920787488822,1.1232961177005911,2.2498237483523638,2.1770302724575705,3.130681667919459,-1.8930990661887996,7.395026504473599,7.395026504473599,9.288125570662398,0.20711080030240575,-1.8890877674926005,2.362113842570291,125000,0.0019999840000000002,31249999.999999996
Device 5,Device 5/Device5  1.mat,44,12/24/2008 12:30:34 PM.904751300,3312995434.0,1.6e-08,62499999.99999999,4.53780890313522,8.106872531120906,9.29048394203531,-12.244992128000007,25.255010175999985,25.255010175999985,37.50000230399999,0.3940319244380333,-1.8003432721076271,2.718374019434261,6.158801653274626,7.080828238380978,9.38450671830074,-0.8600001279999998,16.327498112,16.327498112,17.18749824,0.3905798124293861,-1.6911523625709242,1.7398355184891843,4.495707090490778,0.45122622379091126,4.518294739005598,3.9067499008000004,5.031749785600001,5.031749785600001,1.1249998848000002,-0.20008180324217353,-1.9008433326661747,1.11363912189301,2.1985347189511657,2.078832629818927,3.025739581198877,-2.5263803550976,6.761745215564799,6.761745215564799,9.288125570662398,0.1948003579559588,-1.8913419326846903,2.234741303442122,125000,0.0019999840000000002,31249999.999999996
Device 5,Device 5/Device5  1.mat,45,12/24/2008 12:30:57 PM.737751483,3312995457.0,1.6e-08,62499999.99999999,4.678996411809781,8.092784864704692,9.348057246728978,-12.244992128000007,25.255010175999985,25.255010175999985,37.50000230399999,0.39381985602158354,-1.7986553363251379,2.701631955114212,6.1411241550848015,7.067513446550024,9.362860257706052,-0.8600001279999998,16.327498112,16.327498112,17.18749824,0.38921350183514974,-1.6938806952068721,1.743857930439765,4.496985590359859,0.445275450287447,4.518976612744627,3.9067499008000004,5.031749785600001,5.031749785600001,1.1249998848000002,-0.2008303805003614,-1.8987196659407497,1.1134710835655195,2.190857660979487,2.0474587608617862,2.998657144140055,-2.5263803550976,6.9728389785344005,6.9728389785344005,9.499219333632,0.19289992773783635,-1.8917853977144494,2.3253205162719754,125000,0.0019999840000000002,31249999.999999996
Device 5,Device 5/Device5  1.mat,46,12/24/2008 12:31:20 PM.497751235,3312995480.0,1.6e-08,62499999.99999999,4.632608908959732,8.089766473409322,9.32230587878721,-13.807492224000015,25.255010175999985,25.255010175999985,39.0625024,0.39388687504916187,-1.7996262009520085,2.709094778092129,6.140869155110915,6.9560625506446225,9.278851232166254,-0.8600001279999998,16.327498112,16.327498112,17.18749824,0.38963561231351107,-1.6913444414292063,1.7596465018642355,4.497121840345908,0.45045109411101025,4.519625098954776,3.9067499008000004,5.0629997824,5.0629997824,1.1562498816,-0.20057952216943178,-1.8996007109145925,1.1202256097681391,2.1980095176688974,2.074341821530565,3.0222739505732763,-2.1041928291584004,7.606120267443201,7.606120267443201,9.7103130966016,0.1948482482201659,-1.8910749009988814,2.5166878952189107,125000,0.0019999840000000002,31249999.999999996
Device 5,Device 5/Device5  1.mat,47,12/24/2008 12:31:43 PM.196751117,3312995503.0,1.6e-08,62499999.99999999,4.505708901162996,8.095769230822741,9.26514393524222,-13.807492224000015,25.255010175999985,25.255010175999985,39.0625024,0.3936563759309891,-1.800828597815698,2.725808724885151,6.096409159663618,6.692710291871373,9.053097574474245,-0.5475001599999998,16.014998144000003,16.014998144000003,16.562498304000002,0.38642859472486624,-1.6907826109849369,1.7690075703099961,4.5071295893211145,0.43199229638177505,4.527784720927786,3.9379998976,5.031749785600001,5.031749785600001,1.0937498880000005,-0.19397768142363736,-1.8975459462666517,1.111304996976302,2.1709591185069206,2.003131865054501,2.953912788662703,-1.6820053032191984,7.183932741504002,7.183932741504002,8.865938044723201,0.18723403905320907,-1.8892579674151315,2.432005700735774,125000,0.0019999840000000002,31249999.999999996
Device 5,Device 5/Device5  1.mat,48,12/24/2008 12:32:06 PM.014751434,3312995526.0,1.6e-08,62499999.99999999,4.794233918889973,8.062743156025503,9.38043208328226,-12.244992128000007,22.130009983999997,22.130009983999997,34.375002112000004,0.3945474842873084,-1.7972538878524207,2.359167444263036,6.13889915531264,6.635563330269037,9.039733599454653,-0.5475001599999998,15.702498176000002,15.702498176000002,16.249998336,0.38629595693982827,-1.690938351139816,1.7370531999911258,4.495391590523084,0.44653479806581475,4.5175146793374505,3.9067499008000004,5.0629997824,5.0629997824,1.1562498816,-0.19595794686337312,-1.8983808660631267,1.1207489386935543,2.2090606983478813,2.0607348844950315,3.0210225807100457,-2.1041928291584004,6.9728389785344005,6.9728389785344005,9.077031807692801,0.1877554204475084,-1.8912431777823633,2.3081055477895633,125000,0.0019999840000000002,31249999.999999996
Device 5,Device 5/Device5  1.mat,49,12/24/2008 12:32:28 PM.697751045,3312995548.0,1.6e-08,62499999.99999999,4.762271416926197,8.065561614425281,9.366563575002457,-13.807492224000015,23.692510079999977,23.692510079999977,37.50000230399999,0.39415708737428323,-1.798110212861642,2.529477314735865,6.095531659753473,6.511230590484895,8.919172047758872,-0.5475001599999998,15.702498176000002,15.702498176000002,16.249998336,0.3840116234052469,-1.68935974829686,1.7605331629347347,4.503668589675519,0.43297095782319495,4.524433071219888,3.9379998976,5.031749785600001,5.031749785600001,1.0937498880000005,-0.18729273729322002,-1.8976970259990138,1.1121282393604572,2.1741322799518796,2.000961695108417,2.954775605019763,-2.737474118067198,6.3395576896256,6.3395576896256,9.077031807692798,0.17908483572626335,-1.8900449186711386,2.1455293183196558,125000,0.0019999840000000002,31249999.999999996
Device 5,Device 5/Device5  1.mat,50,12/24/2008 12:32:51 PM.498751163,3312995571.0,1.6e-08,62499999.99999999,4.569758905098228,8.09973783521011,9.299916636715553,-13.807492224000015,25.255010175999985,25.255010175999985,39.0625024,0.3936260230508578,-1.8005913572794352,2.7156168342729665,6.08806666051789,6.544258697565132,8.938225638434416,-0.5475001599999998,15.702498176000002,15.702498176000002,16.249998336,0.38370003055490304,-1.689333255913235,1.7567802392993057,4.499537840098508,0.44111529851100767,4.521108656188083,3.9379998976,5.031749785600001,5.031749785600001,1.0937498880000005,-0.188027854968693,-1.8979456027749708,1.1129459980381136,2.1865513482149073,2.0393412853597837,2.9899698454254224,-2.1041928291584004,7.817214030412802,7.817214030412802,9.921406859571203,0.1805197923043029,-1.891505508820258,2.6144792203750615,125000,0.0019999840000000002,31249999.999999996
Device 5,Device 5/Device5  1.mat,51,12/24/2008 12:33:14 PM.292751312,3312995594.0,1.6e-08,62499999.99999999,4.619971408183284,8.074415917956612,9.302705425228844,-12.244992128000007,23.692510079999977,23.692510079999977,35.937502207999984,0.3932844967046539,-1.799761671092781,2.5468408379078764,6.08580416074957,6.5900770297236155,8.9702913854951,-0.5475001599999998,15.702498176000002,15.702498176000002,16.249998336,0.3852186023048405,-1.6915830603617914,1.750500346219615,4.952365043728998,0.4863740737153815,4.976191240892117,4.344249856,5.5004997376,5.5004997376,1.1562498816,-0.19595185728467723,-1.9005084034258397,1.1053634137690187,2.3853358116782233,2.264654524518491,3.2891468574535683,-2.5263803550976,8.0283077933824,8.0283077933824,10.55468814848,0.19244450257009033,-1.8903174819299489,2.4408480804648085,125000,0.0019999840000000002,31249999.999999996
Device 5,Device 5/Device5  1.mat,52,12/24/2008 12:33:37 PM.004751205,3312995617.0,1.6e-08,62499999.99999999,4.766583917191155,8.05821808379943,9.362435629989536,-12.244992128000007,25.255010175999985,25.255010175999985,37.50000230399999,0.39417660730939996,-1.7976094567759229,2.6974829172767527,6.0922216600924175,6.662427551282796,9.027907046031835,-0.5475001599999998,15.702498176000002,15.702498176000002,16.249998336,0.3861987901358533,-1.696694492962859,1.7393287387581096,4.94920954405212,0.4964010967472096,4.974041531771568,4.3129998592,5.5004997376,5.5004997376,1.1874998784000006,-0.20309426145569412,-1.900973332612547,1.1058411359184868,2.4111956420170513,2.297433076417116,3.3304749157886526,-2.3152865921279986,7.817214030412802,7.817214030412802,10.1325006225408,0.19915355160876763,-1.8925931413397918,2.3471769726755904,125000,0.0019999840000000002,31249999.999999996
Device 5,Device 5/Device5  1.mat,53,12/24/2008 12:33:52 PM.889751434,3312995632.0,1.6e-08,62499999.99999999,4.793508918845428,8.04574290103223,9.365452823252127,-13.807492224000015,25.255010175999985,25.255010175999985,39.0625024,0.3939730601613655,-1.7964555839993284,2.6966138907131083,6.1142091578408975,6.4702289653983325,8.902101801850227,-0.5475001599999998,15.702498176000002,15.702498176000002,16.249998336,0.38240175591368947,-1.6964262061389246,1.7639090773750048,4.975012541409895,0.4415218275758369,4.9945661784995545,4.406749849600001,5.4692497408000005,5.4692497408000005,1.0624998911999999,-0.18140968198531485,-1.9051820539449054,1.0950399985375803,2.2728684322682287,2.059463981187556,3.06713592789924,-2.5263803550976,6.5506514525952015,6.5506514525952015,9.077031807692801,0.17677229379527476,-1.8909902710160555,2.1357551822236682,125000,0.0019999840000000002,31249999.999999996
Device 5,Device 5/Device5  1.mat,54,12/24/2008 12:34:20 PM.067751407,3312995660.0,1.6e-08,62499999.99999999,4.79618391900978,8.04167631021957,9.363329432595794,-13.807492224000015,25.255010175999985,25.255010175999985,39.0625024,0.3940811910008393,-1.7959972812273506,2.697225421555903,6.219981647009794,6.735798155301738,9.168377636098164,-0.5475001599999998,16.327498112,16.327498112,16.874998272,0.4085267109415466,-1.635282518683156,1.7808492145561952,4.9665487922765825,0.4417998793284906,4.986160250076069,4.406749849600001,5.5004997376,5.5004997376,1.0937498879999996,-0.13511704186952792,-1.914101829036511,1.1031534210149152,2.317059644983337,2.0633398417001345,3.102601602003944,-2.3152865921279986,7.817214030412802,7.817214030412802,10.1325006225408,0.1341163808609702,-1.8990707979570411,2.519567457634177,125000,0.0019999840000000002,31249999.999999996
Device 5,Device 5/Device5  1.mat,55,12/24/2008 12:34:45 PM.045751094,3312995685.0,1.6e-08,62499999.99999999,4.806308919631861,8.043845454647867,9.37038180274379,-12.244992128000007,25.255010175999985,25.255010175999985,37.50000230399999,0.39465742095882966,-1.7965973542857354,2.6951954261463427,4.647271808055298,5.705574300630913,7.358716828222533,-0.8600001279999998,12.889998464000001,12.889998464000001,13.749998592,0.4043685248623157,-1.7677920520757404,1.7516638790289647,5.010907537734247,0.4675100278766118,5.032669269670627,4.3754998528,5.5004997376,5.5004997376,1.1249998848000002,-0.3468923891001929,-1.8547268734757238,1.0929587149206788,2.1340160212371377,2.1819333969287955,3.0520251846159487,-2.3152865921279986,7.606120267443201,7.606120267443201,9.9214068595712,0.348662240931775,-1.840807233598047,2.492155145305695,125000,0.0019999840000000002,31249999.999999996
Device 5,Device 5/Device5  1.mat,56,12/24/2008 12:35:07 PM.777751445,3312995707.0,1.6e-08,62499999.99999999,4.763083916976116,8.044985953834159,9.349265607391068,-10.682492031999999,25.255010175999985,25.255010175999985,35.937502207999984,0.39424632640717067,-1.7982318690502663,2.7012827784071747,4.117781862275073,5.060155356558105,6.5239021833397555,-0.8600001279999998,12.264998528000001,12.264998528000001,13.124998656,0.40506321846832904,-1.7532495557858883,1.8800095684023928,5.001078288740762,0.4897550158900054,5.025001893104484,4.3129998592,5.5004997376,5.5004997376,1.1874998784000006,-0.35508593515118386,-1.845288666685767,1.0946264010662392,2.1925616098341774,2.284711765660466,3.166580847707193,-2.737474118067198,7.395026504473599,7.395026504473599,10.132500622540798,0.35627076690035936,-1.8363023534790743,2.3353348169929316,125000,0.0019999840000000002,31249999.999999996
Device 5,Device 5/Device5  1.mat,57,12/24/2008 12:35:30 PM.506751060,3312995730.0,1.6e-08,62499999.99999999,4.619283908141044,8.08556212534514,9.312040523259476,-10.682492031999999,25.255010175999985,25.255010175999985,35.937502207999984,0.3935828716846028,-1.8002917263216351,2.7120812149515885,4.1390418600980485,5.026519919634868,6.511341645323952,-0.5475001599999998,12.264998528000001,12.264998528000001,12.812498688000002,0.4097504011332523,-1.7364185922791795,1.8836361530511878,5.0241655363766275,0.44926972897906836,5.04421278558821,4.4379998464,5.5004997376,5.5004997376,1.0624998911999999,-0.3500489243445635,-1.8521434445812934,1.0904575146622373,2.044593325743007,2.0827626843642255,2.918606219936654,-2.5263803550976,8.0283077933824,8.0283077933824,10.55468814848,0.35010133329288073,-1.8398284234865527,2.750733462617183,125000,0.0019999840000000002,31249999.999999996
Device 5,Device 5/Device5  1.mat,58,12/24/2008 12:35:53 PM.221751213,3312995753.0,1.6e-08,62499999.99999999,4.606896407379957,8.088922862236611,9.308822029641798,-12.244992128000007,25.255010175999985,25.255010175999985,37.50000230399999,0.3936395909452688,-1.7999740822551729,2.7130189078254183,4.3372493398016,5.223774764138768,6.789665280561515,-0.8600001279999998,12.264998528000001,12.264998528000001,13.124998656,0.3932133654296007,-1.7637939154336142,1.8064216748819861,5.015537037260186,0.4536093823820023,5.036007669167479,4.406749849600001,5.5317497344,5.5317497344,1.1249998847999994,-0.3364043234555262,-1.8594772894008964,1.0984394976734564,2.068990698491982,2.1077374090690735,2.953519848593462,-1.6820053032191984,7.395026504473599,7.395026504473599,9.077031807692798,0.3365207290002756,-1.8471561284512106,2.503801187588189,125000,0.0019999840000000002,31249999.999999996
Device 5,Device 5/Device5  1.mat,59,12/24/2008 12:36:15 PM.927751064,3312995775.0,1.6e-08,62499999.99999999,4.605608907300852,8.098966863903048,9.316914600317453,-10.682492031999999,25.255010175999985,25.255010175999985,35.937502207999984,0.3938678538608419,-1.799647569129291,2.710662409113364,5.3242417387335665,6.821011770908786,8.652962017214039,-0.8600001279999998,14.452498304000002,14.452498304000002,15.312498432000002,0.4062264009197836,-1.819080509907444,1.670237113632127,5.006531288182374,0.4952805317643,5.030969920869514,4.344249856,5.5004997376,5.5004997376,1.1562498816,-0.38933131102853774,-1.836834315331546,1.093327891860927,2.1374036539452734,2.2984783053274045,3.138709432228371,-2.5263803550976,6.9728389785344005,6.9728389785344005,9.499219333632,0.3903862051394526,-1.8290492606334146,2.2215624380317154,125000,0.0019999840000000002,31249999.999999996
Device 5,Device 5/Device5  1.mat,60,12/24/2008 12:36:38 PM.646751403,3312995798.0,1.6e-08,62499999.99999999,4.500521400844276,8.129783861834719,9.292366680216917,-13.807492224000015,23.692510079999977,23.692510079999977,37.50000230399999,0.39367967691790257,-1.8019799741733342,2.5496744688778152,3.569066918463489,4.455198682063444,5.70850540554446,-0.8600001279999998,10.077498752,10.077498752,10.93749888,0.39854255090468765,-1.7970886950257723,1.7653480265100736,5.037202285041665,0.4428169014504365,5.056628686055475,4.4692498432,5.5317497344,5.5317497344,1.0624998911999999,-0.38157241396730424,-1.8356461309882592,1.093960042914512,1.973932643901615,2.0359108191888433,2.835726176193782,-2.737474118067198,6.761745215564799,6.761745215564799,9.499219333631997,0.38201675007336294,-1.823089357384757,2.3844845360353752,125000,0.0019999840000000002,31249999.999999996
Device 5,Device 5/Device5  1.mat,61,12/24/2008 12:37:01 PM.332751274,3312995821.0,1.6e-08,62499999.99999999,4.671008911319029,8.081069148758429,9.33391680039184,-12.244992128000007,25.255010175999985,25.255010175999985,37.50000230399999,0.39410074575826765,-1.7983371110126254,2.7057248008617103,3.6213569131089924,4.627594553623576,5.876126040585658,-0.8600001279999998,11.014998656000001,11.014998656000001,11.874998784,0.43540065020880797,-1.737160956687476,1.8745341028971811,5.034347785333965,0.4521952935606143,5.054615535054607,4.406749849600001,5.5317497344,5.5317497344,1.1249998847999994,-0.39118206024175334,-1.8303829007320196,1.094395745044581,1.9725394250660158,2.090097233982188,2.873920359185299,-2.737474118067198,7.395026504473599,7.395026504473599,10.132500622540798,0.3935950885280254,-1.8164026580990207,2.5731494196902336,125000,0.0019999840000000002,31249999.999999996
Device 5,Device 5/Device5  1.mat,62,12/24/2008 12:37:24 PM.095751285,3312995844.0,1.6e-08,62499999.99999999,4.734333915209716,8.064834404634754,9.351763020676122,-13.807492224000015,25.255010175999985,25.255010175999985,39.0625024,0.3942813461245409,-1.7977884016804029,2.7005613936284365,4.054341868771328,5.096114218716951,6.512147734740151,-0.8600001279999998,11.952498560000002,11.952498560000002,12.812498688000002,0.4165052042710147,-1.7676869581647667,1.8354157563467703,5.035034535263643,0.44358497613977027,5.054536615987115,4.4379998464,5.5004997376,5.5004997376,1.0624998911999999,-0.37730436334568523,-1.8398400588278614,1.0882302682707525,1.9848571683228173,2.0374310406002913,2.844430210752948,-2.1041928291584004,7.395026504473599,7.395026504473599,9.499219333632,0.3778838510767312,-1.8276416847724095,2.599827015097011,125000,0.0019999840000000002,31249999.999999996
Device 5,Device 5/Device5  1.mat,63,12/24/2008 12:37:46 PM.831751346,3312995866.0,1.6e-08,62499999.99999999,4.68143391195954,8.065932662368146,9.326043812137177,-12.244992128000007,22.130009983999997,22.130009983999997,34.375002112000004,0.3938334016654038,-1.7991824265878753,2.3729258010990013,5.247101746632704,6.748574493623313,8.548411222882246,-0.8600001279999998,14.139998336000001,14.139998336000001,14.999998464,0.406302883101709,-1.8210229481044877,1.654108344501524,5.026869786099713,0.4635837818953992,5.04820064668973,4.406749849600001,5.5317497344,5.5317497344,1.1249998847999994,-0.3902162352888839,-1.8388494030746725,1.0957864240256276,2.0370935865322237,2.1631107929674793,2.9713294302286837,-2.737474118067198,6.761745215564799,6.761745215564799,9.499219333631997,0.3916333480329151,-1.8278937487731286,2.2756632592719255,125000,0.0019999840000000002,31249999.999999996
Device 5,Device 5/Device5  1.mat,64,12/24/2008 12:38:09 PM.565751075,3312995889.0,1.6e-08,62499999.99999999,4.715721414066165,8.080092317459568,9.355528863391495,-13.807492224000015,25.255010175999985,25.255010175999985,39.0625024,0.39422093620414034,-1.7982293324089351,2.699474347711513,4.722311800371202,5.8823698113130245,7.543374797593708,-0.8600001279999998,13.514998400000001,13.514998400000001,14.374998528,0.4187373496915439,-1.7605244726937095,1.7916381941291324,5.028360785947034,0.4460633421156963,5.048107041142184,4.4379998464,5.5004997376,5.5004997376,1.0624998911999999,-0.3603453085482993,-1.8487856539643275,1.089616304244503,2.0072246634470763,2.055366743738043,2.872887624118729,-2.1041928291584004,6.761745215564799,6.761745215564799,8.8659380447232,0.3604938632337557,-1.8371049587559058,2.353640691963715,125000,0.0019999840000000002,31249999.999999996
Device 5,Device 5/Device5  1.mat,65,12/24/2008 12:38:32 PM.274751186,3312995912.0,1.6e-08,62499999.99999999,4.651008910090227,8.080643141864963,9.323554980151506,-13.807492224000015,25.255010175999985,25.255010175999985,39.0625024,0.3935870539336325,-1.799638119819556,2.7087318334867154,4.569244316045313,5.632505829572575,7.252800530821279,-0.8600001279999998,13.202498432000002,13.202498432000002,14.062498560000002,0.41620520982620757,-1.7541367813087996,1.820331108775854,5.026666536120525,0.45173872602294135,5.046924245710723,4.4379998464,5.5004997376,5.5004997376,1.0624998911999999,-0.3544007228396712,-1.8502276867515888,1.0898716663470354,2.0199105542264975,2.080911772621411,2.9000400777420263,-2.3152865921279986,6.761745215564799,6.761745215564799,9.077031807692798,0.3551441693757517,-1.8381863028344043,2.3316040586685616,125000,0.0019999840000000002,31249999.999999996
Device 5,Device 5/Device5  1.mat,66,12/24/2008 12:38:55 PM.027751445,3312995935.0,1.6e-08,62499999.99999999,4.621896408301557,8.061039643921847,9.292055022972608,-13.807492224000015,25.255010175999985,25.255010175999985,39.0625024,0.39344228322560315,-1.7997274626549031,2.717914402525857,4.261426847565824,5.336775009127681,6.829416247030529,-0.8600001279999998,12.264998528000001,12.264998528000001,13.124998656,0.4127721851972234,-1.7749146012037476,1.7959073051569958,5.032125285561549,0.4462084428534039,5.051869640446155,4.4379998464,5.5004997376,5.5004997376,1.0624998911999999,-0.3715677302799745,-1.8425675381234075,1.088804765182782,2.011672831220372,2.0580030065475974,2.877881852131727,-1.4709115402496005,7.183932741504002,7.183932741504002,8.654844281753602,0.3719752452733529,-1.8309303489415887,2.496257007973647,125000,0.0019999840000000002,31249999.999999996
Device 5,Device 5/Device5  1.mat,67,12/24/2008 12:39:17 PM.785751342,3312995957.0,1.6e-08,62499999.99999999,4.724896414629876,8.060347123542991,9.343117353484866,-12.244992128000007,22.130009983999997,22.130009983999997,34.375002112000004,0.3939217182142494,-1.7985309658603141,2.368589534599582,3.4845544271175695,4.444921645054445,5.647959630363709,-0.8600001279999998,10.077498752,10.077498752,10.93749888,0.4178882592071664,-1.7882048274894438,1.7842724473140479,5.043073284440474,0.4496021186271801,5.063075173973943,4.4379998464,5.5317497344,5.5317497344,1.0937498879999996,-0.39957541855511314,-1.8268111029291239,1.0925671739647902,1.9512780612597171,2.063830431686105,2.840225716929402,-1.4709115402496005,7.183932741504002,7.183932741504002,8.654844281753602,0.4014790632009348,-1.8138239592245804,2.529352754847466,125000,0.0019999840000000002,31249999.999999996
Device 5,Device 5/Device5  1.mat,68,12/24/2008 12:39:40 PM.484751224,3312995980.0,1.6e-08,62499999.99999999,4.668471411163123,8.071139347059406,9.32405039006643,-13.807492224000015,25.255010175999985,25.255010175999985,39.0625024,0.3936445041047628,-1.7996972807074183,2.708587911848474,2.817756995397633,3.7519464757579826,4.692212361143199,-0.8600001279999998,8.202498944000002,8.202498944000002,9.062499072000001,0.41465280662725035,-1.8054506435420896,1.7481090608613385,5.058179782893569,0.4311804960214114,5.076524336218876,4.4692498432,5.750499712,5.750499712,1.2812498687999998,-0.40683656653560485,-1.8228090191903084,1.1327631527288449,1.8590030668403423,1.9720022767539658,2.7101080019151675,-1.4709115402496005,6.9728389785344005,6.9728389785344005,8.443750518784,0.4078485344366986,-1.813974931890984,2.572900775026997,125000,0.0019999840000000002,31249999.999999996
Device 5,Device 5/Device5  1.mat,69,12/24/2008 12:40:03 PM.345751285,3312996003.0,1.6e-08,62499999.99999999,4.753146416365556,8.062126288968843,9.358967953502741,-12.244992128000007,23.692510079999977,23.692510079999977,35.937502207999984,0.39428422370848804,-1.798135251238308,2.531530206931917,3.101604466331648,4.082094618426967,5.126738411442389,-0.8600001279999998,8.82749888,8.82749888,9.687499008,0.40708513679871655,-1.817343444183264,1.7218547488785205,5.538602483698279,0.4497584142653124,5.556833640089578,4.9379997952,6.0317496832,6.0317496832,1.0937498880000005,-0.4046415720266906,-1.8258176129386146,1.0854652260388284,1.9755166914989384,2.0459587727650344,2.8440487861928667,-1.4709115402496005,7.395026504473599,7.395026504473599,8.8659380447232,0.40434633505399925,-1.81521435108565,2.6001756862873,125000,0.0019999840000000002,31249999.999999996
Device 5,Device 5/Device5  1.mat,70,12/24/2008 12:40:26 PM.056751251,3312996026.0,1.6e-08,62499999.99999999,4.648771409952756,8.072055609104046,9.31499637028712,-13.807492224000015,23.692510079999977,23.692510079999977,37.50000230399999,0.393605687309379,-1.7999076793321325,2.5434803340958996,2.2730020511805447,3.0718419447795564,3.8213546365625386,-0.8600001279999998,8.202498944000002,8.202498944000002,9.062499072000001,0.40598261754422243,-1.8166725645857762,2.146489850881382,5.56750598073856,0.4178598488296625,5.583164846108664,4.9067497984,6.281749657600001,6.281749657600001,1.3749998592000008,-0.4075735936637431,-1.8239488173070357,1.12512344355697,1.8508362713385744,1.928448233906055,2.672921153748808,-1.6820053032191984,7.183932741504002,7.183932741504002,8.865938044723201,0.4073497583207591,-1.8140711473787645,2.6876710266699932,125000,0.0019999840000000002,31249999.999999996
Device 5,Device 5/Device5  1.mat,71,12/24/2008 12:40:48 PM.880751132,3312996048.0,1.6e-08,62499999.99999999,4.776783917817844,8.03807614816712,9.350311907164187,-12.244992128000007,25.255010175999985,25.255010175999985,37.50000230399999,0.3942357214872682,-1.7979907063367184,2.700980504901623,2.9078244861747202,3.8347797208810928,4.812585453794888,-0.8600001279999998,8.514998912000001,8.514998912000001,9.37499904,0.4091895876488627,-1.8064291010946223,1.7693190061249995,5.5187002357362696,0.48997567427592237,5.540408690096579,4.8442498048000004,6.0317496832,6.0317496832,1.1874998783999997,-0.4058807561115493,-1.8248705533118859,1.0886831677204043,2.0643888544592444,2.2105860402928306,3.024630883918414,-2.737474118067198,6.9728389785344005,6.9728389785344005,9.710313096601599,0.40790758848434616,-1.8120496685344423,2.305352040015235,125000,0.0019999840000000002,31249999.999999996
Device 5,Device 5/Device5  1.mat,72,12/24/2008 12:41:11 PM.604751110,3312996071.0,1.6e-08,62499999.99999999,4.697921412972533,8.04043306079396,9.312305268169336,-10.682492031999999,25.255010175999985,25.255010175999985,35.937502207999984,0.39363048711497595,-1.7982819659831806,2.71200411162689,3.313379444645888,4.304172970094729,5.431794206401415,-0.8600001279999998,9.764998784000001,9.764998784000001,10.624998912,0.40954855934019435,-1.811292681600388,1.7977482969608585,5.533483734222439,0.4589913501071135,5.55248730717842,4.9067497984,6.0004996863999995,6.0004996863999995,1.0937498879999996,-0.40207027714348964,-1.8287657835084086,1.0806867903403177,1.9942297313986677,2.07656174822096,2.8790729264415815,-2.3152865921279986,7.606120267443201,7.606120267443201,9.9214068595712,0.4021421800558925,-1.8170848102404042,2.641864399330815,125000,0.0019999840000000002,31249999.999999996
Device 5,Device 5/Device5  1.mat,73,12/24/2008 12:41:34 PM.286751270,3312996094.0,1.6e-08,62499999.99999999,4.7166839141253,8.0682941470635,9.345826747233628,-12.244992128000007,25.255010175999985,25.255010175999985,37.50000230399999,0.39394112293510947,-1.798585570757453,2.702276733674256,3.2918569468497925,4.264199600391992,5.386995488257481,-0.8600001279999998,9.139998848000001,9.139998848000001,9.999998976,0.4068673858691981,-1.8163129826494768,1.696678392978661,5.52500823509033,0.47327047637226083,5.5452412879532655,4.8754998016,6.0317496832,6.0317496832,1.1562498816,-0.4018593291741859,-1.8297599510349225,1.087734396031359,2.037664384067293,2.138264063056105,2.953684029386614,-2.737474118067198,7.183932741504002,7.183932741504002,9.9214068595712,0.40218756701512914,-1.818456841098572,2.4321940566526594,125000,0.0019999840000000002,31249999.999999996
Device 5,Device 5/Device5  1.mat,74,12/24/2008 12:41:57 PM.078751087,3312996117.0,1.6e-08,62499999.99999999,4.724246414589941,8.09918051474151,9.376312131970355,-12.244992128000007,23.692510079999977,23.692510079999977,35.937502207999984,0.39420850525350476,-1.7983810459837501,2.526847415756966,2.750604502274049,3.6393318938992807,4.561859463188535,-0.8600001279999998,7.889998976000001,7.889998976000001,8.749999104,0.40656894443606084,-1.8206672524252452,1.729557659473632,5.51913148569211,0.49020560506860356,5.540858587944531,4.8754998016,6.2192496639999995,6.2192496639999995,1.3437498623999993,-0.4069378408163426,-1.8260587807831874,1.1224342879876903,2.068176720941971,2.2149216287920677,3.0303849212166414,-2.5263803550976,6.9728389785344005,6.9728389785344005,9.499219333632,0.40990861077337637,-1.813125559335508,2.3009746813731304,125000,0.0019999840000000002,31249999.999999996
Device 5,Device 5/Device5  1.mat,75,12/24/2008 12:42:19 PM.841751098,3312996139.0,1.6e-08,62499999.99999999,4.712421413863413,8.066172695650142,9.341844439825056,-13.807492224000015,23.692510079999977,23.692510079999977,37.50000230399999,0.393948470168222,-1.798516396644836,2.5361704781763272,3.2593844501749762,4.248984190290963,5.35513339174525,-0.8600001279999998,9.139998848000001,9.139998848000001,9.999998976,0.40720466602953953,-1.8167784838427519,1.7067733293234093,5.536658983897293,0.44793664840508,5.554749314321483,4.9067497984,6.0004996863999995,6.0004996863999995,1.0937498879999996,-0.4032419233966273,-1.8267872841223445,1.080246712651688,1.9643726295642476,2.0389311801818772,2.831254171793663,-2.3152865921279986,6.761745215564799,6.761745215564799,9.077031807692798,0.40258429888100217,-1.8161634203359727,2.3882508617306804,125000,0.0019999840000000002,31249999.999999996
Device 5,Device 5/Device5  1.mat,76,12/24/2008 12:42:42 PM.543751239,3312996162.0,1.6e-08,62499999.99999999,4.738358915457013,8.051715818310115,9.342492859537881,-12.244992128000007,25.255010175999985,25.255010175999985,37.50000230399999,0.39376232070155426,-1.7981513710804322,2.7032410466567063,3.3400094419189768,4.299892588872029,5.444698278871338,-0.8600001279999998,9.139998848000001,9.139998848000001,9.999998976,0.40090890143290964,-1.8204813472549202,1.6786970333082778,5.531263484449792,0.46489699018725456,5.550766158458923,4.9067497984,5.9692496896,5.9692496896,1.0624998911999999,-0.39772856192154105,-1.8307231080182598,1.075392030432293,2.000163999263269,2.1003547221427636,2.9003699734303283,-2.1041928291584004,7.606120267443201,7.606120267443201,9.7103130966016,0.39782413778598946,-1.8205126565859822,2.62246552581955,125000,0.0019999840000000002,31249999.999999996
Device 5,Device 5/Device5  1.mat,77,12/24/2008 12:43:05 PM.249751091,3312996185.0,1.6e-08,62499999.99999999,4.56580890485554,8.10308701920462,9.30089405360907,-13.807492224000015,22.130009983999997,22.130009983999997,35.93750220800001,0.3937421828107478,-1.8009959440106973,2.3793422284401555,3.4463994310246417,4.463806456853057,5.639435886895957,-0.8600001279999998,9.452498816000002,9.452498816000002,10.312498944000001,0.40276291904544703,-1.816995354228798,1.6761426152506222,5.501616487485645,0.5055358285689706,5.524794154476781,4.812999808,6.0004996863999995,6.0004996863999995,1.1874998783999997,-0.397981187546756,-1.8314703752515589,1.0861037567413714,2.13376101997147,2.2950915248120287,3.13374874513157,-2.1041928291584004,7.183932741504002,7.183932741504002,9.288125570662402,0.39977106658308503,-1.8201818131321583,2.292440564248997,125000,0.0019999840000000002,31249999.999999996
Device 5,Device 5/Device5  1.mat,78,12/24/2008 12:43:28 PM.015751361,3312996208.0,1.6e-08,62499999.99999999,4.741946415677428,8.0754424633074,9.364765175237675,-12.244992128000007,25.255010175999985,25.255010175999985,37.50000230399999,0.394123421455215,-1.7980166682022232,2.6968119011440157,3.7309994018816,4.819718468703287,6.095083482151859,-0.8600001279999998,10.389998720000001,10.389998720000001,11.249998848,0.4011893949991388,-1.8208276593931794,1.7046524055699777,5.525617235027969,0.4528868240939865,5.5441457685991695,4.9067497984,5.9692496896,5.9692496896,1.0624998911999999,-0.39353981656456527,-1.8338138645036484,1.0766761803790452,2.020141912990712,2.055125459009913,2.8817553679818975,-2.5263803550976,6.3395576896256,6.3395576896256,8.865938044723201,0.3927551447863878,-1.823192506533175,2.1998944671230762,125000,0.0019999840000000002,31249999.999999996
Device 5,Device 5/Device5  1.mat,79,12/24/2008 12:43:50 PM.778751373,3312996230.0,1.6e-08,62499999.99999999,4.717333914165236,8.07403290524149,9.351109378713089,-12.244992128000007,25.255010175999985,25.255010175999985,37.50000230399999,0.394281612746645,-1.7987243186085948,2.7007501627016164,3.4351794321735687,4.439465731507078,5.613315750290019,-0.8600001279999998,9.452498816000002,9.452498816000002,10.312498944000001,0.40168670049638566,-1.8226243260309718,1.6839421184371515,5.525811735008052,0.464158067535539,5.545271683372332,4.9067497984,6.0004996863999995,6.0004996863999995,1.0937498879999996,-0.39820021586923177,-1.8316351611925925,1.0820930026553401,1.9933515813447145,2.100852152140676,2.8960369976924647,-2.5263803550976,6.761745215564799,6.761745215564799,9.288125570662398,0.39803791143138206,-1.8214609248832059,2.3348269448741488,125000,0.0019999840000000002,31249999.999999996
Device 5,Device 5/Device5  1.mat,80,12/24/2008 12:44:13 PM.484751224,3312996253.0,1.6e-08,62499999.99999999,4.646971409842164,8.091137947586121,9.330640737417696,-12.244992128000007,25.255010175999985,25.255010175999985,37.50000230399999,0.39347033527077035,-1.7996026851052682,2.7066748025912575,2.663264511217665,3.5453058194045552,4.434204687406218,-0.8600001279999998,7.889998976000001,7.889998976000001,8.749999104,0.40602863133010614,-1.8136422935349117,1.7793492931006856,5.5194184856627215,0.4875073807517753,5.540906411965719,4.8754998016,6.06299968,6.06299968,1.1874998783999997,-0.4069952728748732,-1.824442952135301,1.0942252456938828,2.0400421442133827,2.1979171315552626,2.9987683584016365,-2.737474118067198,7.817214030412802,7.817214030412802,10.55468814848,0.409211434781433,-1.8113963659414047,2.606808227955103,125000,0.0019999840000000002,31249999.999999996
Device 5,Device 5/Device5  1.mat,81,12/24/2008 12:44:36 PM.297751426,3312996276.0,1.6e-08,62499999.99999999,4.842358921846772,8.012486430808337,9.362071284276615,-12.244992128000007,25.255010175999985,25.255010175999985,37.50000230399999,0.39431539960090384,-1.7970352813982169,2.697587895791308,2.7319045041889276,3.667267387531223,4.572980681312555,-0.8600001279999998,11.327498624,11.327498624,12.187498752,0.560199410087165,-1.3643489253403835,2.4770493062194037,5.556167981899571,0.4167308252192606,5.571774154053077,4.9067497984,6.0317496832,6.0317496832,1.1249998848000002,-0.4050774468458578,-1.8112461103159705,1.082554589692463,1.896329510383679,1.9184862465876933,2.69752758842206,-2.1041928291584004,7.817214030412802,7.817214030412802,9.921406859571203,0.4010194352659399,-1.8078954650405916,2.897918102474549,125000,0.0019999840000000002,31249999.999999996
Device 5,Device 5/Device5  1.mat,82,12/24/2008 12:44:59 PM.096751213,3312996299.0,1.6e-08,62499999.99999999,4.7315339150376845,8.062458180478915,9.348296374266448,-12.244992128000007,22.130009983999997,22.130009983999997,34.375002112000004,0.39432261004629016,-1.7981464555653826,2.3672773196321044,2.3234095460188167,3.13558537331189,3.9025796022450114,-0.8600001279999998,6.952499072000002,6.952499072000002,7.812499200000001,0.4068296327691032,-1.8193697809642342,1.7815137115974478,5.560103231496602,0.42887679698579323,5.57661933898054,4.969249792,6.3442496512,6.3442496512,1.3749998592,-0.4076437763080925,-1.8232979346411684,1.1376515529496032,1.8559802041546176,1.969562443437813,2.706259177686894,-2.5263803550976,6.3395576896256,6.3395576896256,8.865938044723201,0.40988590816713605,-1.812677567677455,2.3425537886006085,125000,0.0019999840000000002,31249999.999999996
Device 5,Device 5/Device5  1.mat,83,12/24/2008 12:45:21 PM.880751132,3312996321.0,1.6e-08,62499999.99999999,4.794883918929909,8.051943912102946,9.371484010532395,-12.244992128000007,25.255010175999985,25.255010175999985,37.50000230399999,0.39460403420695317,-1.7973080194581996,2.6948784362878344,3.2931694467153925,4.326137869759976,5.436950788167128,-0.8600001279999998,9.139998848000001,9.139998848000001,9.999998976,0.4033624175981733,-1.8221933147855147,1.6810891258924237,5.542691983279514,0.4350412357947278,5.559738779686757,4.9379997952,5.9692496896,5.9692496896,1.0312498944000001,-0.40074384981342853,-1.8281544716734117,1.0736565018862838,1.9603213180653345,1.9945508659866753,2.7966216810769398,-2.3152865921279986,7.183932741504002,7.183932741504002,9.499219333632,0.39982123489481847,-1.8174588549255473,2.568789618600672,125000,0.0019999840000000002,31249999.999999996
Device 5,Device 5/Device5  1.mat,84,12/24/2008 12:45:44 PM.613751411,3312996344.0,1.6e-08,62499999.99999999,4.70862141362994,8.060240231487896,9.334805204512328,-12.244992128000007,25.255010175999985,25.255010175999985,37.50000230399999,0.3935919131829431,-1.7987271226378183,2.705467293928322,3.510689424441345,4.5696815695700135,5.762545434280945,-0.8600001279999998,10.077498752,10.077498752,10.93749888,0.4040141943126568,-1.816776795636505,1.7487929365467083,5.5250934850816,0.4692338677892721,5.544983177753709,4.9067497984,6.0004996863999995,6.0004996863999995,1.0937498879999996,-0.39764057752746523,-1.8326085724872898,1.082149303982347,2.0247251807723083,2.1192765358268164,2.9310143454032374,-2.1041928291584004,7.606120267443201,7.606120267443201,9.7103130966016,0.39745515822599903,-1.821405392969455,2.5950470967063044,125000,0.0019999840000000002,31249999.999999996
Device 5,Device 5/Device5  1.mat,85,12/24/2008 12:46:05 PM.112751483,3312996365.0,1.6e-08,62499999.99999999,4.688708912406517,8.03900207977877,9.306424969018323,-10.682492031999999,25.255010175999985,25.255010175999985,35.937502207999984,0.39332359681768475,-1.799388115534034,2.7137177014885427,2.6387420137287685,3.492524715638888,4.377292348514759,-0.8600001279999998,8.202498944000002,8.202498944000002,9.062499072000001,0.4111864435777869,-1.8093230145439338,1.8738750558397494,5.566989230791475,0.40895388983762,5.581990001761163,5.0004997888,6.06299968,6.06299968,1.0624998911999999,-0.40554139054749533,-1.8263247905386404,1.0861717197786227,1.8616172520009577,1.884744488474611,2.6491282678992762,-2.3152865921279986,7.183932741504002,7.183932741504002,9.499219333632,0.40640457834283683,-1.8117747903559644,2.7118100805291565,125000,0.0019999840000000002,31249999.999999996
Device 5,Device 5/Device5  1.mat,86,12/24/2008 12:46:30 PM.075751304,3312996390.0,1.6e-08,62499999.99999999,4.601783907065844,8.075561636069411,9.294681859283095,-12.244992128000007,25.255010175999985,25.255010175999985,37.50000230399999,0.3936626477160002,-1.8002738853325235,2.717146273358077,3.088704467652608,4.080522765273841,5.117691015137126,-0.8600001279999998,8.82749888,8.82749888,9.687499008,0.4127072829636502,-1.804354223187654,1.724898758813299,5.549696982562202,0.435055193644228,5.566723418652738,4.9379997952,6.0004996863999995,6.0004996863999995,1.0624998911999999,-0.40409862234516286,-1.8248391438342377,1.077923086010306,1.959547870517814,1.9988462421588806,2.7991452546524944,-1.6820053032191984,7.183932741504002,7.183932741504002,8.865938044723201,0.4043127359215431,-1.812481238479214,2.5664737224920704,125000,0.0019999840000000002,31249999.999999996
Device 5,Device 5/Device5  1.mat,87,12/24/2008 12:46:52 PM.844751358,3312996412.0,1.6e-08,62499999.99999999,4.722696414494708,8.057311255064874,9.339385744494994,-12.244992128000007,25.255010175999985,25.255010175999985,37.50000230399999,0.3935781228022966,-1.7985070764132252,2.704140386415273,3.5467369207500816,4.643118904319746,5.84276440947803,-0.8600001279999998,10.077498752,10.077498752,10.93749888,0.4058621388549525,-1.8129552320623574,1.724782662065316,5.51125598649856,0.49276887829757976,5.533241700498441,4.8442498048000004,6.0004996863999995,6.0004996863999995,1.156249881599999,-0.3976313014448686,-1.8316830592076119,1.0844456127516475,2.094951853837035,2.2295537874255094,3.059368130990232,-1.6820053032191984,7.817214030412802,7.817214030412802,9.499219333632,0.400038874473151,-1.818206664481677,2.5551727336201897,125000,0.0019999840000000002,31249999.999999996
Device 5,Device 5/Device5  1.mat,88,12/24/2008 12:47:15 PM.655751228,3312996435.0,1.6e-08,62499999.99999999,4.793096418820085,8.057166858655044,9.375057923464533,-12.244992128000007,25.255010175999985,25.255010175999985,37.50000230399999,0.3945049166601064,-1.7974143183045987,2.6938511081398255,3.6236369128755204,4.687852198679777,5.9250909455485035,-0.8600001279999998,10.077498752,10.077498752,10.93749888,0.4062501406711304,-1.8167409210387462,1.7008175645930268,5.540601233493607,0.4388593904985545,5.557954623170257,4.9379997952,5.9692496896,5.9692496896,1.0312498944000001,-0.3991353621797694,-1.8286736808223105,1.0740011558775806,1.9637528582761685,2.0082405263261087,2.8087996190483917,-2.5263803550976,6.5506514525952015,6.5506514525952015,9.077031807692801,0.3979787044310196,-1.8187880204290126,2.332188956510373,125000,0.0019999840000000002,31249999.999999996
Device 5,Device 5/Device5  1.mat,89,12/24/2008 12:47:38 PM.437751293,3312996458.0,1.6e-08,62499999.99999999,4.63237140894514,8.108859843846504,9.338761847137913,-12.244992128000007,23.692510079999977,23.692510079999977,35.937502207999984,0.3939863207216394,-1.799652641991808,2.537007632040763,3.1518694611845124,4.104572948581565,5.175113543737482,-0.8600001279999998,9.139998848000001,9.139998848000001,9.999998976,0.41040662353071355,-1.810074701846013,1.7661446016117874,5.53847123371172,0.45315370392662135,5.5569786652491855,4.9379997952,6.0317496832,6.0317496832,1.0937498880000005,-0.4042083737890808,-1.826109608014043,1.0854368977372213,1.9486436110978569,2.0505231962334958,2.828755433289369,-2.3152865921279986,6.5506514525952015,6.5506514525952015,8.865938044723201,0.40456761214109604,-1.8150721176527622,2.315736233506016,125000,0.0019999840000000002,31249999.999999996
Device 5,Device 5/Device5  1.mat,90,12/24/2008 12:48:01 PM.233751296,3312996481.0,1.6e-08,62499999.99999999,4.728558914854901,8.078942476759705,9.36101388494035,-13.807492224000015,23.692510079999977,23.692510079999977,37.50000230399999,0.39423852264981546,-1.7983892811704698,2.530976918869398,3.5765319176990733,4.585658442481817,5.815483119176339,-0.8600001279999998,10.077498752,10.077498752,10.93749888,0.4039096018793073,-1.8142782573401472,1.7328738722961508,5.5443524831094795,0.43046417525807334,5.561038020292871,4.9379997952,6.0004996863999995,6.0004996863999995,1.0624998911999999,-0.3945124981601821,-1.8315900184439622,1.0790251144666665,1.9628392444700364,1.9758824633499232,2.785112099827485,-1.6820053032191984,6.9728389785344005,6.9728389785344005,8.654844281753599,0.3940657251796191,-1.81990132637623,2.5036116065009772,125000,0.0019999840000000002,31249999.999999996
Device 5,Device 5/Device5  1.mat,91,12/24/2008 12:48:24 PM.032751083,3312996504.0,1.6e-08,62499999.99999999,4.873021423730677,8.045398757048892,9.406103282234467,-12.244992128000007,23.692510079999977,23.692510079999977,35.937502207999984,0.3944141061702954,-1.7958655632699791,2.518844347026105,3.169191959410688,4.146619149411938,5.219025583944108,-0.8600001279999998,8.82749888,8.82749888,9.687499008,0.40901530613243764,-1.8147839640226116,1.6914074740612606,5.547357732801742,0.4342511425903536,5.5643285192839125,4.9379997952,6.0317496832,6.0317496832,1.0937498880000005,-0.4039319418901293,-1.826548354841146,1.084003157307513,1.9256546559354157,1.991934641976927,2.7705503914986807,-2.737474118067198,6.5506514525952015,6.5506514525952015,9.2881255706624,0.4038728915285237,-1.81517620464603,2.3643863229110016,125000,0.0019999840000000002,31249999.999999996
Device 5,Device 5/Device5  1.mat,92,12/24/2008 12:48:46 PM.924751281,3312996526.0,1.6e-08,62499999.99999999,4.688908912418803,8.076361130959157,9.33881555159049,-13.807492224000015,25.255010175999985,25.255010175999985,39.0625024,0.3936226604669468,-1.7985316319097928,2.7043054910425783,3.858706888804352,4.984319465609758,6.30341648544363,-0.8600001279999998,10.702498688000002,10.702498688000002,11.562498816000002,0.40277033400508555,-1.8175561278693761,1.6978885518218725,5.5082577368055805,0.4980561716647175,5.53072899762878,4.8442498048000004,6.0317496832,6.0317496832,1.1874998783999997,-0.3935957441163009,-1.8345761904711693,1.0905885437138623,2.0960140776522977,2.2519571221181636,3.0764567108242127,-2.3152865921279986,7.817214030412802,7.817214030412802,10.1325006225408,0.39591899146746234,-1.8214740621397094,2.540979693589933,125000,0.0019999840000000002,31249999.999999996
Device 5,Device 5/Device5  1.mat,93,12/24/2008 12:49:09 PM.771751403,3312996549.0,1.6e-08,62499999.99999999,4.707508913561588,8.094709031313418,9.364024480579321,-13.807492224000015,22.130009983999997,22.130009983999997,35.93750220800001,0.3939074327744542,-1.798421154275714,2.3633011671313877,3.3607369397964804,4.352337013932864,5.49885354063578,-0.8600001279999998,9.452498816000002,9.452498816000002,10.312498944000001,0.40488258644214237,-1.817781545540398,1.7189944678735887,5.547408482796544,0.4317407802271994,5.564183765505436,4.9379997952,6.0004996863999995,6.0004996863999995,1.0624998911999999,-0.3997702106673713,-1.828715630896036,1.0784150810401802,1.945171540884533,1.9815125053778835,2.7767038251200007,-2.5263803550976,6.5506514525952015,6.5506514525952015,9.077031807692801,0.3994396281557309,-1.8173415432607842,2.3591466231772493,125000,0.0019999840000000002,31249999.999999996
Device 5,Device 5/Device5  1.mat,94,12/24/2008 12:49:32 PM.692751407,3312996572.0,1.6e-08,62499999.99999999,4.739821415546868,8.07569656499937,9.363908482104005,-12.244992128000007,25.255010175999985,25.255010175999985,37.50000230399999,0.39418640325398446,-1.797472085114945,2.697058629339077,3.513714424131585,4.579077963087892,5.771840611658253,-0.8600001279999998,9.764998784000001,9.764998784000001,10.624998912,0.40401567123429705,-1.8197271621495104,1.6918344495300455,5.527197984866099,0.4626930292211628,5.546530663684979,4.9067497984,5.9692496896,5.9692496896,1.0624998911999999,-0.398694848891514,-1.83165087052742,1.0762132315760384,2.009675039847627,2.0913263556876824,2.900420606012253,-2.5263803550976,7.606120267443201,7.606120267443201,10.1325006225408,0.39868567862398874,-1.8201411238852365,2.6224197454936538,125000,0.0019999840000000002,31249999.999999996
Device 5,Device 5/Device5  1.mat,95,12/24/2008 12:49:53 PM.126751422,3312996593.0,1.6e-08,62499999.99999999,4.777433917857781,8.060061672513653,9.369550096147709,-12.244992128000007,22.130009983999997,22.130009983999997,34.375002112000004,0.3943889882747406,-1.797652748976282,2.3619074295892557,2.768654500425729,3.6799141199381955,4.605129278624884,-0.8600001279999998,8.514998912000001,8.514998912000001,9.37499904,0.409788962554513,-1.8141361721796285,1.8490249451895138,5.563885731109274,0.4106570487848518,5.579019953410999,5.0004997888,6.1254996736,6.1254996736,1.1249998848000002,-0.40455169271660874,-1.8281189571899157,1.097952637694885,1.8635762021213156,1.8979750241403233,2.6599295955670264,-2.1041928291584004,6.128463926655999,6.128463926655999,8.2326567558144,0.40521580157901016,-1.8149145921441192,2.3039947887604044,125000,0.0019999840000000002,31249999.999999996
Device 5,Device 5/Device5  1.mat,96,12/24/2008 12:50:13 PM.794751167,3312996613.0,1.6e-08,62499999.99999999,4.775596417744884,8.075772734704326,9.382133361222891,-13.807492224000015,23.692510079999977,23.692510079999977,37.50000230399999,0.39425042292700996,-1.7967288688761414,2.5252796104906183,3.544289421000704,4.63058516329334,5.831321158565177,-0.8600001279999998,10.389998720000001,10.389998720000001,11.249998848,0.41673721232670785,-1.7968871760190184,1.7817572446235337,5.5345769841104895,0.4558814299319304,5.553320652654802,4.9067497984,6.0317496832,6.0317496832,1.1249998848000002,-0.4028307914762308,-1.8275593867519504,1.0861518828948735,1.998796111679226,2.072678725568157,2.879441438106848,-2.3152865921279986,6.5506514525952015,6.5506514525952015,8.865938044723201,0.40176112320469926,-1.8172275908951545,2.2749729742383895,125000,0.0019999840000000002,31249999.999999996
Device 5,Device 5/Device5  1.mat,97,12/24/2008 12:50:13 PM.794751167,3312996613.0,1.6e-08,62499999.99999999,4.775596417744884,8.075772734704326,9.382133361222891,-13.807492224000015,23.692510079999977,23.692510079999977,37.50000230399999,0.39425042292700996,-1.7967288688761414,2.5252796104906183,3.544289421000704,4.63058516329334,5.831321158565177,-0.8600001279999998,10.389998720000001,10.389998720000001,11.249998848,0.41673721232670785,-1.7968871760190184,1.7817572446235337,5.5345769841104895,0.4558814299319304,5.553320652654802,4.9067497984,6.0317496832,6.0317496832,1.1249998848000002,-0.4028307914762308,-1.8275593867519504,1.0861518828948735,1.998796111679226,2.072678725568157,2.879441438106848,-2.3152865921279986,6.5506514525952015,6.5506514525952015,8.865938044723201,0.40176112320469926,-1.8172275908951545,2.2749729742383895,125000,0.0019999840000000002,31249999.999999996
Device 5,Device 5/Device5  1.mat,98,12/24/2008 12:50:13 PM.794751167,3312996613.0,1.6e-08,62499999.99999999,4.775596417744884,8.075772734704326,9.382133361222891,-13.807492224000015,23.692510079999977,23.692510079999977,37.50000230399999,0.39425042292700996,-1.7967288688761414,2.5252796104906183,3.544289421000704,4.63058516329334,5.831321158565177,-0.8600001279999998,10.389998720000001,10.389998720000001,11.249998848,0.41673721232670785,-1.7968871760190184,1.7817572446235337,5.5345769841104895,0.4558814299319304,5.553320652654802,4.9067497984,6.0317496832,6.0317496832,1.1249998848000002,-0.4028307914762308,-1.8275593867519504,1.0861518828948735,1.998796111679226,2.072678725568157,2.879441438106848,-2.3152865921279986,6.5506514525952015,6.5506514525952015,8.865938044723201,0.40176112320469926,-1.8172275908951545,2.2749729742383895,125000,0.0019999840000000002,31249999.999999996
Device 5,Device 5/Device5  1.mat,99,12/24/2008 12:50:13 PM.794751167,3312996613.0,1.6e-08,62499999.99999999,4.775596417744884,8.075772734704326,9.382133361222891,-13.807492224000015,23.692510079999977,23.692510079999977,37.50000230399999,0.39425042292700996,-1.7967288688761414,2.5252796104906183,3.544289421000704,4.63058516329334,5.831321158565177,-0.8600001279999998,10.389998720000001,10.389998720000001,11.249998848,0.41673721232670785,-1.7968871760190184,1.7817572446235337,5.5345769841104895,0.4558814299319304,5.553320652654802,4.9067497984,6.0317496832,6.0317496832,1.1249998848000002,-0.4028307914762308,-1.8275593867519504,1.0861518828948735,1.998796111679226,2.072678725568157,2.879441438106848,-2.3152865921279986,6.5506514525952015,6.5506514525952015,8.865938044723201,0.40176112320469926,-1.8172275908951545,2.2749729742383895,125000,0.0019999840000000002,31249999.999999996
Device 5,Device 5/Device5  1.mat,100,12/24/2008 12:51:47 PM.029751300,3312996707.0,1.6e-08,62499999.99999999,4.735571415285749,8.075581521844992,9.36165869625868,-13.807492224000015,22.130009983999997,22.130009983999997,35.93750220800001,0.3938472682833785,-1.7981221417537563,2.363898396856115,2.793081997924353,3.7159254333939566,4.648592138881745,-0.8600001279999998,8.202498944000002,8.202498944000002,9.062499072000001,0.40617041454756125,-1.8187444768243501,1.7645125016223033,5.338123254227355,0.7191399056045453,5.386345893196588,4.3754998528,6.4692496384,6.4692496384,2.0937497856,-0.41026225418349294,-1.824579143344917,1.2010460833143322,2.953910951611478,3.309952563745738,4.436369673989896,-2.1041928291584004,9.0837766082304,9.0837766082304,11.1879694373888,0.4120428761520216,-1.8198948171778375,2.047569809497144,125000,0.0019999840000000002,31249999.999999996
Device 5,Device 5/Device5  1.mat,101,12/24/2008 12:51:49 PM.369751453,3312996709.0,1.6e-08,62499999.99999999,4.7310589150085,8.078355536037451,9.361770485538958,-12.244992128000007,25.255010175999985,25.255010175999985,37.50000230399999,0.3939577514829781,-1.7979266431281091,2.697674570746118,2.9624844805775368,3.9391203725528166,4.928791292712991,-0.8600001279999998,8.514998912000001,8.514998912000001,9.37499904,0.4048999587387916,-1.822304890448477,1.7276038700581755,5.353193752684135,0.6985799202086594,5.3985828935652345,4.4379998464,6.4067496448,6.4067496448,1.9687497983999993,-0.4075444549712292,-1.827686638417292,1.1867465538848048,2.883427588530981,3.196014538154285,4.3044934180917425,-2.1041928291584004,9.0837766082304,9.0837766082304,11.1879694373888,0.4092482912379043,-1.822072930044808,2.1103009636514667,125000,0.0019999840000000002,31249999.999999996
Device 5,Device 5/Device5  1.mat,102,12/24/2008 12:52:22 PM.710751056,3312996742.0,1.6e-08,62499999.99999999,4.8052214195650444,8.056376548215976,9.380583989160327,-12.244992128000007,25.255010175999985,25.255010175999985,37.50000230399999,0.39444404902388686,-1.7965626373275156,2.6922641708856556,2.3972595384565767,3.219441505476982,4.013932847209696,-0.8600001279999998,7.264999040000001,7.264999040000001,8.124999168,0.40703186506237593,-1.8136659879954056,1.8099453370402794,5.450834742685697,0.582945314805583,5.481917970211085,4.656749824,6.500499635200001,6.500499635200001,1.8437498112000004,-0.4111984761052272,-1.8207369945104201,1.1858075349766124,2.435658876020073,2.664010982685115,3.6096244508538935,-1.6820053032191984,8.450495319321602,8.450495319321602,10.1325006225408,0.4165651432746285,-1.8080149478631957,2.3411009744580356,125000,0.0019999840000000002,31249999.999999996
Device 5,Device 5/Device5  1.mat,103,12/24/2008 12:52:44 PM.985751152,3312996764.0,1.6e-08,62499999.99999999,4.750046416175094,8.08231439977636,9.374793171726518,-12.244992128000007,22.130009983999997,22.130009983999997,34.375002112000004,0.39411558075149766,-1.798068722977574,2.3605864768027094,6.237339145232385,8.0063601816836,10.14919715896272,-0.8600001279999998,16.63999808,16.63999808,17.499998208,0.4078005583175965,-1.820600535224464,1.6395383614461838,2.9212542517147653,0.13925641573329312,2.924571550241928,2.469250048,3.1879999744000003,3.1879999744000003,0.7187499264000001,-0.3987232374424054,-1.7644833950050367,1.090074193649419,0.7878035447758474,0.6698670545830986,1.0340968503855077,-2.5263803550976,4.650807585868801,4.650807585868801,7.177187940966401,0.39194905800171764,-1.6951443054127162,4.49745841903976,125000,0.0019999840000000002,31249999.999999996
Device 5,Device 5/Device5  1.mat,104,12/24/2008 12:52:44 PM.985751152,3312996764.0,1.6e-08,62499999.99999999,4.750046416175094,8.08231439977636,9.374793171726518,-12.244992128000007,22.130009983999997,22.130009983999997,34.375002112000004,0.39411558075149766,-1.798068722977574,2.3605864768027094,6.237339145232385,8.0063601816836,10.14919715896272,-0.8600001279999998,16.63999808,16.63999808,17.499998208,0.4078005583175965,-1.820600535224464,1.6395383614461838,2.9212542517147653,0.13925641573329312,2.924571550241928,2.469250048,3.1879999744000003,3.1879999744000003,0.7187499264000001,-0.3987232374424054,-1.7644833950050367,1.090074193649419,0.7878035447758474,0.6698670545830986,1.0340968503855077,-2.5263803550976,4.650807585868801,4.650807585868801,7.177187940966401,0.39194905800171764,-1.6951443054127162,4.49745841903976,125000,0.0019999840000000002,31249999.999999996
Device 5,Device 5/Device5  1.mat,105,12/24/2008 12:52:44 PM.985751152,3312996764.0,1.6e-08,62499999.99999999,4.750046416175094,8.08231439977636,9.374793171726518,-12.244992128000007,22.130009983999997,22.130009983999997,34.375002112000004,0.39411558075149766,-1.798068722977574,2.3605864768027094,6.237339145232385,8.0063601816836,10.14919715896272,-0.8600001279999998,16.63999808,16.63999808,17.499998208,0.4078005583175965,-1.820600535224464,1.6395383614461838,2.9212542517147653,0.13925641573329312,2.924571550241928,2.469250048,3.1879999744000003,3.1879999744000003,0.7187499264000001,-0.3987232374424054,-1.7644833950050367,1.090074193649419,0.7878035447758474,0.6698670545830986,1.0340968503855077,-2.5263803550976,4.650807585868801,4.650807585868801,7.177187940966401,0.39194905800171764,-1.6951443054127162,4.49745841903976,125000,0.0019999840000000002,31249999.999999996
Device 5,Device 5/Device5check  1.mat,0,12/24/2008 4:11:48 PM.250341892,3313008708.0,8e-09,124999999.99999999,4.697404491085772,5.911621509252823,7.550687241671015,-3.9374991871999994,11.9374991872,11.9374991872,15.8749983744,0.4081383489688764,-1.8333252112136422,1.5809818106779585,4.680794055286682,5.925332110366905,7.5511186989844274,-0.21874956799999978,11.9374991872,11.9374991872,12.1562487552,0.4061572286996359,-1.833223513006884,1.58089147622663,2.5945425253399423,0.04714706870723288,2.5949708595444867,2.1166991952,2.8076172064,2.8076172064,0.6909180112,-0.44375593669372576,-0.8561917466107949,1.0819455625381629,0.3841259932082376,0.22406783061049787,0.44470121584352534,-1.6907140178239999,2.6937035317439997,2.6937035317439997,4.384417549567999,0.3986149471162855,-1.339874112866228,6.05733340898222,125000,0.0009999920000000001,62499999.99999999
Device 5,Device 5/Device5check  1.mat,1,12/24/2008 4:12:12 PM.584342002,3313008732.0,4e-09,249999999.99999997,7.268268969840644,8.037650149049199,10.836584043713177,-2.2450050559999966,25.254992128000005,25.254992128000005,27.499997184,0.0014276089674789703,-1.990116088713033,2.3305307305443397,7.810021490333698,8.255481852866685,11.364392473972613,-1.1125000959999998,16.69999808,16.69999808,17.812498176,0.008753299671304332,-1.994988849264367,1.4695020537391066,2.4516178082311373,0.011523041686835604,2.4516448882588526,2.3601250176,2.51950000128,2.51950000128,0.1593749836799998,-0.09880935860667522,-1.2837003190365732,1.0276773823754457,0.19821206834172875,0.1576157717047122,0.2532405092523274,-2.1514776735232006,1.8593038228991987,2.1514776735232006,4.0107814964224,0.44053703863774535,2.438953018767773,8.495787975925607,125000,0.0004999960000000001,124999999.99999999
